[Licensing::Module] Trying to connect to existing licensing client channel...
Built from '6000.0/staging' branch; Version is '6000.0.54f1 (4c506e5b5cc5) revision 5001326'; Using compiler version '193933523'; Build Type 'Release'
OS: 'Windows 11  (10.0.26200) 64bit Professional' Language: 'tr' Physical Memory: 65329 MB
BatchMode: 1, IsHumanControllingUs: 0, StartBugReporterOnCrash: 0, Is64bit: 1
Date: 2026-09-24T19:50:55Z
[Licensing::IpcConnector] Successfully connected to: "LicenseClient-Kilinc" at "2026-09-24T19:50:55.2421155Z"

COMMAND LINE ARGUMENTS:
D:\Unity\Hub\Editor\6000.0.54f1\Editor\Unity.exe
-batchmode
-projectPath
C:\Users\Kilinc\islandlasthope
-executeMethod
AutoSetup.Setup
-quit
-logFile
C:\Users\Kilinc\islandlasthope\setup.log
-nographics
Successfully changed project path to: C:\Users\Kilinc\islandlasthope
C:/Users/Kilinc/islandlasthope
[UnityMemory] Configuration Parameters - Can be set up in boot.config
    "memorysetup-bucket-allocator-granularity=16"
    "memorysetup-bucket-allocator-bucket-count=8"
    "memorysetup-bucket-allocator-block-size=33554432"
    "memorysetup-bucket-allocator-block-count=8"
    "memorysetup-main-allocator-block-size=16777216"
    "memorysetup-thread-allocator-block-size=16777216"
    "memorysetup-gfx-main-allocator-block-size=16777216"
    "memorysetup-gfx-thread-allocator-block-size=16777216"
    "memorysetup-cache-allocator-block-size=4194304"
    "memorysetup-typetree-allocator-block-size=2097152"
    "memorysetup-profiler-bucket-allocator-granularity=16"
    "memorysetup-profiler-bucket-allocator-bucket-count=8"
    "memorysetup-profiler-bucket-allocator-block-size=33554432"
    "memorysetup-profiler-bucket-allocator-block-count=8"
    "memorysetup-profiler-allocator-block-size=16777216"
    "memorysetup-profiler-editor-allocator-block-size=1048576"
    "memorysetup-temp-allocator-size-main=16777216"
    "memorysetup-job-temp-allocator-block-size=2097152"
    "memorysetup-job-temp-allocator-block-size-background=1048576"
    "memorysetup-job-temp-allocator-reduction-small-platforms=262144"
    "memorysetup-allocator-temp-initial-block-size-main=262144"
    "memorysetup-allocator-temp-initial-block-size-worker=262144"
    "memorysetup-temp-allocator-size-background-worker=32768"
    "memorysetup-temp-allocator-size-job-worker=262144"
    "memorysetup-temp-allocator-size-preload-manager=33554432"
    "memorysetup-temp-allocator-size-nav-mesh-worker=65536"
    "memorysetup-temp-allocator-size-audio-worker=65536"
    "memorysetup-temp-allocator-size-cloud-worker=32768"
    "memorysetup-temp-allocator-size-gi-baking-worker=262144"
    "memorysetup-temp-allocator-size-gi-baking-worker=262144"
    "memorysetup-temp-allocator-size-gi-baking-worker=262144"
    "memorysetup-temp-allocator-size-gi-baking-worker=262144"
    "memorysetup-temp-allocator-size-gi-baking-worker=262144"
    "memorysetup-temp-allocator-size-gfx=262144"
Player connection [13396]  Target information:

Player connection [13396]  * "[IP] 192.168.56.1 [Port] 55504 [Flags] 2 [Guid] 1401345997 [EditorId] 1401345997 [Version] 1048832 [Id] WindowsEditor(7,DESKTOP-U5FIH9A) [Debug] 1 [PackageName] WindowsEditor [ProjectName] Editor" 

Player connection [13396]  * "[IP] 192.168.56.2 [Port] 55504 [Flags] 2 [Guid] 1401345997 [EditorId] 1401345997 [Version] 1048832 [Id] WindowsEditor(7,DESKTOP-U5FIH9A) [Debug] 1 [PackageName] WindowsEditor [ProjectName] Editor" 

Player connection [13396]  * "[IP] 192.168.32.1 [Port] 55504 [Flags] 2 [Guid] 1401345997 [EditorId] 1401345997 [Version] 1048832 [Id] WindowsEditor(7,DESKTOP-U5FIH9A) [Debug] 1 [PackageName] WindowsEditor [ProjectName] Editor" 

Player connection [13396]  * "[IP] 192.168.1.108 [Port] 55504 [Flags] 2 [Guid] 1401345997 [EditorId] 1401345997 [Version] 1048832 [Id] WindowsEditor(7,DESKTOP-U5FIH9A) [Debug] 1 [PackageName] WindowsEditor [ProjectName] Editor" 

Player connection [13396] Host joined multi-casting on [225.0.0.222:54997]...
Player connection [13396] Host joined alternative multi-casting on [225.0.0.222:34997]...
Input System module state changed to: Initialized.
[Physics::Module] Initialized fallback backend.
[Physics::Module] Id: 0xdecafbad
[Licensing::Client] Code 10 while verifying Licensing Client signature (process Id: 21816, path: "C:/Program Files/Unity Hub/UnityLicensingClient_V1/Unity.Licensing.Client.exe")
[Licensing::Module] LicensingClient has failed validation; ignoring
[Licensing::Client] Handshaking with LicensingClient:
  Version:                 1.18.3+d7ffd15
  Session Id:              4284e3bbd74e4e3fb026c26c089efe11
  Correlation Id:          31da2a51c3088fd9507628f0d26d564e
  External correlation Id: 4333821168743155719
  Machine Id:              /SuuZk2RidFZEKcoRVR1kiwcwdU=
[Licensing::Module] Successfully connected to LicensingClient on channel: "LicenseClient-Kilinc" (connect: 0.00s, validation: 0.00s, handshake: 0.07s)
[Licensing::IpcConnector] Successfully connected to: "LicenseClient-Kilinc-notifications" at "2026-09-24T19:50:55.3188619Z"
[Licensing::Module] Error: Access token is unavailable; failed to update
[Licensing::Client] Successfully resolved entitlement details
[Licensing::Module] License group:
  Id: 18968509182706-UnityPersXXXX
  Product: Unity Personal
  Type: Assigned
  Expiration: Unlimited
[Licensing::Client] Successfully updated license, isAsync: True, time: 0.00
[Licensing::Client] Successfully resolved entitlement details
[Licensing::Module] Licensing Background thread has ended after 0.09s
[Package Manager] Connected to IPC stream "Upm-10812" after 0.4 seconds.
Library Redirect Path: Library/
Rebuilding Library because the asset database could not be found!
[Physics::Module] Selected backend.
[Physics::Module] Name: PhysX
[Physics::Module] Id: 0xf2b8ea05
[Physics::Module] SDK Version: 4.1.2
[Physics::Module] Integration Version: 1.0.0
[Physics::Module] Threading Mode: Multi-Threaded
Refreshing native plugins compatible for Editor in 0.00 ms, found 0 plugins.
Preloading 0 native plugins for Editor in 0.00 ms.
Initialize engine version: 6000.0.54f1 (4c506e5b5cc5)
[Subsystems] Discovering subsystems at path D:/Unity/Hub/Editor/6000.0.54f1/Editor/Data/Resources/UnitySubsystems
[Subsystems] Discovering subsystems at path C:/Users/Kilinc/islandlasthope/Assets
Forcing GfxDevice: Null
GfxDevice: creating device client; kGfxThreadingModeNonThreaded
NullGfxDevice:
    Version:  NULL 1.0 [1.0]
    Renderer: Null Device
    Vendor:   Unity Technologies
Initialize mono
Mono path[0] = 'D:/Unity/Hub/Editor/6000.0.54f1/Editor/Data/Managed'
Mono path[1] = 'D:/Unity/Hub/Editor/6000.0.54f1/Editor/Data/MonoBleedingEdge/lib/mono/unityjit-win32'
Mono config path = 'D:/Unity/Hub/Editor/6000.0.54f1/Editor/Data/MonoBleedingEdge/etc'
Using monoOptions --debugger-agent=transport=dt_socket,embedding=1,server=y,suspend=n,address=127.0.0.1:56812
Using cacheserver namespaces - metadata:defaultmetadata, artifacts:defaultartifacts
Using cacheserver namespaces - metadata:defaultmetadata, artifacts:defaultartifacts
ImportWorker Server TCP listen port: 0
AcceleratorClientConnectionCallback - disconnected - :0
Begin MonoManager ReloadAssembly
Registering precompiled unity dll's ...
Register platform support module: D:/Unity/Hub/Editor/6000.0.54f1/Editor/Data/PlaybackEngines/WindowsStandaloneSupport/UnityEditor.WindowsStandalone.Extensions.dll
Registered in 0.002518 seconds.
- Loaded All Assemblies, in  0.417 seconds
Native extension for WindowsStandalone target not found
Mono: successfully reloaded assembly
- Finished resetting the current domain, in  0.384 seconds
Domain Reload Profiling: 801ms
	BeginReloadAssembly (143ms)
		ExecutionOrderSort (0ms)
		DisableScriptedObjects (0ms)
		BackupInstance (0ms)
		ReleaseScriptingObjects (0ms)
		CreateAndSetChildDomain (1ms)
	RebuildCommonClasses (42ms)
	RebuildNativeTypeToScriptingClass (14ms)
	initialDomainReloadingComplete (47ms)
	LoadAllAssembliesAndSetupDomain (171ms)
		LoadAssemblies (142ms)
		RebuildTransferFunctionScriptingTraits (0ms)
		AnalyzeDomain (168ms)
			TypeCache.Refresh (167ms)
				TypeCache.ScanAssembly (152ms)
			BuildScriptInfoCaches (0ms)
			ResolveRequiredComponents (1ms)
	FinalizeReload (385ms)
		ReleaseScriptCaches (0ms)
		RebuildScriptCaches (0ms)
		SetupLoadedEditorAssemblies (341ms)
			LogAssemblyErrors (0ms)
			InitializePlatformSupportModulesInManaged (22ms)
			SetLoadedEditorAssemblies (5ms)
			BeforeProcessingInitializeOnLoad (65ms)
			ProcessInitializeOnLoadAttributes (173ms)
			ProcessInitializeOnLoadMethodAttributes (76ms)
			AfterProcessingInitializeOnLoad (0ms)
			EditorAssembliesLoaded (0ms)
		ExecutionOrderSort2 (0ms)
		AwakeInstancesAfterBackupRestoration (0ms)
[Licensing::Client] Successfully resolved entitlement details
Application.AssetDatabase Initial Refresh Start
Package Manager log level set to [2]
[Package Manager] Done resolving packages in 48.89 seconds
[Licensing::Client] Successfully resolved entitlement details
[Package Manager] Registered 28 packages:
  Packages from [https://packages.unity.com]:
    com.unity.inputsystem@1.11.0 (location: C:\Users\Kilinc\islandlasthope\Library\PackageCache\com.unity.inputsystem@5a52a5d2c2ed)
    com.unity.ai.navigation@2.0.5 (location: C:\Users\Kilinc\islandlasthope\Library\PackageCache\com.unity.ai.navigation@9f76b145f0a8)
    com.unity.cinemachine@3.1.3 (location: C:\Users\Kilinc\islandlasthope\Library\PackageCache\com.unity.cinemachine@624f919d8cdd)
    com.unity.splines@2.8.1 (location: C:\Users\Kilinc\islandlasthope\Library\PackageCache\com.unity.splines@b909627b5095)
    com.unity.mathematics@1.3.2 (location: C:\Users\Kilinc\islandlasthope\Library\PackageCache\com.unity.mathematics@8017b507cc74)
    com.unity.settings-manager@2.1.0 (location: C:\Users\Kilinc\islandlasthope\Library\PackageCache\com.unity.settings-manager@41738c275190)
    com.unity.searcher@4.9.3 (location: C:\Users\Kilinc\islandlasthope\Library\PackageCache\com.unity.searcher@1e17ce91558d)
    com.unity.burst@1.8.23 (location: C:\Users\Kilinc\islandlasthope\Library\PackageCache\com.unity.burst@6aff1dd08a0c)
    com.unity.collections@2.5.1 (location: C:\Users\Kilinc\islandlasthope\Library\PackageCache\com.unity.collections@56bff8827a7e)
    com.unity.nuget.mono-cecil@1.11.4 (location: C:\Users\Kilinc\islandlasthope\Library\PackageCache\com.unity.nuget.mono-cecil@d6f9955a5d5f)
    com.unity.test-framework.performance@3.1.0 (location: C:\Users\Kilinc\islandlasthope\Library\PackageCache\com.unity.test-framework.performance@92d1d09a72ed)
  Built-in packages:
    com.unity.render-pipelines.universal@17.0.4 (location: C:\Users\Kilinc\islandlasthope\Library\PackageCache\com.unity.render-pipelines.universal@8a6413315f5b)
    com.unity.textmeshpro@5.0.0 (location: C:\Users\Kilinc\islandlasthope\Library\PackageCache\com.unity.textmeshpro@53f43edfd2e0)
    com.unity.ugui@2.0.0 (location: C:\Users\Kilinc\islandlasthope\Library\PackageCache\com.unity.ugui@529b01454a55)
    com.unity.modules.imgui@1.0.0 (location: D:\Unity\Hub\Editor\6000.0.54f1\Editor\Data\Resources\PackageManager\BuiltInPackages\com.unity.modules.imgui)
    com.unity.modules.ai@1.0.0 (location: D:\Unity\Hub\Editor\6000.0.54f1\Editor\Data\Resources\PackageManager\BuiltInPackages\com.unity.modules.ai)
    com.unity.modules.uielements@1.0.0 (location: D:\Unity\Hub\Editor\6000.0.54f1\Editor\Data\Resources\PackageManager\BuiltInPackages\com.unity.modules.uielements)
    com.unity.render-pipelines.core@17.0.4 (location: C:\Users\Kilinc\islandlasthope\Library\PackageCache\com.unity.render-pipelines.core@49e016681e2a)
    com.unity.shadergraph@17.0.4 (location: C:\Users\Kilinc\islandlasthope\Library\PackageCache\com.unity.shadergraph@8939c506bcb4)
    com.unity.render-pipelines.universal-config@17.0.3 (location: C:\Users\Kilinc\islandlasthope\Library\PackageCache\com.unity.render-pipelines.universal-config@dd206bf35d04)
    com.unity.modules.ui@1.0.0 (location: D:\Unity\Hub\Editor\6000.0.54f1\Editor\Data\Resources\PackageManager\BuiltInPackages\com.unity.modules.ui)
    com.unity.modules.jsonserialize@1.0.0 (location: D:\Unity\Hub\Editor\6000.0.54f1\Editor\Data\Resources\PackageManager\BuiltInPackages\com.unity.modules.jsonserialize)
    com.unity.modules.hierarchycore@1.0.0 (location: D:\Unity\Hub\Editor\6000.0.54f1\Editor\Data\Resources\PackageManager\BuiltInPackages\com.unity.modules.hierarchycore)
    com.unity.modules.physics@1.0.0 (location: D:\Unity\Hub\Editor\6000.0.54f1\Editor\Data\Resources\PackageManager\BuiltInPackages\com.unity.modules.physics)
    com.unity.modules.terrain@1.0.0 (location: D:\Unity\Hub\Editor\6000.0.54f1\Editor\Data\Resources\PackageManager\BuiltInPackages\com.unity.modules.terrain)
    com.unity.rendering.light-transport@1.0.1 (location: C:\Users\Kilinc\islandlasthope\Library\PackageCache\com.unity.rendering.light-transport@9bd588f963c0)
    com.unity.test-framework@1.5.1 (location: C:\Users\Kilinc\islandlasthope\Library\PackageCache\com.unity.test-framework@dfdbd02f5918)
    com.unity.ext.nunit@2.0.5 (location: C:\Users\Kilinc\islandlasthope\Library\PackageCache\com.unity.ext.nunit@031a54704bff)
[Package Manager] com.unity.textmeshpro is deprecated: This package is no longer supported. TextMeshPro functionalities are now included in the com.unity.ugui package. To continue using them, consider adding it to your project dependencies.
[Subsystems] No new subsystems found in resolved package list.
[Package Manager] Done registering packages in 0.00 seconds
Assembly reference Packages/com.unity.cinemachine/Editor/Samples/ExposeHDRPInternals/HDRP-Editor-ref.asmref has no target assembly definition
Assembly reference Packages/com.unity.cinemachine/Editor/Samples/ExposeHDRPInternals/HDRP-Editor-ref.asmref has no target assembly definition
[API Updater] Processing imported assemblies took 64 ms (0/0 assembly(ies)).
Assembly Updater Post Process Assets time: 0.067345s
[ScriptCompilation] Requested script compilation because: Assembly Definition File(s) changed
[ScriptCompilation] Requested script compilation because: Assetdatabase observed changes in script compilation related files
info: Microsoft.Hosting.Lifetime[14]
      Now listening on: http://localhost:80
info: Microsoft.Hosting.Lifetime[0]
      Application started. Press Ctrl+C to shut down.
info: Microsoft.Hosting.Lifetime[0]
      Hosting environment: Production
info: Microsoft.Hosting.Lifetime[0]
      Content root path: C:\Users\Kilinc\islandlasthope\
info: Microsoft.AspNetCore.Hosting.Diagnostics[1]
      Request starting HTTP/2 POST http://ilpp/UnityILPP.PostProcessing/Ping application/grpc -
info: Microsoft.AspNetCore.Routing.EndpointMiddleware[0]
      Executing endpoint 'gRPC - /UnityILPP.PostProcessing/Ping'
info: Microsoft.AspNetCore.Routing.EndpointMiddleware[1]
      Executed endpoint 'gRPC - /UnityILPP.PostProcessing/Ping'
info: Microsoft.AspNetCore.Hosting.Diagnostics[2]
      Request finished HTTP/2 POST http://ilpp/UnityILPP.PostProcessing/Ping application/grpc - - 200 - application/grpc 40.0798ms
Starting: D:\Unity\Hub\Editor\6000.0.54f1\Editor\Data\bee_backend.exe --ipc --defer-dag-verification --dagfile="Library/Bee/1900b0aE.dag" --continue-on-failure --profile="Library/Bee/backend1.traceevents" ScriptAssemblies
WorkingDir: C:/Users/Kilinc/islandlasthope
ExitCode: 4 Duration: 0s42ms
[             ] Require frontend run.  Library/Bee/1900b0aE.dag couldn't be loaded
DisplayProgressbar: Compiling Scripts
Starting: D:\Unity\Hub\Editor\6000.0.54f1\Editor\Data\Tools\netcorerun\netcorerun.exe "D:\Unity\Hub\Editor\6000.0.54f1\Editor\Data\Tools\BuildPipeline\ScriptCompilationBuildProgram.exe" "Library/Bee/1900b0aE.dag.json" "Library/Bee/1900b0aE-inputdata.json" "Library\Bee\buildprogram0.traceevents"
WorkingDir: C:/Users/Kilinc/islandlasthope
ExitCode: 0 Duration: 0s557ms
Starting: D:\Unity\Hub\Editor\6000.0.54f1\Editor\Data\bee_backend.exe --ipc --defer-dag-verification --dagfile="Library/Bee/1900b0aE.dag" --continue-on-failure --dagfilejson="Library\Bee\1900b0aE.dag.json" --profile="Library/Bee/backend2.traceevents" ScriptAssemblies
WorkingDir: C:/Users/Kilinc/islandlasthope
info: Microsoft.AspNetCore.Hosting.Diagnostics[1]
      Request starting HTTP/2 POST http://ilpp/UnityILPP.PostProcessing/ConfigurePostProcessors application/grpc -
info: Microsoft.AspNetCore.Routing.EndpointMiddleware[0]
      Executing endpoint 'gRPC - /UnityILPP.PostProcessing/ConfigurePostProcessors'
warn: Unity.ILPP.Runner.PostProcessingAssemblyLoadContext[0]
      Assembly system.runtime.interopservices.windowsruntime has duplicate hint path. Ignoring "D:\Unity\Hub\Editor\6000.0.54f1\Editor\Data\UnityReferenceAssemblies\unity-4.8-api\Facades\System.Runtime.InteropServices.WindowsRuntime.dll" in favor of "D:\Unity\Hub\Editor\6000.0.54f1\Editor\Data\NetStandard\Extensions\2.0.0\System.Runtime.InteropServices.WindowsRuntime.dll"
warn: Unity.ILPP.Runner.PostProcessingAssemblyLoadContext[0]
      Assembly system.componentmodel.composition has duplicate hint path. Ignoring "D:\Unity\Hub\Editor\6000.0.54f1\Editor\Data\UnityReferenceAssemblies\unity-4.8-api\System.ComponentModel.Composition.dll" in favor of "D:\Unity\Hub\Editor\6000.0.54f1\Editor\Data\NetStandard\compat\2.1.0\shims\netfx\System.ComponentModel.Composition.dll"
info: Unity.ILPP.Runner.PostProcessingAssemblyLoadContext[0]
      Resolved Unity.Burst.Cecil, Version=0.11.4.0, Culture=neutral, PublicKeyToken=50cebf1cceb9d05e with Library\PackageCache\com.unity.burst@6aff1dd08a0c\Unity.Burst.CodeGen\Unity.Burst.Cecil.dll
info: Unity.ILPP.Runner.PostProcessingAssemblyLoadContext[0]
      Resolved Mono.Cecil, Version=0.11.4.0, Culture=neutral, PublicKeyToken=50cebf1cceb9d05e with Library\PackageCache\com.unity.nuget.mono-cecil@d6f9955a5d5f\Mono.Cecil.dll
info: Microsoft.AspNetCore.Routing.EndpointMiddleware[1]
      Executed endpoint 'gRPC - /UnityILPP.PostProcessing/ConfigurePostProcessors'
info: Microsoft.AspNetCore.Hosting.Diagnostics[2]
      Request finished HTTP/2 POST http://ilpp/UnityILPP.PostProcessing/ConfigurePostProcessors application/grpc - - 200 - application/grpc 52.4840ms
info: Microsoft.AspNetCore.Hosting.Diagnostics[1]
      Request starting HTTP/2 POST http://ilpp/UnityILPP.PostProcessing/PostProcessAssembly application/grpc -
info: Microsoft.AspNetCore.Hosting.Diagnostics[1]
      Request starting HTTP/2 POST http://ilpp/UnityILPP.PostProcessing/PostProcessAssembly application/grpc -
info: Microsoft.AspNetCore.Routing.EndpointMiddleware[0]
      Executing endpoint 'gRPC - /UnityILPP.PostProcessing/PostProcessAssembly'
info: Microsoft.AspNetCore.Routing.EndpointMiddleware[0]
      Executing endpoint 'gRPC - /UnityILPP.PostProcessing/PostProcessAssembly'
info: Microsoft.AspNetCore.Hosting.Diagnostics[1]
      Request starting HTTP/2 POST http://ilpp/UnityILPP.PostProcessing/PostProcessAssembly application/grpc -
info: Microsoft.AspNetCore.Routing.EndpointMiddleware[0]
      Executing endpoint 'gRPC - /UnityILPP.PostProcessing/PostProcessAssembly'
info: Microsoft.AspNetCore.Hosting.Diagnostics[1]
      Request starting HTTP/2 POST http://ilpp/UnityILPP.PostProcessing/PostProcessAssembly application/grpc -
info: Microsoft.AspNetCore.Routing.EndpointMiddleware[0]
      Executing endpoint 'gRPC - /UnityILPP.PostProcessing/PostProcessAssembly'
info: Microsoft.AspNetCore.Hosting.Diagnostics[1]
      Request starting HTTP/2 POST http://ilpp/UnityILPP.PostProcessing/PostProcessAssembly application/grpc -
info: Microsoft.AspNetCore.Routing.EndpointMiddleware[0]
      Executing endpoint 'gRPC - /UnityILPP.PostProcessing/PostProcessAssembly'
info: Microsoft.AspNetCore.Hosting.Diagnostics[1]
      Request starting HTTP/2 POST http://ilpp/UnityILPP.PostProcessing/PostProcessAssembly application/grpc -
info: Microsoft.AspNetCore.Routing.EndpointMiddleware[0]
      Executing endpoint 'gRPC - /UnityILPP.PostProcessing/PostProcessAssembly'
info: Unity.ILPP.Runner.PostProcessingPipeline[0]
      Processing assembly Library/Bee/artifacts/1900b0aE.dag/UnityEngine.UI.dll, with 131 defines and 217 references
info: Unity.ILPP.Runner.PostProcessingPipeline[0]
      Processing assembly Library/Bee/artifacts/1900b0aE.dag/Unity.TextMeshPro.dll, with 129 defines and 219 references
info: Unity.ILPP.Runner.PostProcessingPipeline[0]
      Processing assembly Library/Bee/artifacts/1900b0aE.dag/Unity.Mathematics.dll, with 128 defines and 219 references
info: Unity.ILPP.Runner.PostProcessingPipeline[0]
      Processing assembly Library/Bee/artifacts/1900b0aE.dag/Unity.Rendering.LightTransport.Runtime.dll, with 128 defines and 222 references
info: Unity.ILPP.Runner.PostProcessingPipeline[0]
      Processing assembly Library/Bee/artifacts/1900b0aE.dag/Unity.Splines.dll, with 130 defines and 221 references
info: Unity.ILPP.Runner.PostProcessingPipeline[0]
      Processing assembly Library/Bee/artifacts/1900b0aE.dag/Unity.Collections.dll, with 130 defines and 221 references
info: Unity.ILPP.Runner.PostProcessingPipeline[0]
      processors: Unity.Jobs.CodeGen.JobsILPostProcessor, zzzUnity.Burst.CodeGen.BurstILPostProcessor
info: Unity.ILPP.Runner.PostProcessingPipeline[0]
      processors: Unity.Jobs.CodeGen.JobsILPostProcessor, zzzUnity.Burst.CodeGen.BurstILPostProcessor
info: Unity.ILPP.Runner.PostProcessingPipeline[0]
      processors: Unity.Jobs.CodeGen.JobsILPostProcessor, zzzUnity.Burst.CodeGen.BurstILPostProcessor
info: Unity.ILPP.Runner.PostProcessingPipeline[0]
      processors: Unity.Jobs.CodeGen.JobsILPostProcessor, zzzUnity.Burst.CodeGen.BurstILPostProcessor
info: Unity.ILPP.Runner.PostProcessingPipeline[0]
      processors: Unity.Jobs.CodeGen.JobsILPostProcessor, zzzUnity.Burst.CodeGen.BurstILPostProcessor
info: Unity.ILPP.Runner.PostProcessingPipeline[0]
      processors: Unity.Jobs.CodeGen.JobsILPostProcessor, zzzUnity.Burst.CodeGen.BurstILPostProcessor
info: Microsoft.AspNetCore.Hosting.Diagnostics[1]
      Request starting HTTP/2 POST http://ilpp/UnityILPP.PostProcessing/PostProcessAssembly application/grpc -
info: Microsoft.AspNetCore.Hosting.Diagnostics[1]
      Request starting HTTP/2 POST http://ilpp/UnityILPP.PostProcessing/PostProcessAssembly application/grpc -
info: Microsoft.AspNetCore.Routing.EndpointMiddleware[0]
      Executing endpoint 'gRPC - /UnityILPP.PostProcessing/PostProcessAssembly'
info: Microsoft.AspNetCore.Routing.EndpointMiddleware[0]
      Executing endpoint 'gRPC - /UnityILPP.PostProcessing/PostProcessAssembly'
info: Unity.ILPP.Runner.PostProcessingPipeline[0]
      Processing assembly Library/Bee/artifacts/1900b0aE.dag/Unity.PerformanceTesting.dll, with 129 defines and 216 references
info: Unity.ILPP.Runner.PostProcessingPipeline[0]
      Processing assembly Library/Bee/artifacts/1900b0aE.dag/Unity.AI.Navigation.dll, with 129 defines and 219 references
info: Unity.ILPP.Runner.PostProcessingPipeline[0]
      processors: Unity.Jobs.CodeGen.JobsILPostProcessor, zzzUnity.Burst.CodeGen.BurstILPostProcessor
info: Unity.ILPP.Runner.PostProcessingPipeline[0]
      processors: Unity.Jobs.CodeGen.JobsILPostProcessor, zzzUnity.Burst.CodeGen.BurstILPostProcessor
info: Unity.ILPP.Runner.PostProcessingPipeline[0]
      running Unity.Jobs.CodeGen.JobsILPostProcessor
info: Unity.ILPP.Runner.PostProcessingPipeline[0]
      running Unity.Jobs.CodeGen.JobsILPostProcessor
info: Unity.ILPP.Runner.PostProcessingPipeline[0]
      running Unity.Jobs.CodeGen.JobsILPostProcessor
info: Unity.ILPP.Runner.PostProcessingPipeline[0]
      running Unity.Jobs.CodeGen.JobsILPostProcessor
info: Unity.ILPP.Runner.PostProcessingPipeline[0]
      running Unity.Jobs.CodeGen.JobsILPostProcessor
info: Unity.ILPP.Runner.PostProcessingPipeline[0]
      running Unity.Jobs.CodeGen.JobsILPostProcessor
info: Unity.ILPP.Runner.PostProcessingPipeline[0]
      running zzzUnity.Burst.CodeGen.BurstILPostProcessor
info: Unity.ILPP.Runner.PostProcessingPipeline[0]
      running zzzUnity.Burst.CodeGen.BurstILPostProcessor
info: Unity.ILPP.Runner.PostProcessingPipeline[0]
      running zzzUnity.Burst.CodeGen.BurstILPostProcessor
info: Unity.ILPP.Runner.PostProcessingPipeline[0]
      running zzzUnity.Burst.CodeGen.BurstILPostProcessor
info: Unity.ILPP.Runner.PostProcessingPipeline[0]
      running Unity.Jobs.CodeGen.JobsILPostProcessor
info: Unity.ILPP.Runner.PostProcessingPipeline[0]
      running zzzUnity.Burst.CodeGen.BurstILPostProcessor
info: Unity.ILPP.Runner.PostProcessingAssemblyLoadContext[0]
      Resolved Unity.Collections, Version=0.0.0.0, Culture=neutral, PublicKeyToken=null with Library\Bee\artifacts\1900b0aE.dag\Unity.Collections.dll
info: Unity.ILPP.Runner.PostProcessingPipeline[0]
      running Unity.Jobs.CodeGen.JobsILPostProcessor
info: Unity.ILPP.Runner.PostProcessingPipeline[0]
      running zzzUnity.Burst.CodeGen.BurstILPostProcessor
info: Microsoft.AspNetCore.Routing.EndpointMiddleware[1]
      Executed endpoint 'gRPC - /UnityILPP.PostProcessing/PostProcessAssembly'
info: Microsoft.AspNetCore.Hosting.Diagnostics[2]
      Request finished HTTP/2 POST http://ilpp/UnityILPP.PostProcessing/PostProcessAssembly application/grpc - - 200 - application/grpc 21.5049ms
info: Microsoft.AspNetCore.Hosting.Diagnostics[1]
      Request starting HTTP/2 POST http://ilpp/UnityILPP.PostProcessing/PostProcessAssembly application/grpc -
info: Microsoft.AspNetCore.Routing.EndpointMiddleware[0]
      Executing endpoint 'gRPC - /UnityILPP.PostProcessing/PostProcessAssembly'
info: Microsoft.AspNetCore.Routing.EndpointMiddleware[1]
      Executed endpoint 'gRPC - /UnityILPP.PostProcessing/PostProcessAssembly'
info: Microsoft.AspNetCore.Hosting.Diagnostics[2]
      Request finished HTTP/2 POST http://ilpp/UnityILPP.PostProcessing/PostProcessAssembly application/grpc - - 200 - application/grpc 55.5965ms
info: Unity.ILPP.Runner.PostProcessingPipeline[0]
      Processing assembly Library/Bee/artifacts/1900b0aE.dag/Unity.InputSystem.dll, with 136 defines and 219 references
info: Unity.ILPP.Runner.PostProcessingPipeline[0]
      processors: Unity.Jobs.CodeGen.JobsILPostProcessor, zzzUnity.Burst.CodeGen.BurstILPostProcessor
info: Microsoft.AspNetCore.Hosting.Diagnostics[1]
      Request starting HTTP/2 POST http://ilpp/UnityILPP.PostProcessing/PostProcessAssembly application/grpc -
info: Microsoft.AspNetCore.Routing.EndpointMiddleware[0]
      Executing endpoint 'gRPC - /UnityILPP.PostProcessing/PostProcessAssembly'
info: Unity.ILPP.Runner.PostProcessingPipeline[0]
      Processing assembly Library/Bee/artifacts/1900b0aE.dag/Unity.RenderPipeline.Universal.ShaderLibrary.dll, with 128 defines and 220 references
info: Unity.ILPP.Runner.PostProcessingPipeline[0]
      processors: Unity.Jobs.CodeGen.JobsILPostProcessor, zzzUnity.Burst.CodeGen.BurstILPostProcessor
info: Microsoft.AspNetCore.Routing.EndpointMiddleware[1]
      Executed endpoint 'gRPC - /UnityILPP.PostProcessing/PostProcessAssembly'
info: Microsoft.AspNetCore.Hosting.Diagnostics[2]
      Request finished HTTP/2 POST http://ilpp/UnityILPP.PostProcessing/PostProcessAssembly application/grpc - - 200 - application/grpc 32.1635ms
info: Microsoft.AspNetCore.Routing.EndpointMiddleware[1]
      Executed endpoint 'gRPC - /UnityILPP.PostProcessing/PostProcessAssembly'
info: Microsoft.AspNetCore.Hosting.Diagnostics[2]
      Request finished HTTP/2 POST http://ilpp/UnityILPP.PostProcessing/PostProcessAssembly application/grpc - - 200 - application/grpc 61.5833ms
info: Unity.ILPP.Runner.PostProcessingPipeline[0]
      running Unity.Jobs.CodeGen.JobsILPostProcessor
info: Unity.ILPP.Runner.PostProcessingPipeline[0]
      running zzzUnity.Burst.CodeGen.BurstILPostProcessor
info: Microsoft.AspNetCore.Routing.EndpointMiddleware[1]
      Executed endpoint 'gRPC - /UnityILPP.PostProcessing/PostProcessAssembly'
info: Microsoft.AspNetCore.Hosting.Diagnostics[2]
      Request finished HTTP/2 POST http://ilpp/UnityILPP.PostProcessing/PostProcessAssembly application/grpc - - 200 - application/grpc 89.6539ms
info: Microsoft.AspNetCore.Routing.EndpointMiddleware[1]
      Executed endpoint 'gRPC - /UnityILPP.PostProcessing/PostProcessAssembly'
info: Microsoft.AspNetCore.Hosting.Diagnostics[2]
      Request finished HTTP/2 POST http://ilpp/UnityILPP.PostProcessing/PostProcessAssembly application/grpc - - 200 - application/grpc 96.1150ms
info: Unity.ILPP.Runner.PostProcessingPipeline[0]
      running Unity.Jobs.CodeGen.JobsILPostProcessor
info: Unity.ILPP.Runner.PostProcessingPipeline[0]
      running zzzUnity.Burst.CodeGen.BurstILPostProcessor
info: Microsoft.AspNetCore.Routing.EndpointMiddleware[1]
      Executed endpoint 'gRPC - /UnityILPP.PostProcessing/PostProcessAssembly'
info: Microsoft.AspNetCore.Hosting.Diagnostics[2]
      Request finished HTTP/2 POST http://ilpp/UnityILPP.PostProcessing/PostProcessAssembly application/grpc - - 200 - application/grpc 154.0026ms
info: Microsoft.AspNetCore.Hosting.Diagnostics[1]
      Request starting HTTP/2 POST http://ilpp/UnityILPP.PostProcessing/PostProcessAssembly application/grpc -
info: Microsoft.AspNetCore.Hosting.Diagnostics[1]
      Request starting HTTP/2 POST http://ilpp/UnityILPP.PostProcessing/PostProcessAssembly application/grpc -
info: Microsoft.AspNetCore.Routing.EndpointMiddleware[0]
      Executing endpoint 'gRPC - /UnityILPP.PostProcessing/PostProcessAssembly'
info: Unity.ILPP.Runner.PostProcessingPipeline[0]
      Processing assembly Library/Bee/artifacts/1900b0aE.dag/Unity.RenderPipelines.Core.Runtime.Shared.dll, with 128 defines and 220 references
info: Unity.ILPP.Runner.PostProcessingPipeline[0]
      processors: Unity.Jobs.CodeGen.JobsILPostProcessor, zzzUnity.Burst.CodeGen.BurstILPostProcessor
info: Microsoft.AspNetCore.Routing.EndpointMiddleware[0]
      Executing endpoint 'gRPC - /UnityILPP.PostProcessing/PostProcessAssembly'
info: Unity.ILPP.Runner.PostProcessingPipeline[0]
      Processing assembly Library/Bee/artifacts/1900b0aE.dag/Unity.RenderPipelines.Core.ShaderLibrary.dll, with 128 defines and 219 references
info: Unity.ILPP.Runner.PostProcessingPipeline[0]
      processors: Unity.Jobs.CodeGen.JobsILPostProcessor, zzzUnity.Burst.CodeGen.BurstILPostProcessor
info: Unity.ILPP.Runner.PostProcessingPipeline[0]
      running Unity.Jobs.CodeGen.JobsILPostProcessor
info: Unity.ILPP.Runner.PostProcessingPipeline[0]
      running zzzUnity.Burst.CodeGen.BurstILPostProcessor
info: Unity.ILPP.Runner.PostProcessingPipeline[0]
      running Unity.Jobs.CodeGen.JobsILPostProcessor
info: Unity.ILPP.Runner.PostProcessingPipeline[0]
      running zzzUnity.Burst.CodeGen.BurstILPostProcessor
info: Microsoft.AspNetCore.Hosting.Diagnostics[1]
      Request starting HTTP/2 POST http://ilpp/UnityILPP.PostProcessing/PostProcessAssembly application/grpc -
info: Microsoft.AspNetCore.Routing.EndpointMiddleware[0]
      Executing endpoint 'gRPC - /UnityILPP.PostProcessing/PostProcessAssembly'
info: Microsoft.AspNetCore.Routing.EndpointMiddleware[1]
      Executed endpoint 'gRPC - /UnityILPP.PostProcessing/PostProcessAssembly'
info: Microsoft.AspNetCore.Hosting.Diagnostics[2]
      Request finished HTTP/2 POST http://ilpp/UnityILPP.PostProcessing/PostProcessAssembly application/grpc - - 200 - application/grpc 20.4952ms
info: Microsoft.AspNetCore.Routing.EndpointMiddleware[1]
      Executed endpoint 'gRPC - /UnityILPP.PostProcessing/PostProcessAssembly'
info: Microsoft.AspNetCore.Hosting.Diagnostics[2]
      Request finished HTTP/2 POST http://ilpp/UnityILPP.PostProcessing/PostProcessAssembly application/grpc - - 200 - application/grpc 19.8470ms
info: Unity.ILPP.Runner.PostProcessingPipeline[0]
      Processing assembly Library/Bee/artifacts/1900b0aE.dag/Unity.RenderPipelines.Universal.Config.Runtime.dll, with 128 defines and 220 references
info: Unity.ILPP.Runner.PostProcessingPipeline[0]
      processors: Unity.Jobs.CodeGen.JobsILPostProcessor, zzzUnity.Burst.CodeGen.BurstILPostProcessor
info: Unity.ILPP.Runner.PostProcessingPipeline[0]
      running Unity.Jobs.CodeGen.JobsILPostProcessor
info: Unity.ILPP.Runner.PostProcessingPipeline[0]
      running zzzUnity.Burst.CodeGen.BurstILPostProcessor
info: Microsoft.AspNetCore.Routing.EndpointMiddleware[1]
      Executed endpoint 'gRPC - /UnityILPP.PostProcessing/PostProcessAssembly'
info: Microsoft.AspNetCore.Hosting.Diagnostics[2]
      Request finished HTTP/2 POST http://ilpp/UnityILPP.PostProcessing/PostProcessAssembly application/grpc - - 200 - application/grpc 39.6628ms
info: Microsoft.AspNetCore.Hosting.Diagnostics[1]
      Request starting HTTP/2 POST http://ilpp/UnityILPP.PostProcessing/PostProcessAssembly application/grpc -
info: Microsoft.AspNetCore.Routing.EndpointMiddleware[0]
      Executing endpoint 'gRPC - /UnityILPP.PostProcessing/PostProcessAssembly'
info: Unity.ILPP.Runner.PostProcessingPipeline[0]
      Processing assembly Library/Bee/artifacts/1900b0aE.dag/Unity.InputSystem.TestFramework.dll, with 129 defines and 218 references
info: Unity.ILPP.Runner.PostProcessingPipeline[0]
      processors: Unity.Jobs.CodeGen.JobsILPostProcessor, zzzUnity.Burst.CodeGen.BurstILPostProcessor
info: Unity.ILPP.Runner.PostProcessingPipeline[0]
      running Unity.Jobs.CodeGen.JobsILPostProcessor
info: Unity.ILPP.Runner.PostProcessingPipeline[0]
      running zzzUnity.Burst.CodeGen.BurstILPostProcessor
info: Microsoft.AspNetCore.Routing.EndpointMiddleware[1]
      Executed endpoint 'gRPC - /UnityILPP.PostProcessing/PostProcessAssembly'
info: Microsoft.AspNetCore.Hosting.Diagnostics[2]
      Request finished HTTP/2 POST http://ilpp/UnityILPP.PostProcessing/PostProcessAssembly application/grpc - - 200 - application/grpc 23.6037ms
info: Microsoft.AspNetCore.Hosting.Diagnostics[1]
      Request starting HTTP/2 POST http://ilpp/UnityILPP.PostProcessing/PostProcessAssembly application/grpc -
info: Microsoft.AspNetCore.Routing.EndpointMiddleware[0]
      Executing endpoint 'gRPC - /UnityILPP.PostProcessing/PostProcessAssembly'
info: Unity.ILPP.Runner.PostProcessingPipeline[0]
      Processing assembly Library/Bee/artifacts/1900b0aE.dag/Unity.RenderPipelines.ShaderGraph.ShaderGraphLibrary.dll, with 128 defines and 219 references
info: Unity.ILPP.Runner.PostProcessingPipeline[0]
      processors: Unity.Jobs.CodeGen.JobsILPostProcessor, zzzUnity.Burst.CodeGen.BurstILPostProcessor
info: Unity.ILPP.Runner.PostProcessingPipeline[0]
      running Unity.Jobs.CodeGen.JobsILPostProcessor
info: Unity.ILPP.Runner.PostProcessingPipeline[0]
      running zzzUnity.Burst.CodeGen.BurstILPostProcessor
info: Microsoft.AspNetCore.Routing.EndpointMiddleware[1]
      Executed endpoint 'gRPC - /UnityILPP.PostProcessing/PostProcessAssembly'
info: Microsoft.AspNetCore.Hosting.Diagnostics[2]
      Request finished HTTP/2 POST http://ilpp/UnityILPP.PostProcessing/PostProcessAssembly application/grpc - - 200 - application/grpc 19.4909ms
info: Microsoft.AspNetCore.Hosting.Diagnostics[1]
      Request starting HTTP/2 POST http://ilpp/UnityILPP.PostProcessing/PostProcessAssembly application/grpc -
info: Microsoft.AspNetCore.Routing.EndpointMiddleware[0]
      Executing endpoint 'gRPC - /UnityILPP.PostProcessing/PostProcessAssembly'
info: Unity.ILPP.Runner.PostProcessingPipeline[0]
      Processing assembly Library/Bee/artifacts/1900b0aE.dag/Unity.InputSystem.ForUI.dll, with 128 defines and 220 references
info: Unity.ILPP.Runner.PostProcessingPipeline[0]
      processors: Unity.Jobs.CodeGen.JobsILPostProcessor, zzzUnity.Burst.CodeGen.BurstILPostProcessor
info: Microsoft.AspNetCore.Hosting.Diagnostics[1]
      Request starting HTTP/2 POST http://ilpp/UnityILPP.PostProcessing/PostProcessAssembly application/grpc -
info: Unity.ILPP.Runner.PostProcessingPipeline[0]
      running Unity.Jobs.CodeGen.JobsILPostProcessor
info: Microsoft.AspNetCore.Routing.EndpointMiddleware[0]
      Executing endpoint 'gRPC - /UnityILPP.PostProcessing/PostProcessAssembly'
info: Unity.ILPP.Runner.PostProcessingPipeline[0]
      running zzzUnity.Burst.CodeGen.BurstILPostProcessor
info: Unity.ILPP.Runner.PostProcessingPipeline[0]
      Processing assembly Library/Bee/artifacts/1900b0aE.dag/Unity.RenderPipelines.GPUDriven.Runtime.dll, with 128 defines and 223 references
info: Unity.ILPP.Runner.PostProcessingPipeline[0]
      processors: Unity.Jobs.CodeGen.JobsILPostProcessor, zzzUnity.Burst.CodeGen.BurstILPostProcessor
info: Microsoft.AspNetCore.Hosting.Diagnostics[1]
      Request starting HTTP/2 POST http://ilpp/UnityILPP.PostProcessing/PostProcessAssembly application/grpc -
info: Microsoft.AspNetCore.Routing.EndpointMiddleware[0]
      Executing endpoint 'gRPC - /UnityILPP.PostProcessing/PostProcessAssembly'
info: Unity.ILPP.Runner.PostProcessingPipeline[0]
      running Unity.Jobs.CodeGen.JobsILPostProcessor
info: Microsoft.AspNetCore.Routing.EndpointMiddleware[1]
      Executed endpoint 'gRPC - /UnityILPP.PostProcessing/PostProcessAssembly'
info: Microsoft.AspNetCore.Hosting.Diagnostics[2]
      Request finished HTTP/2 POST http://ilpp/UnityILPP.PostProcessing/PostProcessAssembly application/grpc - - 200 - application/grpc 25.9159ms
info: Unity.ILPP.Runner.PostProcessingPipeline[0]
      Processing assembly Library/Bee/artifacts/1900b0aE.dag/Unity.Burst.dll, with 128 defines and 217 references
info: Unity.ILPP.Runner.PostProcessingPipeline[0]
      processors: Unity.Jobs.CodeGen.JobsILPostProcessor, zzzUnity.Burst.CodeGen.BurstILPostProcessor
info: Unity.ILPP.Runner.PostProcessingPipeline[0]
      running Unity.Jobs.CodeGen.JobsILPostProcessor
info: Unity.ILPP.Runner.PostProcessingPipeline[0]
      running zzzUnity.Burst.CodeGen.BurstILPostProcessor
info: Microsoft.AspNetCore.Hosting.Diagnostics[1]
      Request starting HTTP/2 POST http://ilpp/UnityILPP.PostProcessing/PostProcessAssembly application/grpc -
info: Microsoft.AspNetCore.Routing.EndpointMiddleware[0]
      Executing endpoint 'gRPC - /UnityILPP.PostProcessing/PostProcessAssembly'
info: Unity.ILPP.Runner.PostProcessingAssemblyLoadContext[0]
      Resolved Unity.Burst.Cecil.Rocks, Version=0.11.4.0, Culture=neutral, PublicKeyToken=50cebf1cceb9d05e with Library\PackageCache\com.unity.burst@6aff1dd08a0c\Unity.Burst.CodeGen\Unity.Burst.Cecil.Rocks.dll
info: Unity.ILPP.Runner.PostProcessingPipeline[0]
      Processing assembly Library/Bee/artifacts/1900b0aE.dag/Unity.RenderPipelines.Universal.Runtime.dll, with 130 defines and 226 references
info: Unity.ILPP.Runner.PostProcessingPipeline[0]
      processors: Unity.Jobs.CodeGen.JobsILPostProcessor, zzzUnity.Burst.CodeGen.BurstILPostProcessor
info: Unity.ILPP.Runner.PostProcessingPipeline[0]
      running Unity.Jobs.CodeGen.JobsILPostProcessor
info: Unity.ILPP.Runner.PostProcessingPipeline[0]
      running zzzUnity.Burst.CodeGen.BurstILPostProcessor
info: Microsoft.AspNetCore.Hosting.Diagnostics[1]
      Request starting HTTP/2 POST http://ilpp/UnityILPP.PostProcessing/PostProcessAssembly application/grpc -
info: Microsoft.AspNetCore.Routing.EndpointMiddleware[0]
      Executing endpoint 'gRPC - /UnityILPP.PostProcessing/PostProcessAssembly'
info: Unity.ILPP.Runner.PostProcessingPipeline[0]
      Processing assembly Library/Bee/artifacts/1900b0aE.dag/Unity.RenderPipelines.Universal.Shaders.dll, with 128 defines and 219 references
info: Unity.ILPP.Runner.PostProcessingPipeline[0]
      processors: Unity.Jobs.CodeGen.JobsILPostProcessor, zzzUnity.Burst.CodeGen.BurstILPostProcessor
info: Unity.ILPP.Runner.PostProcessingPipeline[0]
      running Unity.Jobs.CodeGen.JobsILPostProcessor
info: Unity.ILPP.Runner.PostProcessingPipeline[0]
      running zzzUnity.Burst.CodeGen.BurstILPostProcessor
info: Microsoft.AspNetCore.Routing.EndpointMiddleware[1]
      Executed endpoint 'gRPC - /UnityILPP.PostProcessing/PostProcessAssembly'
info: Microsoft.AspNetCore.Hosting.Diagnostics[2]
      Request finished HTTP/2 POST http://ilpp/UnityILPP.PostProcessing/PostProcessAssembly application/grpc - - 200 - application/grpc 11.8200ms
info: Microsoft.AspNetCore.Hosting.Diagnostics[1]
      Request starting HTTP/2 POST http://ilpp/UnityILPP.PostProcessing/PostProcessAssembly application/grpc -
info: Microsoft.AspNetCore.Routing.EndpointMiddleware[0]
      Executing endpoint 'gRPC - /UnityILPP.PostProcessing/PostProcessAssembly'
info: Unity.ILPP.Runner.PostProcessingPipeline[0]
      Processing assembly Library/Bee/artifacts/1900b0aE.dag/Unity.RenderPipelines.Core.Runtime.dll, with 129 defines and 223 references
info: Unity.ILPP.Runner.PostProcessingPipeline[0]
      processors: Unity.Jobs.CodeGen.JobsILPostProcessor, zzzUnity.Burst.CodeGen.BurstILPostProcessor
info: Microsoft.AspNetCore.Hosting.Diagnostics[1]
      Request starting HTTP/2 POST http://ilpp/UnityILPP.PostProcessing/PostProcessAssembly application/grpc -
info: Microsoft.AspNetCore.Routing.EndpointMiddleware[0]
      Executing endpoint 'gRPC - /UnityILPP.PostProcessing/PostProcessAssembly'
info: Unity.ILPP.Runner.PostProcessingPipeline[0]
      Processing assembly Library/Bee/artifacts/1900b0aE.dag/Unity.RenderPipelines.Universal.2D.Runtime.dll, with 128 defines and 224 references
info: Unity.ILPP.Runner.PostProcessingPipeline[0]
      processors: Unity.Jobs.CodeGen.JobsILPostProcessor, zzzUnity.Burst.CodeGen.BurstILPostProcessor
info: Unity.ILPP.Runner.PostProcessingPipeline[0]
      running Unity.Jobs.CodeGen.JobsILPostProcessor
info: Unity.ILPP.Runner.PostProcessingPipeline[0]
      running zzzUnity.Burst.CodeGen.BurstILPostProcessor
info: Unity.ILPP.Runner.PostProcessingPipeline[0]
      running Unity.Jobs.CodeGen.JobsILPostProcessor
info: Microsoft.AspNetCore.Routing.EndpointMiddleware[1]
      Executed endpoint 'gRPC - /UnityILPP.PostProcessing/PostProcessAssembly'
info: Microsoft.AspNetCore.Hosting.Diagnostics[2]
      Request finished HTTP/2 POST http://ilpp/UnityILPP.PostProcessing/PostProcessAssembly application/grpc - - 200 - application/grpc 882.3664ms
info: Unity.ILPP.Runner.PostProcessingAssemblyLoadContext[0]
      Resolved UnityEditor.CoreModule, Version=0.0.0.0, Culture=neutral, PublicKeyToken=null with D:\Unity\Hub\Editor\6000.0.54f1\Editor\Data\Managed\UnityEngine\UnityEditor.CoreModule.dll
info: Unity.ILPP.Runner.PostProcessingAssemblyLoadContext[0]
      Resolved UnityEngine.CoreModule, Version=0.0.0.0, Culture=neutral, PublicKeyToken=null with D:\Unity\Hub\Editor\6000.0.54f1\Editor\Data\Managed\UnityEngine\UnityEngine.CoreModule.dll
info: Microsoft.AspNetCore.Routing.EndpointMiddleware[1]
      Executed endpoint 'gRPC - /UnityILPP.PostProcessing/PostProcessAssembly'
info: Microsoft.AspNetCore.Hosting.Diagnostics[2]
      Request finished HTTP/2 POST http://ilpp/UnityILPP.PostProcessing/PostProcessAssembly application/grpc - - 200 - application/grpc 394.2461ms
info: Unity.ILPP.Runner.PostProcessingAssemblyLoadContext[0]
      Resolved Mono.Cecil.Rocks, Version=0.11.4.0, Culture=neutral, PublicKeyToken=50cebf1cceb9d05e with Library\PackageCache\com.unity.nuget.mono-cecil@d6f9955a5d5f\Mono.Cecil.Rocks.dll
info: Unity.ILPP.Runner.PostProcessingPipeline[0]
      running zzzUnity.Burst.CodeGen.BurstILPostProcessor
info: Microsoft.AspNetCore.Hosting.Diagnostics[1]
      Request starting HTTP/2 POST http://ilpp/UnityILPP.PostProcessing/PostProcessAssembly application/grpc -
info: Microsoft.AspNetCore.Routing.EndpointMiddleware[0]
      Executing endpoint 'gRPC - /UnityILPP.PostProcessing/PostProcessAssembly'
info: Unity.ILPP.Runner.PostProcessingPipeline[0]
      Processing assembly Library/Bee/artifacts/1900b0aE.dag/Unity.Cinemachine.dll, with 135 defines and 225 references
info: Unity.ILPP.Runner.PostProcessingPipeline[0]
      processors: Unity.Jobs.CodeGen.JobsILPostProcessor, zzzUnity.Burst.CodeGen.BurstILPostProcessor
info: Unity.ILPP.Runner.PostProcessingPipeline[0]
      running Unity.Jobs.CodeGen.JobsILPostProcessor
info: Unity.ILPP.Runner.PostProcessingPipeline[0]
      running zzzUnity.Burst.CodeGen.BurstILPostProcessor
info: Microsoft.AspNetCore.Routing.EndpointMiddleware[1]
      Executed endpoint 'gRPC - /UnityILPP.PostProcessing/PostProcessAssembly'
info: Microsoft.AspNetCore.Hosting.Diagnostics[2]
      Request finished HTTP/2 POST http://ilpp/UnityILPP.PostProcessing/PostProcessAssembly application/grpc - - 200 - application/grpc 28.1971ms
info: Microsoft.AspNetCore.Routing.EndpointMiddleware[1]
      Executed endpoint 'gRPC - /UnityILPP.PostProcessing/PostProcessAssembly'
info: Microsoft.AspNetCore.Hosting.Diagnostics[2]
      Request finished HTTP/2 POST http://ilpp/UnityILPP.PostProcessing/PostProcessAssembly application/grpc - - 200 - application/grpc 528.1377ms
info: Microsoft.AspNetCore.Hosting.Diagnostics[1]
      Request starting HTTP/2 POST http://ilpp/UnityILPP.PostProcessing/PostProcessAssembly application/grpc -
info: Microsoft.AspNetCore.Routing.EndpointMiddleware[0]
      Executing endpoint 'gRPC - /UnityILPP.PostProcessing/PostProcessAssembly'
info: Unity.ILPP.Runner.PostProcessingPipeline[0]
      Processing assembly Library/Bee/artifacts/1900b0aE.dag/Unity.TextMeshPro.Editor.dll, with 126 defines and 255 references
info: Unity.ILPP.Runner.PostProcessingPipeline[0]
      processors: Unity.Jobs.CodeGen.JobsILPostProcessor, zzzUnity.Burst.CodeGen.BurstILPostProcessor
info: Unity.ILPP.Runner.PostProcessingPipeline[0]
      running Unity.Jobs.CodeGen.JobsILPostProcessor
info: Unity.ILPP.Runner.PostProcessingPipeline[0]
      running zzzUnity.Burst.CodeGen.BurstILPostProcessor
info: Microsoft.AspNetCore.Routing.EndpointMiddleware[1]
      Executed endpoint 'gRPC - /UnityILPP.PostProcessing/PostProcessAssembly'
info: Microsoft.AspNetCore.Hosting.Diagnostics[2]
      Request finished HTTP/2 POST http://ilpp/UnityILPP.PostProcessing/PostProcessAssembly application/grpc - - 200 - application/grpc 28.3735ms
info: Microsoft.AspNetCore.Hosting.Diagnostics[1]
      Request starting HTTP/2 POST http://ilpp/UnityILPP.PostProcessing/PostProcessAssembly application/grpc -
info: Microsoft.AspNetCore.Routing.EndpointMiddleware[0]
      Executing endpoint 'gRPC - /UnityILPP.PostProcessing/PostProcessAssembly'
info: Unity.ILPP.Runner.PostProcessingPipeline[0]
      Processing assembly Library/Bee/artifacts/1900b0aE.dag/Unity.Collections.Editor.dll, with 127 defines and 254 references
info: Unity.ILPP.Runner.PostProcessingPipeline[0]
      processors: Unity.Jobs.CodeGen.JobsILPostProcessor, zzzUnity.Burst.CodeGen.BurstILPostProcessor
info: Unity.ILPP.Runner.PostProcessingPipeline[0]
      running Unity.Jobs.CodeGen.JobsILPostProcessor
info: Unity.ILPP.Runner.PostProcessingPipeline[0]
      running zzzUnity.Burst.CodeGen.BurstILPostProcessor
info: Microsoft.AspNetCore.Routing.EndpointMiddleware[1]
      Executed endpoint 'gRPC - /UnityILPP.PostProcessing/PostProcessAssembly'
info: Microsoft.AspNetCore.Hosting.Diagnostics[2]
      Request finished HTTP/2 POST http://ilpp/UnityILPP.PostProcessing/PostProcessAssembly application/grpc - - 200 - application/grpc 71.3711ms
info: Microsoft.AspNetCore.Hosting.Diagnostics[1]
      Request starting HTTP/2 POST http://ilpp/UnityILPP.PostProcessing/PostProcessAssembly application/grpc -
info: Microsoft.AspNetCore.Routing.EndpointMiddleware[0]
      Executing endpoint 'gRPC - /UnityILPP.PostProcessing/PostProcessAssembly'
info: Unity.ILPP.Runner.PostProcessingPipeline[0]
      Processing assembly Library/Bee/artifacts/1900b0aE.dag/Unity.RenderPipelines.Core.Editor.dll, with 127 defines and 259 references
info: Unity.ILPP.Runner.PostProcessingPipeline[0]
      processors: Unity.Jobs.CodeGen.JobsILPostProcessor, zzzUnity.Burst.CodeGen.BurstILPostProcessor
info: Unity.ILPP.Runner.PostProcessingPipeline[0]
      running zzzUnity.Burst.CodeGen.BurstILPostProcessor
info: Unity.ILPP.Runner.PostProcessingPipeline[0]
      running Unity.Jobs.CodeGen.JobsILPostProcessor
info: Unity.ILPP.Runner.PostProcessingPipeline[0]
      running zzzUnity.Burst.CodeGen.BurstILPostProcessor
info: Microsoft.AspNetCore.Hosting.Diagnostics[1]
      Request starting HTTP/2 POST http://ilpp/UnityILPP.PostProcessing/PostProcessAssembly application/grpc -
info: Microsoft.AspNetCore.Routing.EndpointMiddleware[0]
      Executing endpoint 'gRPC - /UnityILPP.PostProcessing/PostProcessAssembly'
info: Microsoft.AspNetCore.Hosting.Diagnostics[1]
      Request starting HTTP/2 POST http://ilpp/UnityILPP.PostProcessing/PostProcessAssembly application/grpc -
info: Microsoft.AspNetCore.Routing.EndpointMiddleware[0]
      Executing endpoint 'gRPC - /UnityILPP.PostProcessing/PostProcessAssembly'
info: Unity.ILPP.Runner.PostProcessingPipeline[0]
      Processing assembly Library/Bee/artifacts/1900b0aE.dag/Unity.AI.Navigation.Editor.dll, with 126 defines and 255 references
info: Unity.ILPP.Runner.PostProcessingPipeline[0]
      processors: Unity.Jobs.CodeGen.JobsILPostProcessor, zzzUnity.Burst.CodeGen.BurstILPostProcessor
info: Unity.ILPP.Runner.PostProcessingPipeline[0]
      Processing assembly Library/Bee/artifacts/1900b0aE.dag/Unity.ShaderGraph.Editor.dll, with 126 defines and 257 references
info: Unity.ILPP.Runner.PostProcessingPipeline[0]
      processors: Unity.Jobs.CodeGen.JobsILPostProcessor, zzzUnity.Burst.CodeGen.BurstILPostProcessor
info: Microsoft.AspNetCore.Hosting.Diagnostics[1]
      Request starting HTTP/2 POST http://ilpp/UnityILPP.PostProcessing/PostProcessAssembly application/grpc -
info: Microsoft.AspNetCore.Routing.EndpointMiddleware[0]
      Executing endpoint 'gRPC - /UnityILPP.PostProcessing/PostProcessAssembly'
info: Unity.ILPP.Runner.PostProcessingPipeline[0]
      Processing assembly Library/Bee/artifacts/1900b0aE.dag/Unity.Searcher.Editor.dll, with 126 defines and 253 references
info: Unity.ILPP.Runner.PostProcessingPipeline[0]
      processors: Unity.Jobs.CodeGen.JobsILPostProcessor, zzzUnity.Burst.CodeGen.BurstILPostProcessor
info: Unity.ILPP.Runner.PostProcessingPipeline[0]
      running Unity.Jobs.CodeGen.JobsILPostProcessor
info: Unity.ILPP.Runner.PostProcessingPipeline[0]
      running zzzUnity.Burst.CodeGen.BurstILPostProcessor
info: Unity.ILPP.Runner.PostProcessingPipeline[0]
      running Unity.Jobs.CodeGen.JobsILPostProcessor
info: Unity.ILPP.Runner.PostProcessingPipeline[0]
      running zzzUnity.Burst.CodeGen.BurstILPostProcessor
info: Microsoft.AspNetCore.Routing.EndpointMiddleware[1]
      Executed endpoint 'gRPC - /UnityILPP.PostProcessing/PostProcessAssembly'
info: Microsoft.AspNetCore.Hosting.Diagnostics[2]
      Request finished HTTP/2 POST http://ilpp/UnityILPP.PostProcessing/PostProcessAssembly application/grpc - - 200 - application/grpc 39.1411ms
info: Microsoft.AspNetCore.Routing.EndpointMiddleware[1]
      Executed endpoint 'gRPC - /UnityILPP.PostProcessing/PostProcessAssembly'
info: Microsoft.AspNetCore.Hosting.Diagnostics[2]
      Request finished HTTP/2 POST http://ilpp/UnityILPP.PostProcessing/PostProcessAssembly application/grpc - - 200 - application/grpc 42.0528ms
info: Unity.ILPP.Runner.PostProcessingPipeline[0]
      running Unity.Jobs.CodeGen.JobsILPostProcessor
info: Unity.ILPP.Runner.PostProcessingPipeline[0]
      running zzzUnity.Burst.CodeGen.BurstILPostProcessor
info: Microsoft.AspNetCore.Routing.EndpointMiddleware[1]
      Executed endpoint 'gRPC - /UnityILPP.PostProcessing/PostProcessAssembly'
info: Microsoft.AspNetCore.Hosting.Diagnostics[2]
      Request finished HTTP/2 POST http://ilpp/UnityILPP.PostProcessing/PostProcessAssembly application/grpc - - 200 - application/grpc 46.2368ms
info: Microsoft.AspNetCore.Routing.EndpointMiddleware[1]
      Executed endpoint 'gRPC - /UnityILPP.PostProcessing/PostProcessAssembly'
info: Microsoft.AspNetCore.Hosting.Diagnostics[2]
      Request finished HTTP/2 POST http://ilpp/UnityILPP.PostProcessing/PostProcessAssembly application/grpc - - 200 - application/grpc 1129.5308ms
info: Microsoft.AspNetCore.Routing.EndpointMiddleware[1]
      Executed endpoint 'gRPC - /UnityILPP.PostProcessing/PostProcessAssembly'
info: Microsoft.AspNetCore.Hosting.Diagnostics[2]
      Request finished HTTP/2 POST http://ilpp/UnityILPP.PostProcessing/PostProcessAssembly application/grpc - - 200 - application/grpc 1292.8873ms
info: Microsoft.AspNetCore.Routing.EndpointMiddleware[1]
      Executed endpoint 'gRPC - /UnityILPP.PostProcessing/PostProcessAssembly'
info: Microsoft.AspNetCore.Hosting.Diagnostics[2]
      Request finished HTTP/2 POST http://ilpp/UnityILPP.PostProcessing/PostProcessAssembly application/grpc - - 200 - application/grpc 1916.8300ms
info: Microsoft.AspNetCore.Hosting.Diagnostics[1]
      Request starting HTTP/2 POST http://ilpp/UnityILPP.PostProcessing/PostProcessAssembly application/grpc -
info: Microsoft.AspNetCore.Routing.EndpointMiddleware[0]
      Executing endpoint 'gRPC - /UnityILPP.PostProcessing/PostProcessAssembly'
info: Unity.ILPP.Runner.PostProcessingPipeline[0]
      Processing assembly Library/Bee/artifacts/1900b0aE.dag/UnityEditor.UI.dll, with 127 defines and 252 references
info: Unity.ILPP.Runner.PostProcessingPipeline[0]
      processors: Unity.Jobs.CodeGen.JobsILPostProcessor, zzzUnity.Burst.CodeGen.BurstILPostProcessor
info: Unity.ILPP.Runner.PostProcessingPipeline[0]
      running zzzUnity.Burst.CodeGen.BurstILPostProcessor
info: Microsoft.AspNetCore.Hosting.Diagnostics[1]
      Request starting HTTP/2 POST http://ilpp/UnityILPP.PostProcessing/PostProcessAssembly application/grpc -
info: Microsoft.AspNetCore.Routing.EndpointMiddleware[0]
      Executing endpoint 'gRPC - /UnityILPP.PostProcessing/PostProcessAssembly'
info: Microsoft.AspNetCore.Hosting.Diagnostics[1]
      Request starting HTTP/2 POST http://ilpp/UnityILPP.PostProcessing/PostProcessAssembly application/grpc -
info: Microsoft.AspNetCore.Routing.EndpointMiddleware[0]
      Executing endpoint 'gRPC - /UnityILPP.PostProcessing/PostProcessAssembly'
info: Unity.ILPP.Runner.PostProcessingPipeline[0]
      Processing assembly Library/Bee/artifacts/1900b0aE.dag/Unity.Mathematics.Editor.dll, with 126 defines and 254 references
info: Unity.ILPP.Runner.PostProcessingPipeline[0]
      processors: Unity.Jobs.CodeGen.JobsILPostProcessor, zzzUnity.Burst.CodeGen.BurstILPostProcessor
info: Unity.ILPP.Runner.PostProcessingPipeline[0]
      running Unity.Jobs.CodeGen.JobsILPostProcessor
info: Unity.ILPP.Runner.PostProcessingPipeline[0]
      running zzzUnity.Burst.CodeGen.BurstILPostProcessor
info: Unity.ILPP.Runner.PostProcessingPipeline[0]
      Processing assembly Library/Bee/artifacts/1900b0aE.dag/PPv2URPConverters.dll, with 126 defines and 257 references
info: Unity.ILPP.Runner.PostProcessingPipeline[0]
      processors: Unity.Jobs.CodeGen.JobsILPostProcessor, zzzUnity.Burst.CodeGen.BurstILPostProcessor
info: Microsoft.AspNetCore.Hosting.Diagnostics[1]
      Request starting HTTP/2 POST http://ilpp/UnityILPP.PostProcessing/PostProcessAssembly application/grpc -
info: Microsoft.AspNetCore.Routing.EndpointMiddleware[0]
      Executing endpoint 'gRPC - /UnityILPP.PostProcessing/PostProcessAssembly'
info: Microsoft.AspNetCore.Hosting.Diagnostics[1]
      Request starting HTTP/2 POST http://ilpp/UnityILPP.PostProcessing/PostProcessAssembly application/grpc -
info: Microsoft.AspNetCore.Routing.EndpointMiddleware[0]
      Executing endpoint 'gRPC - /UnityILPP.PostProcessing/PostProcessAssembly'
info: Unity.ILPP.Runner.PostProcessingPipeline[0]
      Processing assembly Library/Bee/artifacts/1900b0aE.dag/Unity.Settings.Editor.dll, with 126 defines and 253 references
info: Unity.ILPP.Runner.PostProcessingPipeline[0]
      processors: Unity.Jobs.CodeGen.JobsILPostProcessor, zzzUnity.Burst.CodeGen.BurstILPostProcessor
info: Unity.ILPP.Runner.PostProcessingPipeline[0]
      Processing assembly Library/Bee/artifacts/1900b0aE.dag/Unity.RenderPipelines.Universal.Editor.dll, with 126 defines and 263 references
info: Unity.ILPP.Runner.PostProcessingPipeline[0]
      processors: Unity.Jobs.CodeGen.JobsILPostProcessor, zzzUnity.Burst.CodeGen.BurstILPostProcessor
info: Unity.ILPP.Runner.PostProcessingPipeline[0]
      running Unity.Jobs.CodeGen.JobsILPostProcessor
info: Unity.ILPP.Runner.PostProcessingPipeline[0]
      running zzzUnity.Burst.CodeGen.BurstILPostProcessor
info: Unity.ILPP.Runner.PostProcessingPipeline[0]
      running Unity.Jobs.CodeGen.JobsILPostProcessor
info: Unity.ILPP.Runner.PostProcessingPipeline[0]
      running zzzUnity.Burst.CodeGen.BurstILPostProcessor
info: Unity.ILPP.Runner.PostProcessingPipeline[0]
      running Unity.Jobs.CodeGen.JobsILPostProcessor
info: Unity.ILPP.Runner.PostProcessingPipeline[0]
      running zzzUnity.Burst.CodeGen.BurstILPostProcessor
info: Unity.ILPP.Runner.PostProcessingPipeline[0]
      running Unity.Jobs.CodeGen.JobsILPostProcessor
info: Unity.ILPP.Runner.PostProcessingPipeline[0]
      running zzzUnity.Burst.CodeGen.BurstILPostProcessor
info: Microsoft.AspNetCore.Routing.EndpointMiddleware[1]
      Executed endpoint 'gRPC - /UnityILPP.PostProcessing/PostProcessAssembly'
info: Microsoft.AspNetCore.Hosting.Diagnostics[2]
      Request finished HTTP/2 POST http://ilpp/UnityILPP.PostProcessing/PostProcessAssembly application/grpc - - 200 - application/grpc 200.3269ms
info: Microsoft.AspNetCore.Hosting.Diagnostics[1]
      Request starting HTTP/2 POST http://ilpp/UnityILPP.PostProcessing/PostProcessAssembly application/grpc -
info: Microsoft.AspNetCore.Routing.EndpointMiddleware[0]
      Executing endpoint 'gRPC - /UnityILPP.PostProcessing/PostProcessAssembly'
info: Microsoft.AspNetCore.Routing.EndpointMiddleware[1]
      Executed endpoint 'gRPC - /UnityILPP.PostProcessing/PostProcessAssembly'
info: Microsoft.AspNetCore.Hosting.Diagnostics[2]
      Request finished HTTP/2 POST http://ilpp/UnityILPP.PostProcessing/PostProcessAssembly application/grpc - - 200 - application/grpc 38.5982ms
info: Unity.ILPP.Runner.PostProcessingPipeline[0]
      Processing assembly Library/Bee/artifacts/1900b0aE.dag/Unity.PerformanceTesting.Editor.dll, with 127 defines and 251 references
info: Unity.ILPP.Runner.PostProcessingPipeline[0]
      processors: Unity.Jobs.CodeGen.JobsILPostProcessor, zzzUnity.Burst.CodeGen.BurstILPostProcessor
info: Microsoft.AspNetCore.Routing.EndpointMiddleware[1]
      Executed endpoint 'gRPC - /UnityILPP.PostProcessing/PostProcessAssembly'
info: Microsoft.AspNetCore.Hosting.Diagnostics[2]
      Request finished HTTP/2 POST http://ilpp/UnityILPP.PostProcessing/PostProcessAssembly application/grpc - - 200 - application/grpc 53.2248ms
info: Unity.ILPP.Runner.PostProcessingPipeline[0]
      running Unity.Jobs.CodeGen.JobsILPostProcessor
info: Unity.ILPP.Runner.PostProcessingPipeline[0]
      running zzzUnity.Burst.CodeGen.BurstILPostProcessor
info: Microsoft.AspNetCore.Routing.EndpointMiddleware[1]
      Executed endpoint 'gRPC - /UnityILPP.PostProcessing/PostProcessAssembly'
info: Microsoft.AspNetCore.Hosting.Diagnostics[2]
      Request finished HTTP/2 POST http://ilpp/UnityILPP.PostProcessing/PostProcessAssembly application/grpc - - 200 - application/grpc 133.6959ms
info: Microsoft.AspNetCore.Routing.EndpointMiddleware[1]
      Executed endpoint 'gRPC - /UnityILPP.PostProcessing/PostProcessAssembly'
info: Microsoft.AspNetCore.Hosting.Diagnostics[2]
      Request finished HTTP/2 POST http://ilpp/UnityILPP.PostProcessing/PostProcessAssembly application/grpc - - 200 - application/grpc 133.4956ms
info: Microsoft.AspNetCore.Routing.EndpointMiddleware[1]
      Executed endpoint 'gRPC - /UnityILPP.PostProcessing/PostProcessAssembly'
info: Microsoft.AspNetCore.Hosting.Diagnostics[2]
      Request finished HTTP/2 POST http://ilpp/UnityILPP.PostProcessing/PostProcessAssembly application/grpc - - 200 - application/grpc 103.0318ms
info: Microsoft.AspNetCore.Hosting.Diagnostics[1]
      Request starting HTTP/2 POST http://ilpp/UnityILPP.PostProcessing/PostProcessAssembly application/grpc -
info: Microsoft.AspNetCore.Routing.EndpointMiddleware[0]
      Executing endpoint 'gRPC - /UnityILPP.PostProcessing/PostProcessAssembly'
info: Unity.ILPP.Runner.PostProcessingPipeline[0]
      Processing assembly Library/Bee/artifacts/1900b0aE.dag/Unity.RenderPipelines.Core.Editor.Shared.dll, with 126 defines and 254 references
info: Unity.ILPP.Runner.PostProcessingPipeline[0]
      processors: Unity.Jobs.CodeGen.JobsILPostProcessor, zzzUnity.Burst.CodeGen.BurstILPostProcessor
info: Unity.ILPP.Runner.PostProcessingPipeline[0]
      running Unity.Jobs.CodeGen.JobsILPostProcessor
info: Unity.ILPP.Runner.PostProcessingPipeline[0]
      running zzzUnity.Burst.CodeGen.BurstILPostProcessor
info: Microsoft.AspNetCore.Hosting.Diagnostics[1]
      Request starting HTTP/2 POST http://ilpp/UnityILPP.PostProcessing/PostProcessAssembly application/grpc -
info: Microsoft.AspNetCore.Routing.EndpointMiddleware[0]
      Executing endpoint 'gRPC - /UnityILPP.PostProcessing/PostProcessAssembly'
info: Unity.ILPP.Runner.PostProcessingPipeline[0]
      Processing assembly Library/Bee/artifacts/1900b0aE.dag/Unity.AI.Navigation.Editor.ConversionSystem.dll, with 126 defines and 253 references
info: Unity.ILPP.Runner.PostProcessingPipeline[0]
      processors: Unity.Jobs.CodeGen.JobsILPostProcessor, zzzUnity.Burst.CodeGen.BurstILPostProcessor
info: Microsoft.AspNetCore.Hosting.Diagnostics[1]
      Request starting HTTP/2 POST http://ilpp/UnityILPP.PostProcessing/PostProcessAssembly application/grpc -
info: Microsoft.AspNetCore.Routing.EndpointMiddleware[0]
      Executing endpoint 'gRPC - /UnityILPP.PostProcessing/PostProcessAssembly'
info: Microsoft.AspNetCore.Hosting.Diagnostics[1]
      Request starting HTTP/2 POST http://ilpp/UnityILPP.PostProcessing/PostProcessAssembly application/grpc -
info: Unity.ILPP.Runner.PostProcessingPipeline[0]
      Processing assembly Library/Bee/artifacts/1900b0aE.dag/Unity.Rendering.LightTransport.Editor.dll, with 126 defines and 253 references
info: Microsoft.AspNetCore.Routing.EndpointMiddleware[0]
      Executing endpoint 'gRPC - /UnityILPP.PostProcessing/PostProcessAssembly'
info: Unity.ILPP.Runner.PostProcessingPipeline[0]
      processors: Unity.Jobs.CodeGen.JobsILPostProcessor, zzzUnity.Burst.CodeGen.BurstILPostProcessor
info: Unity.ILPP.Runner.PostProcessingPipeline[0]
      Processing assembly Library/Bee/artifacts/1900b0aE.dag/Unity.AI.Navigation.Updater.dll, with 126 defines and 256 references
info: Unity.ILPP.Runner.PostProcessingPipeline[0]
      processors: Unity.Jobs.CodeGen.JobsILPostProcessor, zzzUnity.Burst.CodeGen.BurstILPostProcessor
info: Unity.ILPP.Runner.PostProcessingPipeline[0]
      running Unity.Jobs.CodeGen.JobsILPostProcessor
info: Unity.ILPP.Runner.PostProcessingPipeline[0]
      running zzzUnity.Burst.CodeGen.BurstILPostProcessor
info: Unity.ILPP.Runner.PostProcessingPipeline[0]
      running Unity.Jobs.CodeGen.JobsILPostProcessor
info: Unity.ILPP.Runner.PostProcessingPipeline[0]
      running Unity.Jobs.CodeGen.JobsILPostProcessor
info: Unity.ILPP.Runner.PostProcessingPipeline[0]
      running zzzUnity.Burst.CodeGen.BurstILPostProcessor
info: Unity.ILPP.Runner.PostProcessingPipeline[0]
      running zzzUnity.Burst.CodeGen.BurstILPostProcessor
info: Microsoft.AspNetCore.Hosting.Diagnostics[1]
      Request starting HTTP/2 POST http://ilpp/UnityILPP.PostProcessing/PostProcessAssembly application/grpc -
info: Microsoft.AspNetCore.Routing.EndpointMiddleware[0]
      Executing endpoint 'gRPC - /UnityILPP.PostProcessing/PostProcessAssembly'
info: Unity.ILPP.Runner.PostProcessingPipeline[0]
      Processing assembly Library/Bee/artifacts/1900b0aE.dag/Unity.Burst.Editor.dll, with 126 defines and 254 references
info: Unity.ILPP.Runner.PostProcessingPipeline[0]
      processors: Unity.Jobs.CodeGen.JobsILPostProcessor, zzzUnity.Burst.CodeGen.BurstILPostProcessor
info: Microsoft.AspNetCore.Hosting.Diagnostics[1]
      Request starting HTTP/2 POST http://ilpp/UnityILPP.PostProcessing/PostProcessAssembly application/grpc -
info: Microsoft.AspNetCore.Routing.EndpointMiddleware[0]
      Executing endpoint 'gRPC - /UnityILPP.PostProcessing/PostProcessAssembly'
info: Unity.ILPP.Runner.PostProcessingPipeline[0]
      Processing assembly Library/Bee/artifacts/1900b0aE.dag/Unity.ShaderGraph.Utilities.dll, with 126 defines and 253 references
info: Unity.ILPP.Runner.PostProcessingPipeline[0]
      processors: Unity.Jobs.CodeGen.JobsILPostProcessor, zzzUnity.Burst.CodeGen.BurstILPostProcessor
info: Microsoft.AspNetCore.Routing.EndpointMiddleware[1]
      Executed endpoint 'gRPC - /UnityILPP.PostProcessing/PostProcessAssembly'
info: Microsoft.AspNetCore.Hosting.Diagnostics[2]
      Request finished HTTP/2 POST http://ilpp/UnityILPP.PostProcessing/PostProcessAssembly application/grpc - - 200 - application/grpc 15.4663ms
info: Microsoft.AspNetCore.Routing.EndpointMiddleware[1]
      Executed endpoint 'gRPC - /UnityILPP.PostProcessing/PostProcessAssembly'
info: Microsoft.AspNetCore.Hosting.Diagnostics[2]
      Request finished HTTP/2 POST http://ilpp/UnityILPP.PostProcessing/PostProcessAssembly application/grpc - - 200 - application/grpc 16.6241ms
info: Microsoft.AspNetCore.Routing.EndpointMiddleware[1]
      Executed endpoint 'gRPC - /UnityILPP.PostProcessing/PostProcessAssembly'
info: Microsoft.AspNetCore.Hosting.Diagnostics[2]
      Request finished HTTP/2 POST http://ilpp/UnityILPP.PostProcessing/PostProcessAssembly application/grpc - - 200 - application/grpc 151.6120ms
info: Microsoft.AspNetCore.Routing.EndpointMiddleware[1]
      Executed endpoint 'gRPC - /UnityILPP.PostProcessing/PostProcessAssembly'
info: Microsoft.AspNetCore.Hosting.Diagnostics[2]
      Request finished HTTP/2 POST http://ilpp/UnityILPP.PostProcessing/PostProcessAssembly application/grpc - - 200 - application/grpc 65.9782ms
info: Unity.ILPP.Runner.PostProcessingPipeline[0]
      running Unity.Jobs.CodeGen.JobsILPostProcessor
info: Unity.ILPP.Runner.PostProcessingPipeline[0]
      running zzzUnity.Burst.CodeGen.BurstILPostProcessor
info: Unity.ILPP.Runner.PostProcessingPipeline[0]
      running Unity.Jobs.CodeGen.JobsILPostProcessor
info: Unity.ILPP.Runner.PostProcessingPipeline[0]
      running zzzUnity.Burst.CodeGen.BurstILPostProcessor
info: Microsoft.AspNetCore.Routing.EndpointMiddleware[1]
      Executed endpoint 'gRPC - /UnityILPP.PostProcessing/PostProcessAssembly'
info: Microsoft.AspNetCore.Hosting.Diagnostics[2]
      Request finished HTTP/2 POST http://ilpp/UnityILPP.PostProcessing/PostProcessAssembly application/grpc - - 200 - application/grpc 143.6664ms
info: Unity.ILPP.Runner.PostProcessingPipeline[0]
      running zzzUnity.Burst.CodeGen.BurstILPostProcessor
info: Microsoft.AspNetCore.Hosting.Diagnostics[1]
      Request starting HTTP/2 POST http://ilpp/UnityILPP.PostProcessing/PostProcessAssembly application/grpc -
info: Microsoft.AspNetCore.Hosting.Diagnostics[1]
      Request starting HTTP/2 POST http://ilpp/UnityILPP.PostProcessing/PostProcessAssembly application/grpc -
info: Microsoft.AspNetCore.Routing.EndpointMiddleware[0]
      Executing endpoint 'gRPC - /UnityILPP.PostProcessing/PostProcessAssembly'
info: Microsoft.AspNetCore.Routing.EndpointMiddleware[0]
      Executing endpoint 'gRPC - /UnityILPP.PostProcessing/PostProcessAssembly'
info: Unity.ILPP.Runner.PostProcessingPipeline[0]
      Processing assembly Library/Bee/artifacts/1900b0aE.dag/Unity.Splines.Editor.dll, with 126 defines and 256 references
info: Unity.ILPP.Runner.PostProcessingPipeline[0]
      processors: Unity.Jobs.CodeGen.JobsILPostProcessor, zzzUnity.Burst.CodeGen.BurstILPostProcessor
info: Unity.ILPP.Runner.PostProcessingPipeline[0]
      Processing assembly Library/Bee/artifacts/1900b0aE.dag/Unity.Cinemachine.Editor.dll, with 131 defines and 262 references
info: Unity.ILPP.Runner.PostProcessingPipeline[0]
      processors: Unity.Jobs.CodeGen.JobsILPostProcessor, zzzUnity.Burst.CodeGen.BurstILPostProcessor
info: Unity.ILPP.Runner.PostProcessingPipeline[0]
      running Unity.Jobs.CodeGen.JobsILPostProcessor
info: Unity.ILPP.Runner.PostProcessingPipeline[0]
      running Unity.Jobs.CodeGen.JobsILPostProcessor
info: Unity.ILPP.Runner.PostProcessingPipeline[0]
      running zzzUnity.Burst.CodeGen.BurstILPostProcessor
info: Unity.ILPP.Runner.PostProcessingPipeline[0]
      running zzzUnity.Burst.CodeGen.BurstILPostProcessor
info: Microsoft.AspNetCore.Routing.EndpointMiddleware[1]
      Executed endpoint 'gRPC - /UnityILPP.PostProcessing/PostProcessAssembly'
info: Microsoft.AspNetCore.Hosting.Diagnostics[2]
      Request finished HTTP/2 POST http://ilpp/UnityILPP.PostProcessing/PostProcessAssembly application/grpc - - 200 - application/grpc 19.7087ms
info: Microsoft.AspNetCore.Routing.EndpointMiddleware[1]
      Executed endpoint 'gRPC - /UnityILPP.PostProcessing/PostProcessAssembly'
info: Microsoft.AspNetCore.Hosting.Diagnostics[2]
      Request finished HTTP/2 POST http://ilpp/UnityILPP.PostProcessing/PostProcessAssembly application/grpc - - 200 - application/grpc 19.9489ms
info: Microsoft.AspNetCore.Routing.EndpointMiddleware[1]
      Executed endpoint 'gRPC - /UnityILPP.PostProcessing/PostProcessAssembly'
info: Microsoft.AspNetCore.Hosting.Diagnostics[2]
      Request finished HTTP/2 POST http://ilpp/UnityILPP.PostProcessing/PostProcessAssembly application/grpc - - 200 - application/grpc 301.5739ms
info: Microsoft.AspNetCore.Routing.EndpointMiddleware[1]
      Executed endpoint 'gRPC - /UnityILPP.PostProcessing/PostProcessAssembly'
info: Microsoft.AspNetCore.Hosting.Diagnostics[2]
      Request finished HTTP/2 POST http://ilpp/UnityILPP.PostProcessing/PostProcessAssembly application/grpc - - 200 - application/grpc 2198.6348ms
info: Microsoft.AspNetCore.Routing.EndpointMiddleware[1]
      Executed endpoint 'gRPC - /UnityILPP.PostProcessing/PostProcessAssembly'
info: Microsoft.AspNetCore.Hosting.Diagnostics[2]
      Request finished HTTP/2 POST http://ilpp/UnityILPP.PostProcessing/PostProcessAssembly application/grpc - - 200 - application/grpc 1310.3803ms
info: Microsoft.AspNetCore.Routing.EndpointMiddleware[1]
      Executed endpoint 'gRPC - /UnityILPP.PostProcessing/PostProcessAssembly'
info: Microsoft.AspNetCore.Hosting.Diagnostics[2]
      Request finished HTTP/2 POST http://ilpp/UnityILPP.PostProcessing/PostProcessAssembly application/grpc - - 200 - application/grpc 2942.0899ms
info: Microsoft.AspNetCore.Hosting.Diagnostics[1]
      Request starting HTTP/2 POST http://ilpp/UnityILPP.PostProcessing/PostProcessAssembly application/grpc -
info: Microsoft.AspNetCore.Routing.EndpointMiddleware[0]
      Executing endpoint 'gRPC - /UnityILPP.PostProcessing/PostProcessAssembly'
info: Unity.ILPP.Runner.PostProcessingPipeline[0]
      Processing assembly Library/Bee/artifacts/1900b0aE.dag/Assembly-CSharp.dll, with 128 defines and 254 references
info: Unity.ILPP.Runner.PostProcessingPipeline[0]
      processors: Unity.Jobs.CodeGen.JobsILPostProcessor, zzzUnity.Burst.CodeGen.BurstILPostProcessor
info: Unity.ILPP.Runner.PostProcessingPipeline[0]
      running Unity.Jobs.CodeGen.JobsILPostProcessor
info: Unity.ILPP.Runner.PostProcessingPipeline[0]
      running zzzUnity.Burst.CodeGen.BurstILPostProcessor
info: Microsoft.AspNetCore.Routing.EndpointMiddleware[1]
      Executed endpoint 'gRPC - /UnityILPP.PostProcessing/PostProcessAssembly'
info: Microsoft.AspNetCore.Hosting.Diagnostics[2]
      Request finished HTTP/2 POST http://ilpp/UnityILPP.PostProcessing/PostProcessAssembly application/grpc - - 200 - application/grpc 25.3092ms
info: Microsoft.AspNetCore.Hosting.Diagnostics[1]
      Request starting HTTP/2 POST http://ilpp/UnityILPP.PostProcessing/PostProcessAssembly application/grpc -
info: Microsoft.AspNetCore.Routing.EndpointMiddleware[0]
      Executing endpoint 'gRPC - /UnityILPP.PostProcessing/PostProcessAssembly'
info: Unity.ILPP.Runner.PostProcessingPipeline[0]
      Processing assembly Library/Bee/artifacts/1900b0aE.dag/Assembly-CSharp-Editor.dll, with 126 defines and 291 references
info: Unity.ILPP.Runner.PostProcessingPipeline[0]
      processors: Unity.Jobs.CodeGen.JobsILPostProcessor, zzzUnity.Burst.CodeGen.BurstILPostProcessor
info: Unity.ILPP.Runner.PostProcessingPipeline[0]
      running Unity.Jobs.CodeGen.JobsILPostProcessor
info: Unity.ILPP.Runner.PostProcessingPipeline[0]
      running zzzUnity.Burst.CodeGen.BurstILPostProcessor
info: Microsoft.AspNetCore.Routing.EndpointMiddleware[1]
      Executed endpoint 'gRPC - /UnityILPP.PostProcessing/PostProcessAssembly'
info: Microsoft.AspNetCore.Hosting.Diagnostics[2]
      Request finished HTTP/2 POST http://ilpp/UnityILPP.PostProcessing/PostProcessAssembly application/grpc - - 200 - application/grpc 15.7307ms
ExitCode: 0 Duration: 10s
Finished compiling graph: 657 nodes, 9848 flattened edges (7876 ToBuild, 98 ToUse), maximum node priority 737
[  1/654    0s] WriteText Library/Bee/artifacts/1900b0aE.dag/UnityEngine.TestRunner.UnityAdditionalFile.txt
[  2/654    0s] WriteText Library/Bee/artifacts/1900b0aE.dag/UnityEngine.TestRunner.rsp2
[  3/654    0s] MovedFromExtractor Library/Bee/artifacts/mvdfrm/UnityEditor.UmbraModule.dll_F124DFDDBCC3B0DC.mvfrm
[  4/654    0s] MovedFromExtractor Library/Bee/artifacts/mvdfrm/UnityEditor.XRModule.dll_B75B20876184385B.mvfrm
[  5/654    0s] MovedFromExtractor Library/Bee/artifacts/mvdfrm/UnityEngine.ARModule.dll_2E37EF62A2E2F26D.mvfrm
[  6/654    0s] MovedFromExtractor Library/Bee/artifacts/mvdfrm/UnityEditor.VFXModule.dll_0EFE28805B99BB1B.mvfrm
[  7/654    0s] MovedFromExtractor Library/Bee/artifacts/mvdfrm/UnityEngine.ContentLoadModule.dll_563F845F2EE0D6B7.mvfrm
[  8/654    0s] MovedFromExtractor Library/Bee/artifacts/mvdfrm/UnityEditor.UIElementsModule.dll_12A4ECF74D4ABC8C.mvfrm
[  9/654    0s] MovedFromExtractor Library/Bee/artifacts/mvdfrm/UnityEditor.VideoModule.dll_9B59B82FF22F210E.mvfrm
[ 10/654    0s] MovedFromExtractor Library/Bee/artifacts/mvdfrm/UnityEditor.UIElementsSamplesModule.dll_73E664021279F1A1.mvfrm
[ 11/654    0s] MovedFromExtractor Library/Bee/artifacts/mvdfrm/UnityEngine.AIModule.dll_74C52A5F45C593A4.mvfrm
[ 12/654    0s] MovedFromExtractor Library/Bee/artifacts/mvdfrm/UnityEditor.UnityConnectModule.dll_BF5815CA4F00E606.mvfrm
[ 13/654    0s] MovedFromExtractor Library/Bee/artifacts/mvdfrm/UnityEditor.UIBuilderModule.dll_1C132DC834E2E0AA.mvfrm
[ 14/654    0s] MovedFromExtractor Library/Bee/artifacts/mvdfrm/UnityEngine.ClusterRendererModule.dll_3DCE019919A21CF5.mvfrm
[ 15/654    0s] MovedFromExtractor Library/Bee/artifacts/mvdfrm/UnityEngine.DSPGraphModule.dll_76662DAE1DBC6079.mvfrm
[ 16/654    0s] MovedFromExtractor Library/Bee/artifacts/mvdfrm/UnityEngine.GIModule.dll_0D01736CE1747BBE.mvfrm
[ 17/654    0s] MovedFromExtractor Library/Bee/artifacts/mvdfrm/UnityEngine.dll_3451195468B0862A.mvfrm
[ 18/654    0s] MovedFromExtractor Library/Bee/artifacts/mvdfrm/UnityEngine.CrashReportingModule.dll_6A51E0CA3A5668F3.mvfrm
[ 19/654    0s] MovedFromExtractor Library/Bee/artifacts/mvdfrm/UnityEngine.GameCenterModule.dll_BB3B1FE55CAB1C53.mvfrm
[ 20/654    0s] MovedFromExtractor Library/Bee/artifacts/mvdfrm/UnityEngine.GraphicsStateCollectionSerializerModule.dll_D130A6486189509E.mvfrm
[ 21/654    0s] MovedFromExtractor Library/Bee/artifacts/mvdfrm/UnityEngine.CoreModule.dll_4E60D6E79A49FA7B.mvfrm
[ 22/654    0s] MovedFromExtractor Library/Bee/artifacts/mvdfrm/UnityEngine.GridModule.dll_2BD1F2D5B29E9072.mvfrm
[ 23/654    0s] MovedFromExtractor Library/Bee/artifacts/mvdfrm/UnityEngine.HierarchyCoreModule.dll_D621D13BCAA463EC.mvfrm
[ 24/654    0s] MovedFromExtractor Library/Bee/artifacts/mvdfrm/UnityEngine.HotReloadModule.dll_1758BADA77BA579E.mvfrm
[ 25/654    0s] MovedFromExtractor Library/Bee/artifacts/mvdfrm/UnityEngine.IMGUIModule.dll_74DC8F90274BC9EF.mvfrm
[ 26/654    0s] MovedFromExtractor Library/Bee/artifacts/mvdfrm/UnityEngine.InputForUIModule.dll_BDED79FEBCCBB90F.mvfrm
[ 27/654    0s] MovedFromExtractor Library/Bee/artifacts/mvdfrm/UnityEngine.LocalizationModule.dll_7D4155329804ABC5.mvfrm
[ 28/654    0s] MovedFromExtractor Library/Bee/artifacts/mvdfrm/UnityEngine.InputModule.dll_A2F2B7D9D7525AB2.mvfrm
[ 29/654    0s] MovedFromExtractor Library/Bee/artifacts/mvdfrm/UnityEngine.JSONSerializeModule.dll_BF1EBD9D5B326B80.mvfrm
[ 30/654    0s] MovedFromExtractor Library/Bee/artifacts/mvdfrm/UnityEngine.InputLegacyModule.dll_4E6E463CF84FE4BB.mvfrm
[ 31/654    0s] MovedFromExtractor Library/Bee/artifacts/mvdfrm/UnityEngine.MultiplayerModule.dll_3CD147AB1925BC42.mvfrm
[ 32/654    0s] MovedFromExtractor Library/Bee/artifacts/mvdfrm/UnityEngine.MarshallingModule.dll_6591C9B344865C1C.mvfrm
[ 33/654    0s] MovedFromExtractor Library/Bee/artifacts/mvdfrm/UnityEngine.PerformanceReportingModule.dll_9EDD7EE2ABB4CA3A.mvfrm
[ 34/654    0s] MovedFromExtractor Library/Bee/artifacts/mvdfrm/UnityEngine.PropertiesModule.dll_E8765F23CF96808F.mvfrm
[ 35/654    0s] MovedFromExtractor Library/Bee/artifacts/mvdfrm/UnityEngine.PhysicsModule.dll_EE9D336D9AC94E9F.mvfrm
[ 36/654    0s] MovedFromExtractor Library/Bee/artifacts/mvdfrm/UnityEngine.ShaderVariantAnalyticsModule.dll_3B344FEC272F1462.mvfrm
[ 37/654    0s] MovedFromExtractor Library/Bee/artifacts/mvdfrm/UnityEngine.RuntimeInitializeOnLoadManagerInitializerModule.dll_A10370F10026867A.mvfrm
[ 38/654    0s] MovedFromExtractor Library/Bee/artifacts/mvdfrm/UnityEngine.SpriteMaskModule.dll_A46792757E1AB1CD.mvfrm
[ 39/654    0s] MovedFromExtractor Library/Bee/artifacts/mvdfrm/UnityEngine.SubstanceModule.dll_274FFE6E3761F168.mvfrm
[ 40/654    0s] MovedFromExtractor Library/Bee/artifacts/mvdfrm/UnityEngine.SpriteShapeModule.dll_D68A5879160066D4.mvfrm
[ 41/654    0s] MovedFromExtractor Library/Bee/artifacts/mvdfrm/UnityEngine.TextCoreFontEngineModule.dll_3208E717013D2599.mvfrm
[ 42/654    0s] MovedFromExtractor Library/Bee/artifacts/mvdfrm/UnityEngine.StreamingModule.dll_4AA4EA24EC0EF35A.mvfrm
[ 43/654    0s] MovedFromExtractor Library/Bee/artifacts/mvdfrm/UnityEngine.TerrainModule.dll_08E3AEDC7087978D.mvfrm
[ 44/654    0s] MovedFromExtractor Library/Bee/artifacts/mvdfrm/UnityEngine.TextRenderingModule.dll_0245DD2D26D617D7.mvfrm
[ 45/654    0s] MovedFromExtractor Library/Bee/artifacts/mvdfrm/UnityEngine.TextCoreTextEngineModule.dll_79F11D8890C0DEB7.mvfrm
[ 46/654    0s] MovedFromExtractor Library/Bee/artifacts/mvdfrm/UnityEngine.TLSModule.dll_9A413264F4DC5FB3.mvfrm
[ 47/654    0s] MovedFromExtractor Library/Bee/artifacts/mvdfrm/UnityEditor.AccessibilityModule.dll_D2C64239E2FE87D1.mvfrm
[ 48/654    0s] MovedFromExtractor Library/Bee/artifacts/mvdfrm/UnityEngine.SharedInternalsModule.dll_2DD13E1F12F4D039.mvfrm
[ 49/654    0s] MovedFromExtractor Library/Bee/artifacts/mvdfrm/UnityEngine.UIElementsModule.dll_13535A3F4F8ED5D7.mvfrm
[ 50/654    0s] MovedFromExtractor Library/Bee/artifacts/mvdfrm/UnityEngine.UnityAnalyticsCommonModule.dll_3A1C3C26C59D6898.mvfrm
[ 51/654    0s] MovedFromExtractor Library/Bee/artifacts/mvdfrm/UnityEngine.UnityCurlModule.dll_C92C9E060C9B2E09.mvfrm
[ 52/654    0s] MovedFromExtractor Library/Bee/artifacts/mvdfrm/UnityEngine.VirtualTexturingModule.dll_00583BE506D3A959.mvfrm
[ 53/654    0s] MovedFromExtractor Library/Bee/artifacts/mvdfrm/UnityEngine.UnityConnectModule.dll_ACB799D94988E6B1.mvfrm
[ 54/654    0s] MovedFromExtractor Library/Bee/artifacts/mvdfrm/UnityEngine.UnityTestProtocolModule.dll_2FA919F46C7546F7.mvfrm
[ 55/654    0s] MovedFromExtractor Library/Bee/artifacts/mvdfrm/UnityEditor.UIAutomationModule.dll_74BEF744C690C9AC.mvfrm
[ 56/654    0s] MovedFromExtractor Library/Bee/artifacts/mvdfrm/UnityEngine.ClusterInputModule.dll_3EF48AE00088B8CC.mvfrm
[ 57/654    0s] MovedFromExtractor Library/Bee/artifacts/mvdfrm/UnityEngine.VFXModule.dll_1B1FCAD3CB49C920.mvfrm
[ 58/654    0s] MovedFromExtractor Library/Bee/artifacts/mvdfrm/UnityEngine.UIModule.dll_7038C88CA20C9950.mvfrm
[ 59/654    0s] MovedFromExtractor Library/Bee/artifacts/mvdfrm/UnityEditor.SpriteMaskModule.dll_A3B9252D7BD69882.mvfrm
[ 60/654    0s] MovedFromExtractor Library/Bee/artifacts/mvdfrm/UnityEditor.SubstanceModule.dll_716A0D8551E23F83.mvfrm
[ 61/654    0s] MovedFromExtractor Library/Bee/artifacts/mvdfrm/UnityEditor.TerrainModule.dll_1668F6320B78B048.mvfrm
[ 62/654    0s] MovedFromExtractor Library/Bee/artifacts/mvdfrm/UnityEditor.TextCoreFontEngineModule.dll_B3A96BC3EE3F66CE.mvfrm
[ 63/654    0s] MovedFromExtractor Library/Bee/artifacts/mvdfrm/UnityEditor.TilemapModule.dll_B5655DB323359151.mvfrm
[ 64/654    0s] MovedFromExtractor Library/Bee/artifacts/mvdfrm/UnityEditor.AdaptivePerformanceModule.dll_9856FB66AF732EFD.mvfrm
[ 65/654    0s] MovedFromExtractor Library/Bee/artifacts/mvdfrm/UnityEditor.TextRenderingModule.dll_7604EB05ADDD94B2.mvfrm
[ 66/654    0s] MovedFromExtractor Library/Bee/artifacts/mvdfrm/UnityEditor.TextCoreTextEngineModule.dll_FB91A2357DC31FEC.mvfrm
[ 67/654    0s] MovedFromExtractor Library/Bee/artifacts/mvdfrm/UnityEditor.SpriteShapeModule.dll_D0C488EA03C6564F.mvfrm
[ 68/654    0s] MovedFromExtractor Library/Bee/artifacts/mvdfrm/UnityEditor.TreeModule.dll_88EBF8A37A0A248F.mvfrm
[ 69/654    0s] MovedFromExtractor Library/Bee/artifacts/mvdfrm/UnityEditor.BuildProfileModule.dll_C41E08542A1D00EC.mvfrm
[ 70/654    0s] MovedFromExtractor Library/Bee/artifacts/mvdfrm/UnityEditor.CoreBusinessMetricsModule.dll_1841F4E0D5BA5DF7.mvfrm
[ 71/654    0s] MovedFromExtractor Library/Bee/artifacts/mvdfrm/UnityEditor.CoreModule.dll_2B400394F2448F50.mvfrm
[ 72/654    0s] MovedFromExtractor Library/Bee/artifacts/mvdfrm/UnityEditor.DeviceSimulatorModule.dll_38213F27A9E70F71.mvfrm
[ 73/654    0s] MovedFromExtractor Library/Bee/artifacts/mvdfrm/UnityEditor.DiagnosticsModule.dll_EE30771FA5207D7F.mvfrm
[ 74/654    0s] MovedFromExtractor Library/Bee/artifacts/mvdfrm/UnityEditor.dll_01ACD27C0A3CF945.mvfrm
[ 75/654    0s] MovedFromExtractor Library/Bee/artifacts/mvdfrm/UnityEditor.GIModule.dll_CE92E1DD75F747F3.mvfrm
[ 76/654    0s] MovedFromExtractor Library/Bee/artifacts/mvdfrm/UnityEditor.EditorToolbarModule.dll_08C2580C5C943921.mvfrm
[ 77/654    0s] MovedFromExtractor Library/Bee/artifacts/mvdfrm/UnityEditor.GraphicsStateCollectionSerializerModule.dll_C83CD958948A0739.mvfrm
[ 78/654    0s] MovedFromExtractor Library/Bee/artifacts/mvdfrm/UnityEditor.EmbreeModule.dll_336A41BDD7BD0199.mvfrm
[ 79/654    0s] MovedFromExtractor Library/Bee/artifacts/mvdfrm/UnityEditor.GridAndSnapModule.dll_F7E95DA128853A6E.mvfrm
[ 80/654    0s] MovedFromExtractor Library/Bee/artifacts/mvdfrm/UnityEditor.GraphViewModule.dll_C78A80ABC22A6776.mvfrm
[ 81/654    0s] MovedFromExtractor Library/Bee/artifacts/mvdfrm/UnityEditor.GridModule.dll_08B11F830A992547.mvfrm
[ 82/654    0s] WriteText Library/Bee/artifacts/1900b0aE.dag/UnityEngine.UI.rsp2
[ 83/654    0s] WriteText Library/Bee/artifacts/1900b0aE.dag/UnityEngine.UI.UnityAdditionalFile.txt
[ 84/654    0s] WriteText Library/Bee/artifacts/1900b0aE.dag/UnityEngine.TestRunner.dll.mvfrm.rsp
[ 85/654    0s] WriteText Library/Bee/artifacts/1900b0aE.dag/UnityEngine.TestRunner.rsp
[ 86/654    0s] MovedFromExtractor Library/Bee/artifacts/mvdfrm/UnityEditor.MultiplayerModule.dll_370B781C06EBABBD.mvfrm
[ 87/654    0s] MovedFromExtractor Library/Bee/artifacts/mvdfrm/UnityEditor.PhysicsModule.dll_FC227AC335BA675A.mvfrm
[ 88/654    0s] MovedFromExtractor Library/Bee/artifacts/mvdfrm/UnityEditor.Physics2DModule.dll_2CCFFBDC580481CC.mvfrm
[ 89/654    0s] WriteText Library/Bee/artifacts/1900b0aE.dag/UnityEditor.TestRunner.UnityAdditionalFile.txt
[ 90/654    0s] WriteText Library/Bee/artifacts/1900b0aE.dag/UnityEditor.TestRunner.rsp2
[ 91/654    0s] WriteText Library/Bee/artifacts/1900b0aE.dag/UnityEngine.UI.dll.mvfrm.rsp
[ 92/654    0s] WriteText Library/Bee/artifacts/1900b0aE.dag/UnityEngine.UI.rsp
[ 93/654    0s] MovedFromExtractor Library/Bee/artifacts/mvdfrm/UnityEditor.PresetsUIModule.dll_82F0B98DC482BF7B.mvfrm
[ 94/654    0s] MovedFromExtractor Library/Bee/artifacts/mvdfrm/UnityEditor.PropertiesModule.dll_E7C7F1DBCD526744.mvfrm
[ 95/654    0s] MovedFromExtractor Library/Bee/artifacts/mvdfrm/UnityEditor.SafeModeModule.dll_75FE09C42790B7D1.mvfrm
[ 96/654    0s] MovedFromExtractor Library/Bee/artifacts/mvdfrm/UnityEditor.QuickSearchModule.dll_793FF82CFDF779D8.mvfrm
[ 97/654    0s] MovedFromExtractor Library/Bee/artifacts/mvdfrm/UnityEditor.SceneTemplateModule.dll_2C61C8CA5B80E359.mvfrm
[ 98/654    0s] MovedFromExtractor Library/Bee/artifacts/mvdfrm/UnityEditor.SceneViewModule.dll_063A63B3B74D3484.mvfrm
[ 99/654    0s] MovedFromExtractor Library/Bee/artifacts/mvdfrm/UnityEditor.SketchUpModule.dll_5E12EF1472C253E8.mvfrm
[100/654    0s] MovedFromExtractor Library/Bee/artifacts/mvdfrm/UnityEditor.ShaderFoundryModule.dll_6B41990D7E305FE7.mvfrm
[101/654    0s] MovedFromExtractor Library/Bee/artifacts/mvdfrm/UnityEditor.Graphs.dll_901CE325720BC982.mvfrm
[102/654    0s] MovedFromExtractor Library/Bee/artifacts/mvdfrm/UnityEditor.WindowsStandalone.Extensions.dll_9ADD256C323CA750.mvfrm
[103/654    0s] MovedFromExtractor Library/Bee/artifacts/mvdfrm/Unity.Collections.LowLevel.ILSupport.dll_A8DBA71237A1D37F.mvfrm
[104/654    0s] MovedFromExtractor Library/Bee/artifacts/mvdfrm/UnityEngine.AccessibilityModule.dll_5F0734615BF70AF6.mvfrm
[105/654    0s] MovedFromExtractor Library/Bee/artifacts/mvdfrm/UnityEngine.AMDModule.dll_9BB16EFFCDABE460.mvfrm
[106/654    0s] MovedFromExtractor Library/Bee/artifacts/mvdfrm/UnityEngine.AnimationModule.dll_960FFCD49C873C1C.mvfrm
[107/654    0s] MovedFromExtractor Library/Bee/artifacts/mvdfrm/UnityEngine.AndroidJNIModule.dll_90EDD5CA966A2B62.mvfrm
[108/654    0s] MovedFromExtractor Library/Bee/artifacts/mvdfrm/UnityEngine.VideoModule.dll_6186749423AC51B3.mvfrm
[109/654    0s] MovedFromExtractor Library/Bee/artifacts/mvdfrm/UnityEngine.VehiclesModule.dll_E8D7C5C425855EF3.mvfrm
[110/654    0s] MovedFromExtractor Library/Bee/artifacts/mvdfrm/UnityEngine.WindModule.dll_C4AFB2102B8078E4.mvfrm
[111/654    0s] MovedFromExtractor Library/Bee/artifacts/mvdfrm/UnityEngine.VRModule.dll_C30AEF1243C71EC8.mvfrm
[112/654    0s] MovedFromExtractor-Combine Library/Bee/artifacts/1900b0aE.dag/UnityEngine.TestRunner.dll.mvfrm
[113/654    0s] MovedFromExtractor Library/Bee/artifacts/mvdfrm/UnityEngine.XRModule.dll_F5C9B216CD016C26.mvfrm
[114/654    0s] MovedFromExtractor Library/Bee/artifacts/mvdfrm/UnityEngine.TilemapModule.dll_A7E0165D88447896.mvfrm
[115/654    0s] MovedFromExtractor Library/Bee/artifacts/mvdfrm/UnityEngine.UmbraModule.dll_B7519C41EE40E181.mvfrm
[116/654    0s] MovedFromExtractor-Combine Library/Bee/artifacts/1900b0aE.dag/UnityEngine.UI.dll.mvfrm
[117/654    0s] MovedFromExtractor Library/Bee/artifacts/mvdfrm/UnityEngine.UnityWebRequestTextureModule.dll_7A7A323B7B62D8E7.mvfrm
[118/654    0s] MovedFromExtractor Library/Bee/artifacts/mvdfrm/UnityEngine.UnityAnalyticsModule.dll_DD039AE0548F467D.mvfrm
[119/654    0s] MovedFromExtractor Library/Bee/artifacts/mvdfrm/UnityEngine.UnityWebRequestAudioModule.dll_16D9D2C1321F94D2.mvfrm
[120/654    0s] MovedFromExtractor Library/Bee/artifacts/mvdfrm/UnityEngine.UnityWebRequestAssetBundleModule.dll_B89EE708F9407F0E.mvfrm
[120/654    0s] Csc Library/Bee/artifacts/1900b0aE.dag/UnityEngine.TestRunner.dll (+2 others) [CacheHit ce4e245a84479ebd092919abb7037fb400000000000000000000000000000004]
[121/654   1790279514s] Csc Library/Bee/artifacts/1900b0aE.dag/UnityEngine.TestRunner.dll (+2 others)
[123/654    0s] MovedFromExtractor Library/Bee/artifacts/mvdfrm/UnityEngine.UnityWebRequestModule.dll_BB5F06F3A6BB6F68.mvfrm
[124/654    0s] MovedFromExtractor Library/Bee/artifacts/mvdfrm/UnityEngine.AssetBundleModule.dll_BD292B1E605E2ECA.mvfrm
[125/654    0s] MovedFromExtractor Library/Bee/artifacts/mvdfrm/UnityEngine.UnityWebRequestWWWModule.dll_44B362E480809B23.mvfrm
[124/654    0s] Csc Library/Bee/artifacts/1900b0aE.dag/UnityEngine.UI.dll (+2 others) [CacheHit c4e3ecd59c6818316586aaea0a8b37cd00000000000000000000000000000004]
[126/654   1790279514s] Csc Library/Bee/artifacts/1900b0aE.dag/UnityEngine.UI.dll (+2 others)
[128/654    0s] WriteText Library/Bee/artifacts/1900b0aE.dag/UnityEditor.TestRunner.dll.mvfrm.rsp
[129/654    0s] WriteText Library/Bee/artifacts/1900b0aE.dag/UnityEditor.TestRunner.rsp
[130/654    0s] WriteText Library/Bee/artifacts/1900b0aE.dag/UnityEditor.UI.UnityAdditionalFile.txt
[131/654    0s] WriteText Library/Bee/artifacts/1900b0aE.dag/UnityEditor.UI.rsp2
[132/654    0s] MovedFromExtractor Library/Bee/artifacts/mvdfrm/UnityEngine.AudioModule.dll_3C7CF029611A360E.mvfrm
[133/654    0s] WriteText Library/Bee/artifacts/1900b0aE.dag/UnityEditor.UI.dll.mvfrm.rsp
[134/654    0s] WriteText Library/Bee/artifacts/1900b0aE.dag/UnityEditor.UI.rsp
[135/654    0s] WriteText Library/Bee/artifacts/1900b0aE.dag/Unity.Mathematics.UnityAdditionalFile.txt
[136/654    0s] WriteText Library/Bee/artifacts/1900b0aE.dag/Unity.Mathematics.rsp2
[137/654    0s] WriteText Library/Bee/artifacts/1900b0aE.dag/Unity.Burst.UnityAdditionalFile.txt
[138/654    0s] WriteText Library/Bee/artifacts/1900b0aE.dag/Unity.Burst.rsp2
[139/654    0s] WriteText Library/Bee/artifacts/1900b0aE.dag/Unity.Mathematics.dll.mvfrm.rsp
[140/654    0s] MovedFromExtractor Library/Bee/artifacts/mvdfrm/UnityEngine.ClothModule.dll_A3654D243B3714F2.mvfrm
[141/654    0s] WriteText Library/Bee/artifacts/1900b0aE.dag/Unity.Burst.dll.mvfrm.rsp
[142/654    0s] WriteText Library/Bee/artifacts/1900b0aE.dag/Unity.Mathematics.rsp
[143/654    0s] WriteText Library/Bee/artifacts/1900b0aE.dag/Unity.Burst.rsp
[144/654    0s] WriteText Library/Bee/artifacts/1900b0aE.dag/Unity.Collections.UnityAdditionalFile.txt
[145/654    0s] WriteText Library/Bee/artifacts/1900b0aE.dag/Unity.Collections.rsp2
[146/654    0s] WriteText Library/Bee/artifacts/1900b0aE.dag/Unity.Collections.dll.mvfrm.rsp
[147/654    0s] WriteText Library/Bee/artifacts/1900b0aE.dag/Unity.InputSystem.UnityAdditionalFile.txt
[148/654    0s] WriteText Library/Bee/artifacts/1900b0aE.dag/Unity.InputSystem.rsp2
[149/654    0s] WriteText Library/Bee/artifacts/1900b0aE.dag/Unity.Collections.rsp
[150/654    0s] WriteText Library/Bee/artifacts/1900b0aE.dag/Unity.InputSystem.dll.mvfrm.rsp
[151/654    0s] WriteText Library/Bee/artifacts/1900b0aE.dag/Unity.InputSystem.rsp
[152/654    0s] WriteText Library/Bee/artifacts/1900b0aE.dag/Unity.RenderPipelines.Core.Runtime.UnityAdditionalFile.txt
[153/654    0s] WriteText Library/Bee/artifacts/1900b0aE.dag/Unity.RenderPipelines.Core.Runtime.rsp2
[154/654    0s] WriteText Library/Bee/artifacts/1900b0aE.dag/Unity.RenderPipelines.Core.Runtime.dll.mvfrm.rsp
[155/654    0s] WriteText Library/Bee/artifacts/1900b0aE.dag/Unity.RenderPipelines.Core.Runtime.rsp
[156/654    0s] WriteText Library/Bee/artifacts/1900b0aE.dag/Unity.Collections.CodeGen.rsp2
[157/654    0s] WriteText Library/Bee/artifacts/1900b0aE.dag/Unity.Collections.CodeGen.UnityAdditionalFile.txt
[158/654    0s] WriteText Library/Bee/artifacts/1900b0aE.dag/Unity.Burst.CodeGen.UnityAdditionalFile.txt
[159/654    0s] WriteText Library/Bee/artifacts/1900b0aE.dag/Unity.Burst.CodeGen.rsp2
[160/654    0s] WriteText Library/Bee/artifacts/1900b0aE.dag/Unity.RenderPipelines.GPUDriven.Runtime.UnityAdditionalFile.txt
[161/654    0s] WriteText Library/Bee/artifacts/1900b0aE.dag/Unity.RenderPipelines.GPUDriven.Runtime.rsp2
[162/654    0s] WriteText Library/Bee/artifacts/1900b0aE.dag/Unity.RenderPipeline.Universal.ShaderLibrary.rsp2
[163/654    0s] WriteText Library/Bee/artifacts/1900b0aE.dag/Unity.RenderPipeline.Universal.ShaderLibrary.UnityAdditionalFile.txt
[164/654    0s] WriteText Library/Bee/artifacts/1900b0aE.dag/Unity.RenderPipelines.Core.Runtime.Shared.rsp2
[165/654    0s] WriteText Library/Bee/artifacts/1900b0aE.dag/Unity.RenderPipelines.Core.Runtime.Shared.UnityAdditionalFile.txt
[166/654    0s] WriteText Library/Bee/artifacts/1900b0aE.dag/Unity.RenderPipelines.Universal.Config.Runtime.UnityAdditionalFile.txt
[167/654    0s] WriteText Library/Bee/artifacts/1900b0aE.dag/Unity.RenderPipelines.Universal.Config.Runtime.rsp2
[168/654    0s] WriteText Library/Bee/artifacts/1900b0aE.dag/Unity.Rendering.LightTransport.Runtime.rsp2
[169/654    0s] WriteText Library/Bee/artifacts/1900b0aE.dag/Unity.Rendering.LightTransport.Runtime.UnityAdditionalFile.txt
[170/654    0s] WriteText Library/Bee/artifacts/1900b0aE.dag/Unity.RenderPipelines.GPUDriven.Runtime.dll.mvfrm.rsp
[171/654    0s] WriteText Library/Bee/artifacts/1900b0aE.dag/Unity.RenderPipelines.GPUDriven.Runtime.rsp
[172/654    0s] WriteText Library/Bee/artifacts/1900b0aE.dag/Unity.RenderPipeline.Universal.ShaderLibrary.dll.mvfrm.rsp
[173/654    0s] WriteText Library/Bee/artifacts/1900b0aE.dag/Unity.RenderPipelines.Core.Runtime.Shared.dll.mvfrm.rsp
[174/654    0s] WriteText Library/Bee/artifacts/1900b0aE.dag/Unity.RenderPipeline.Universal.ShaderLibrary.rsp
[175/654    0s] WriteText Library/Bee/artifacts/1900b0aE.dag/Unity.RenderPipelines.Universal.Config.Runtime.dll.mvfrm.rsp
[176/654    0s] WriteText Library/Bee/artifacts/1900b0aE.dag/Unity.RenderPipelines.Core.Runtime.Shared.rsp
[177/654    0s] WriteText Library/Bee/artifacts/1900b0aE.dag/Unity.RenderPipelines.Universal.Config.Runtime.rsp
[178/654    0s] WriteText Library/Bee/artifacts/1900b0aE.dag/Unity.Rendering.LightTransport.Runtime.dll.mvfrm.rsp
[179/654    0s] WriteText Library/Bee/artifacts/1900b0aE.dag/Unity.Rendering.LightTransport.Runtime.rsp
[180/654    0s] WriteText Library/Bee/artifacts/1900b0aE.dag/Unity.RenderPipelines.Universal.Runtime.UnityAdditionalFile.txt
[181/654    0s] WriteText Library/Bee/artifacts/1900b0aE.dag/Unity.RenderPipelines.Universal.Runtime.rsp2
[182/654    0s] WriteText Library/Bee/artifacts/1900b0aE.dag/Unity.RenderPipelines.Core.Editor.rsp2
[183/654    0s] MovedFromExtractor Library/Bee/artifacts/mvdfrm/UnityEngine.DirectorModule.dll_7114CC44AB5B8F58.mvfrm
[184/654    0s] WriteText Library/Bee/artifacts/1900b0aE.dag/Unity.RenderPipelines.Core.Editor.UnityAdditionalFile.txt
[185/654    0s] MovedFromExtractor Library/Bee/artifacts/mvdfrm/UnityEngine.NVIDIAModule.dll_8B7B59A5355A1C47.mvfrm
[186/654    0s] MovedFromExtractor Library/Bee/artifacts/mvdfrm/UnityEngine.ParticleSystemModule.dll_BD642A16A867F481.mvfrm
[187/654    0s] MovedFromExtractor Library/Bee/artifacts/mvdfrm/UnityEngine.Physics2DModule.dll_E2B5ECC53D8433B1.mvfrm
[188/654    0s] MovedFromExtractor Library/Bee/artifacts/mvdfrm/UnityEngine.ImageConversionModule.dll_A9BFFF499BC6D4E9.mvfrm
[189/654    0s] WriteText Library/Bee/artifacts/1900b0aE.dag/Unity.Collections.CodeGen.dll.mvfrm.rsp
[190/654    0s] WriteText Library/Bee/artifacts/1900b0aE.dag/Unity.Burst.CodeGen.dll.mvfrm.rsp
[191/654    0s] WriteText Library/Bee/artifacts/1900b0aE.dag/Unity.Burst.CodeGen.rsp
[192/654    0s] WriteText Library/Bee/artifacts/1900b0aE.dag/Unity.Collections.CodeGen.rsp
[193/654    0s] WriteText Library/Bee/artifacts/1900b0aE.dag/Unity.RenderPipelines.Universal.Runtime.dll.mvfrm.rsp
[194/654    0s] WriteText Library/Bee/artifacts/1900b0aE.dag/Unity.RenderPipelines.Universal.Runtime.rsp
[195/654    0s] WriteText Library/Bee/artifacts/1900b0aE.dag/Unity.Searcher.Editor.rsp2
[196/654    0s] WriteText Library/Bee/artifacts/1900b0aE.dag/Unity.RenderPipelines.Core.Editor.dll.mvfrm.rsp
[197/654    0s] WriteText Library/Bee/artifacts/1900b0aE.dag/Unity.Searcher.Editor.UnityAdditionalFile.txt
[198/654    0s] WriteText Library/Bee/artifacts/1900b0aE.dag/Unity.RenderPipelines.Core.Editor.rsp
[199/654    0s] WriteText Library/Bee/artifacts/1900b0aE.dag/Unity.ShaderGraph.Utilities.rsp2
[200/654    0s] WriteText Library/Bee/artifacts/1900b0aE.dag/Unity.ShaderGraph.Utilities.UnityAdditionalFile.txt
[201/654    0s] WriteText Library/Bee/artifacts/1900b0aE.dag/Unity.Searcher.Editor.dll.mvfrm.rsp
[202/654    0s] WriteText Library/Bee/artifacts/1900b0aE.dag/Unity.Searcher.Editor.rsp
[203/654    0s] WriteText Library/Bee/artifacts/1900b0aE.dag/Unity.ShaderGraph.Utilities.dll.mvfrm.rsp
[204/654    0s] WriteText Library/Bee/artifacts/1900b0aE.dag/Unity.RenderPipelines.Universal.2D.Runtime.UnityAdditionalFile.txt
[205/654    0s] WriteText Library/Bee/artifacts/1900b0aE.dag/Unity.ShaderGraph.Utilities.rsp
[206/654    0s] WriteText Library/Bee/artifacts/1900b0aE.dag/Unity.RenderPipelines.Universal.2D.Runtime.rsp2
[207/654    0s] WriteText Library/Bee/artifacts/1900b0aE.dag/Unity.Splines.UnityAdditionalFile.txt
[208/654    0s] WriteText Library/Bee/artifacts/1900b0aE.dag/Unity.Splines.rsp2
[209/654    0s] WriteText Library/Bee/artifacts/1900b0aE.dag/Unity.RenderPipelines.Core.Editor.Shared.rsp2
[210/654    0s] MovedFromExtractor Library/Bee/artifacts/mvdfrm/UnityEngine.SubsystemsModule.dll_0F14F8D74C6299E0.mvfrm
[211/654    0s] WriteText Library/Bee/artifacts/1900b0aE.dag/Unity.ShaderGraph.Editor.rsp2
[212/654    0s] WriteText Library/Bee/artifacts/1900b0aE.dag/Unity.Burst.Editor.UnityAdditionalFile.txt
[213/654    0s] WriteText Library/Bee/artifacts/1900b0aE.dag/Unity.Burst.Editor.rsp2
[214/654    0s] WriteText Library/Bee/artifacts/1900b0aE.dag/Unity.ShaderGraph.Editor.UnityAdditionalFile.txt
[215/654    0s] WriteText Library/Bee/artifacts/1900b0aE.dag/Unity.Mathematics.Editor.UnityAdditionalFile.txt
[216/654    0s] WriteText Library/Bee/artifacts/1900b0aE.dag/Unity.Mathematics.Editor.rsp2
[217/654    0s] WriteText Library/Bee/artifacts/1900b0aE.dag/Unity.RenderPipelines.Core.Editor.Shared.UnityAdditionalFile.txt
[218/654    0s] MovedFromExtractor Library/Bee/artifacts/mvdfrm/UnityEngine.TerrainPhysicsModule.dll_BDDED2E9C1AAEF0E.mvfrm
[219/654    0s] WriteText Library/Bee/artifacts/1900b0aE.dag/Unity.AI.Navigation.Editor.ConversionSystem.rsp2
[220/654    0s] WriteText Library/Bee/artifacts/1900b0aE.dag/Unity.AI.Navigation.rsp2
[221/654    0s] WriteText Library/Bee/artifacts/1900b0aE.dag/Unity.AI.Navigation.Editor.ConversionSystem.UnityAdditionalFile.txt
[222/654    0s] WriteText Library/Bee/artifacts/1900b0aE.dag/Unity.AI.Navigation.UnityAdditionalFile.txt
[223/654    0s] WriteText Library/Bee/artifacts/1900b0aE.dag/Unity.Settings.Editor.UnityAdditionalFile.txt
[224/654    0s] WriteText Library/Bee/artifacts/1900b0aE.dag/Unity.RenderPipelines.Universal.2D.Runtime.dll.mvfrm.rsp
[225/654    0s] WriteText Library/Bee/artifacts/1900b0aE.dag/Unity.Settings.Editor.rsp2
[226/654    0s] WriteText Library/Bee/artifacts/1900b0aE.dag/Unity.Splines.dll.mvfrm.rsp
[227/654    0s] WriteText Library/Bee/artifacts/1900b0aE.dag/Unity.RenderPipelines.Universal.2D.Runtime.rsp
[228/654    0s] WriteText Library/Bee/artifacts/1900b0aE.dag/Unity.Burst.Editor.dll.mvfrm.rsp
[229/654    0s] WriteText Library/Bee/artifacts/1900b0aE.dag/Unity.RenderPipelines.Core.Editor.Shared.dll.mvfrm.rsp
[230/654    0s] WriteText Library/Bee/artifacts/1900b0aE.dag/Unity.ShaderGraph.Editor.dll.mvfrm.rsp
[231/654    0s] WriteText Library/Bee/artifacts/1900b0aE.dag/Unity.Splines.rsp
[232/654    0s] WriteText Library/Bee/artifacts/1900b0aE.dag/Unity.RenderPipelines.Core.Editor.Shared.rsp
[233/654    0s] WriteText Library/Bee/artifacts/1900b0aE.dag/Unity.Mathematics.Editor.dll.mvfrm.rsp
[234/654    0s] WriteText Library/Bee/artifacts/1900b0aE.dag/Unity.Mathematics.Editor.rsp
[235/654    0s] WriteText Library/Bee/artifacts/1900b0aE.dag/Unity.AI.Navigation.Editor.ConversionSystem.dll.mvfrm.rsp
[236/654    0s] WriteText Library/Bee/artifacts/1900b0aE.dag/Unity.ShaderGraph.Editor.rsp
[237/654    0s] WriteText Library/Bee/artifacts/1900b0aE.dag/Unity.Burst.Editor.rsp
[238/654    0s] MovedFromExtractor Library/Bee/artifacts/mvdfrm/UnityEngine.ScreenCaptureModule.dll_D9066B226F9E97E2.mvfrm
[239/654    0s] WriteText Library/Bee/artifacts/1900b0aE.dag/Unity.AI.Navigation.dll.mvfrm.rsp
[240/654    0s] WriteText Library/Bee/artifacts/1900b0aE.dag/Unity.AI.Navigation.Editor.ConversionSystem.rsp
[241/654    0s] WriteText Library/Bee/artifacts/1900b0aE.dag/Unity.Settings.Editor.rsp
[242/654    0s] WriteText Library/Bee/artifacts/1900b0aE.dag/Unity.Settings.Editor.dll.mvfrm.rsp
[243/654    0s] WriteText Library/Bee/artifacts/1900b0aE.dag/Unity.AI.Navigation.rsp
[244/654    0s] WriteText Library/Bee/artifacts/1900b0aE.dag/Unity.RenderPipelines.Universal.Editor.rsp2
[245/654    0s] WriteText Library/Bee/artifacts/1900b0aE.dag/Unity.RenderPipelines.Universal.Editor.UnityAdditionalFile.txt
[246/654    0s] WriteResponseFile Library/Bee/artifacts/rsp/4747638433968585886.rsp
[247/654    0s] WriteText Library/Bee/artifacts/1900b0aE.dag/Unity.Splines.Editor.UnityAdditionalFile.txt
[248/654    0s] WriteText Library/Bee/artifacts/1900b0aE.dag/Unity.TextMeshPro.UnityAdditionalFile.txt
[249/654    0s] WriteText Library/Bee/artifacts/1900b0aE.dag/Unity.AI.Navigation.Editor.rsp2
[250/654    0s] WriteText Library/Bee/artifacts/1900b0aE.dag/Unity.AI.Navigation.Editor.UnityAdditionalFile.txt
[251/654    0s] WriteText Library/Bee/artifacts/1900b0aE.dag/Unity.Cinemachine.rsp2
[252/654    0s] WriteText Library/Bee/artifacts/1900b0aE.dag/Unity.TextMeshPro.rsp2
[253/654    0s] WriteText Library/Bee/artifacts/1900b0aE.dag/Unity.Splines.Editor.rsp2
[254/654    0s] WriteText Library/Bee/artifacts/1900b0aE.dag/Unity.Cinemachine.UnityAdditionalFile.txt
[255/654    0s] WriteText Library/Bee/artifacts/1900b0aE.dag/Unity.RenderPipelines.Universal.Editor.dll.mvfrm.rsp
[256/654    0s] WriteText Library/Bee/artifacts/1900b0aE.dag/Unity.Cinemachine.dll.mvfrm.rsp
[257/654    0s] WriteText Library/Bee/artifacts/1900b0aE.dag/Unity.Splines.Editor.dll.mvfrm.rsp
[258/654    0s] WriteText Library/Bee/artifacts/1900b0aE.dag/Unity.AI.Navigation.Editor.dll.mvfrm.rsp
[259/654    0s] WriteText Library/Bee/artifacts/1900b0aE.dag/Unity.Cinemachine.rsp
[260/654    0s] WriteText Library/Bee/artifacts/1900b0aE.dag/Unity.TextMeshPro.dll.mvfrm.rsp
[261/654    0s] WriteText Library/Bee/artifacts/1900b0aE.dag/Unity.RenderPipelines.Universal.Editor.rsp
[262/654    0s] WriteText Library/Bee/artifacts/1900b0aE.dag/Unity.AI.Navigation.Editor.rsp
[263/654    0s] WriteText Library/Bee/artifacts/1900b0aE.dag/Unity.Splines.Editor.rsp
[264/654    0s] WriteText Library/Bee/artifacts/1900b0aE.dag/Unity.TextMeshPro.rsp
[265/654    0s] WriteText Library/Bee/artifacts/1900b0aE.dag/Unity.Rendering.LightTransport.Editor.rsp2
[266/654    0s] WriteText Library/Bee/artifacts/1900b0aE.dag/Unity.AI.Navigation.Updater.UnityAdditionalFile.txt
[267/654    0s] WriteText Library/Bee/artifacts/1900b0aE.dag/Unity.TextMeshPro.Editor.rsp2
[268/654    0s] WriteText Library/Bee/artifacts/1900b0aE.dag/Unity.TextMeshPro.Editor.UnityAdditionalFile.txt
[269/654    0s] WriteText Library/Bee/artifacts/1900b0aE.dag/Unity.AI.Navigation.Updater.rsp2
[270/654    0s] WriteText Library/Bee/artifacts/1900b0aE.dag/Unity.Rendering.LightTransport.Editor.UnityAdditionalFile.txt
[271/654    0s] WriteText Library/Bee/artifacts/1900b0aE.dag/Unity.Cinemachine.Editor.UnityAdditionalFile.txt
[272/654    0s] WriteText Library/Bee/artifacts/1900b0aE.dag/Unity.Cinemachine.Editor.rsp2
[273/654    0s] WriteText Library/Bee/artifacts/1900b0aE.dag/Unity.Collections.Editor.UnityAdditionalFile.txt
[274/654    0s] WriteText Library/Bee/artifacts/1900b0aE.dag/Unity.Collections.Editor.rsp2
[275/654    0s] WriteText Library/Bee/artifacts/1900b0aE.dag/Unity.InputSystem.ForUI.UnityAdditionalFile.txt
[276/654    0s] WriteText Library/Bee/artifacts/1900b0aE.dag/Unity.InputSystem.ForUI.rsp2
[277/654    0s] WriteText Library/Bee/artifacts/1900b0aE.dag/Unity.RenderPipelines.Core.ShaderLibrary.UnityAdditionalFile.txt
[278/654    0s] WriteText Library/Bee/artifacts/1900b0aE.dag/Unity.RenderPipelines.Core.ShaderLibrary.rsp2
[279/654    0s] WriteText Library/Bee/artifacts/1900b0aE.dag/Unity.RenderPipelines.ShaderGraph.ShaderGraphLibrary.UnityAdditionalFile.txt
[280/654    0s] WriteText Library/Bee/artifacts/1900b0aE.dag/Unity.RenderPipelines.ShaderGraph.ShaderGraphLibrary.rsp2
[281/654    0s] WriteText Library/Bee/artifacts/1900b0aE.dag/Unity.RenderPipelines.Universal.Shaders.UnityAdditionalFile.txt
[282/654    0s] WriteText Library/Bee/artifacts/1900b0aE.dag/Unity.Cinemachine.Editor.dll.mvfrm.rsp
[283/654    0s] WriteText Library/Bee/artifacts/1900b0aE.dag/Unity.AI.Navigation.Updater.dll.mvfrm.rsp
[284/654    0s] WriteText Library/Bee/artifacts/1900b0aE.dag/Unity.TextMeshPro.Editor.dll.mvfrm.rsp
[285/654    0s] WriteText Library/Bee/artifacts/1900b0aE.dag/Unity.RenderPipelines.Universal.Shaders.rsp2
[286/654    0s] WriteText Library/Bee/artifacts/1900b0aE.dag/Unity.Rendering.LightTransport.Editor.dll.mvfrm.rsp
[287/654    0s] WriteText Library/Bee/artifacts/1900b0aE.dag/Unity.Collections.Editor.dll.mvfrm.rsp
[288/654    0s] WriteText Library/Bee/artifacts/1900b0aE.dag/Unity.RenderPipelines.ShaderGraph.ShaderGraphLibrary.dll.mvfrm.rsp
[289/654    0s] WriteText Library/Bee/artifacts/1900b0aE.dag/Unity.InputSystem.ForUI.dll.mvfrm.rsp
[290/654    0s] WriteText Library/Bee/artifacts/1900b0aE.dag/Unity.RenderPipelines.Universal.Shaders.dll.mvfrm.rsp
[291/654    0s] WriteText Library/Bee/artifacts/1900b0aE.dag/Unity.Cinemachine.Editor.rsp
[292/654    0s] WriteText Library/Bee/artifacts/1900b0aE.dag/Unity.TextMeshPro.Editor.rsp
[293/654    0s] WriteText Library/Bee/artifacts/1900b0aE.dag/Unity.RenderPipelines.Core.ShaderLibrary.dll.mvfrm.rsp
[294/654    0s] WriteText Library/Bee/artifacts/1900b0aE.dag/Unity.Rendering.LightTransport.Editor.rsp
[295/654    0s] WriteText Library/Bee/artifacts/1900b0aE.dag/Unity.Collections.Editor.rsp
[296/654    0s] WriteText Library/Bee/artifacts/1900b0aE.dag/Unity.RenderPipelines.Core.ShaderLibrary.rsp
[297/654    0s] WriteText Library/Bee/artifacts/1900b0aE.dag/Unity.RenderPipelines.ShaderGraph.ShaderGraphLibrary.rsp
[298/654    0s] WriteText Library/Bee/artifacts/1900b0aE.dag/Unity.InputSystem.ForUI.rsp
[299/654    0s] WriteText Library/Bee/artifacts/1900b0aE.dag/Unity.AI.Navigation.Updater.rsp
[300/654    0s] WriteText Library/Bee/artifacts/1900b0aE.dag/PPv2URPConverters.rsp2
[301/654    0s] WriteText Library/Bee/artifacts/1900b0aE.dag/PPv2URPConverters.UnityAdditionalFile.txt
[302/654    0s] WriteText Library/Bee/artifacts/1900b0aE.dag/Unity.PerformanceTesting.UnityAdditionalFile.txt
[303/654    0s] WriteText Library/Bee/artifacts/1900b0aE.dag/Unity.PerformanceTesting.rsp2
[304/654    0s] WriteText Library/Bee/artifacts/1900b0aE.dag/PPv2URPConverters.dll.mvfrm.rsp
[305/654    0s] WriteText Library/Bee/artifacts/1900b0aE.dag/Unity.PerformanceTesting.dll.mvfrm.rsp
[306/654    0s] WriteText Library/Bee/artifacts/1900b0aE.dag/Unity.RenderPipelines.Universal.Shaders.rsp
[307/654    0s] WriteText Library/Bee/artifacts/1900b0aE.dag/PPv2URPConverters.rsp
[308/654    0s] WriteText Library/Bee/artifacts/1900b0aE.dag/Unity.PerformanceTesting.rsp
[309/654    0s] WriteText Library/Bee/artifacts/1900b0aE.dag/Assembly-CSharp.UnityAdditionalFile.txt
[310/654    0s] WriteText Library/Bee/artifacts/1900b0aE.dag/Assembly-CSharp.dll.mvfrm.rsp
[311/654    0s] WriteText Library/Bee/artifacts/1900b0aE.dag/Assembly-CSharp.rsp
[312/654    0s] WriteText Library/Bee/artifacts/1900b0aE.dag/Unity.InputSystem.TestFramework.dll.mvfrm.rsp
[313/654    0s] WriteText Library/Bee/artifacts/1900b0aE.dag/Unity.InputSystem.TestFramework.rsp2
[314/654    0s] WriteText Library/Bee/artifacts/1900b0aE.dag/Assembly-CSharp-Editor.dll.mvfrm.rsp
[315/654    0s] WriteText Library/Bee/artifacts/1900b0aE.dag/Unity.PerformanceTesting.Editor.dll.mvfrm.rsp
[316/654    0s] WriteText Library/Bee/artifacts/1900b0aE.dag/Unity.InputSystem.TestFramework.UnityAdditionalFile.txt
[317/654    0s] WriteText Library/Bee/artifacts/1900b0aE.dag/Assembly-CSharp-Editor.UnityAdditionalFile.txt
[318/654    0s] WriteText Library/Bee/artifacts/1900b0aE.dag/Assembly-CSharp-Editor.rsp2
[319/654    0s] WriteText Library/Bee/artifacts/1900b0aE.dag/Assembly-CSharp.rsp2
[320/654    0s] WriteText Library/Bee/artifacts/1900b0aE.dag/Unity.PerformanceTesting.Editor.UnityAdditionalFile.txt
[321/654    0s] WriteText Library/Bee/artifacts/1900b0aE.dag/Unity.PerformanceTesting.Editor.rsp2
[322/654    0s] WriteText Library/Bee/artifacts/1900b0aE.dag/Unity.InputSystem.TestFramework.rsp
[323/654    0s] WriteText Library/Bee/artifacts/1900b0aE.dag/Assembly-CSharp-Editor.rsp
[324/654    0s] WriteResponseFile Library/Bee/artifacts/rsp/13686715218353603589.rsp
[325/654    0s] WriteResponseFile Library/Bee/artifacts/rsp/14832617886295879631.rsp
[326/654    0s] WriteResponseFile Library/Bee/artifacts/rsp/15085861467720516389.rsp
[327/654    0s] WriteResponseFile Library/Bee/artifacts/rsp/15875538839575725175.rsp
[328/654    0s] WriteResponseFile Library/Bee/artifacts/rsp/4014436084419441659.rsp
[329/654    0s] WriteResponseFile Library/Bee/artifacts/rsp/10010842633742469623.rsp
[330/654    0s] WriteText Library/Bee/artifacts/1900b0aE.dag/Unity.PerformanceTesting.Editor.rsp
[331/654    0s] WriteResponseFile Library/Bee/artifacts/rsp/17571664448659802584.rsp
[332/654    0s] WriteResponseFile Library/Bee/artifacts/rsp/17525389461119239690.rsp
[333/654    0s] WriteResponseFile Library/Bee/artifacts/rsp/10397561839769426034.rsp
[334/654    0s] WriteResponseFile Library/Bee/artifacts/rsp/10411718816959651794.rsp
[335/654    0s] WriteResponseFile Library/Bee/artifacts/rsp/6154019870087291391.rsp
[336/654    0s] WriteResponseFile Library/Bee/artifacts/rsp/2157608619508796868.rsp
[337/654    0s] WriteResponseFile Library/Bee/artifacts/rsp/11294775302662683298.rsp
[338/654    0s] WriteResponseFile Library/Bee/artifacts/rsp/10678863128556690338.rsp
[339/654    0s] WriteResponseFile Library/Bee/artifacts/rsp/3064155424177982801.rsp
[340/654    0s] WriteResponseFile Library/Bee/artifacts/rsp/18218310762646611085.rsp
[341/654    0s] WriteResponseFile Library/Bee/artifacts/rsp/5803490648119114145.rsp
[342/654    0s] WriteResponseFile Library/Bee/artifacts/rsp/13909235412005675431.rsp
[343/654    0s] WriteResponseFile Library/Bee/artifacts/rsp/5546506141355401238.rsp
[344/654    0s] WriteResponseFile Library/Bee/artifacts/rsp/5916180605834378387.rsp
[345/654    0s] WriteResponseFile Library/Bee/artifacts/rsp/17346584914308636752.rsp
[346/654    0s] WriteResponseFile Library/Bee/artifacts/rsp/2897256077774953845.rsp
[347/654    0s] MovedFromExtractor Library/Bee/artifacts/mvdfrm/UnityEngine.TestRunner.ref.dll_E55D0F7C63F01D9E.mvfrm
[348/654    0s] WriteResponseFile Library/Bee/artifacts/rsp/9870516708743257357.rsp
[349/654    0s] WriteResponseFile Library/Bee/artifacts/rsp/9703144790800738880.rsp
[350/654    0s] WriteResponseFile Library/Bee/artifacts/rsp/10292501669419677951.rsp
[351/654    0s] WriteResponseFile Library/Bee/artifacts/rsp/1418726328684876121.rsp
[352/654    0s] WriteResponseFile Library/Bee/artifacts/rsp/17296387151066238333.rsp
[353/654    0s] WriteResponseFile Library/Bee/artifacts/rsp/6841316898876630997.rsp
[354/654    0s] WriteResponseFile Library/Bee/artifacts/rsp/14814235663552238418.rsp
[355/654    0s] WriteResponseFile Library/Bee/artifacts/rsp/10719215101466552486.rsp
[356/654    0s] WriteResponseFile Library/Bee/artifacts/rsp/1177933628359149393.rsp
[357/654    0s] WriteResponseFile Library/Bee/artifacts/rsp/6947401630772442630.rsp
[358/654    0s] WriteResponseFile Library/Bee/artifacts/rsp/15183149355271759364.rsp
[359/654    0s] WriteResponseFile Library/Bee/artifacts/rsp/2781082588993088484.rsp
[360/654    0s] WriteResponseFile Library/Bee/artifacts/rsp/12900333509587573630.rsp
[361/654    0s] WriteResponseFile Library/Bee/artifacts/rsp/15394042617203071315.rsp
[362/654    0s] WriteResponseFile Library/Bee/artifacts/rsp/9675442845102135732.rsp
[363/654    0s] WriteResponseFile Library/Bee/artifacts/rsp/1488387367365330867.rsp
[364/654    0s] WriteResponseFile Library/Bee/artifacts/rsp/14502112590723880366.rsp
[365/654    0s] WriteResponseFile Library/Bee/artifacts/rsp/14402696373757716438.rsp
[366/654    0s] WriteResponseFile Library/Bee/artifacts/rsp/16285879237017002407.rsp
[367/654    0s] WriteResponseFile Library/Bee/artifacts/rsp/12248871281822510316.rsp
[368/654    0s] WriteResponseFile Library/Bee/artifacts/rsp/2400031028012695012.rsp
[369/654    0s] WriteResponseFile Library/Bee/artifacts/rsp/12812556936427222528.rsp
[370/654    0s] WriteResponseFile Library/Bee/artifacts/rsp/6262281476893245489.rsp
[371/654    0s] CopyFiles Library/ScriptAssemblies/UnityEngine.TestRunner.pdb
[372/654    0s] MovedFromExtractor Library/Bee/artifacts/mvdfrm/Unity.Burst.Unsafe.dll_CEF96CF5640B5F47.mvfrm
[373/654    0s] MovedFromExtractor Library/Bee/artifacts/mvdfrm/UnityEngine.UI.ref.dll_08FEAA520A2EFD60.mvfrm
[374/654    0s] MovedFromExtractor Library/Bee/artifacts/mvdfrm/Unity.CompilationPipeline.Common.dll_19E66B0C140D81FE.mvfrm
[375/654    0s] MovedFromExtractor Library/Bee/artifacts/mvdfrm/Unity.Burst.Cecil.dll_A5FBD79E52C0F38C.mvfrm
[376/654    0s] MovedFromExtractor Library/Bee/artifacts/mvdfrm/Unity.Burst.Cecil.Mdb.dll_33352EA77CF2B9C9.mvfrm
[377/654    0s] MovedFromExtractor Library/Bee/artifacts/mvdfrm/Unity.Burst.Cecil.Rocks.dll_77BE30E9EA33DCEC.mvfrm
[378/654    0s] CopyFiles Library/ScriptAssemblies/UnityEngine.TestRunner.dll
[379/654    0s] MovedFromExtractor Library/Bee/artifacts/mvdfrm/Unity.Burst.Cecil.Pdb.dll_4A87A716FBA7BB4C.mvfrm
[380/654    0s] MovedFromExtractor-Combine Library/Bee/artifacts/1900b0aE.dag/UnityEditor.TestRunner.dll.mvfrm
[378/654    0s] Csc Library/Bee/artifacts/1900b0aE.dag/UnityEditor.TestRunner.dll (+2 others) [CacheHit c71da5b85ccd6aadabaaa9af9938c98800000000000000000000000000000004]
[381/654   1790279514s] Csc Library/Bee/artifacts/1900b0aE.dag/UnityEditor.TestRunner.dll (+2 others)
[383/654    0s] CopyFiles Library/ScriptAssemblies/UnityEditor.TestRunner.pdb
[384/654    0s] CopyFiles Library/ScriptAssemblies/UnityEditor.TestRunner.dll
[385/654    0s] MovedFromExtractor Library/Bee/artifacts/mvdfrm/UnityEditor.TestRunner.ref.dll_193EC4CE382CBFB3.mvfrm
[386/654    0s] MovedFromExtractor-Combine Library/Bee/artifacts/1900b0aE.dag/UnityEditor.UI.dll.mvfrm
[383/654    0s] Csc Library/Bee/artifacts/1900b0aE.dag/UnityEditor.UI.dll (+2 others) [CacheHit b1a81e6cf6f2a922c3aca38d4d12ed9800000000000000000000000000000004]
[387/654   1790279515s] Csc Library/Bee/artifacts/1900b0aE.dag/UnityEditor.UI.dll (+2 others)
[389/654    0s] MovedFromExtractor Library/Bee/artifacts/mvdfrm/UnityEditor.UI.ref.dll_4C98D3F7040CD4F5.mvfrm
[390/654    0s] MovedFromExtractor-Combine Library/Bee/artifacts/1900b0aE.dag/Unity.Mathematics.dll.mvfrm
[391/654    0s] MovedFromExtractor-Combine Library/Bee/artifacts/1900b0aE.dag/Unity.InputSystem.dll.mvfrm
[392/654    0s] MovedFromExtractor-Combine Library/Bee/artifacts/1900b0aE.dag/Unity.RenderPipelines.Core.ShaderLibrary.dll.mvfrm
[393/654    0s] MovedFromExtractor-Combine Library/Bee/artifacts/1900b0aE.dag/Unity.Searcher.Editor.dll.mvfrm
[394/654    0s] MovedFromExtractor-Combine Library/Bee/artifacts/1900b0aE.dag/Unity.ShaderGraph.Utilities.dll.mvfrm
[395/654    0s] MovedFromExtractor-Combine Library/Bee/artifacts/1900b0aE.dag/Unity.TextMeshPro.dll.mvfrm
[396/654    0s] MovedFromExtractor-Combine Library/Bee/artifacts/1900b0aE.dag/Unity.Burst.dll.mvfrm
[397/654    0s] MovedFromExtractor-Combine Library/Bee/artifacts/1900b0aE.dag/Unity.AI.Navigation.dll.mvfrm
[398/654    0s] MovedFromExtractor-Combine Library/Bee/artifacts/1900b0aE.dag/Unity.RenderPipelines.ShaderGraph.ShaderGraphLibrary.dll.mvfrm
[399/654    0s] MovedFromExtractor-Combine Library/Bee/artifacts/1900b0aE.dag/Unity.RenderPipelines.Universal.Shaders.dll.mvfrm
[400/654    0s] MovedFromExtractor-Combine Library/Bee/artifacts/1900b0aE.dag/Unity.AI.Navigation.Editor.ConversionSystem.dll.mvfrm
[401/654    0s] MovedFromExtractor-Combine Library/Bee/artifacts/1900b0aE.dag/Unity.Settings.Editor.dll.mvfrm
[397/654    0s] Csc Library/Bee/artifacts/1900b0aE.dag/Unity.Searcher.Editor.dll (+2 others) [CacheHit 3d8979e989bcdd7a409717736d2119f800000000000000000000000000000004]
[402/654   1790279515s] Csc Library/Bee/artifacts/1900b0aE.dag/Unity.Searcher.Editor.dll (+2 others)
[398/654    0s] Csc Library/Bee/artifacts/1900b0aE.dag/Unity.RenderPipelines.Universal.Shaders.dll (+2 others) [CacheHit e4e868a72432fd1a3bcca6edd62a8eda00000000000000000000000000000004]
[404/654   1790279515s] Csc Library/Bee/artifacts/1900b0aE.dag/Unity.RenderPipelines.Universal.Shaders.dll (+2 others)
[399/654    0s] Csc Library/Bee/artifacts/1900b0aE.dag/Unity.RenderPipelines.ShaderGraph.ShaderGraphLibrary.dll (+2 others) [CacheHit 6e8b1c677b6cbbdd852ae21b24018aec00000000000000000000000000000004]
[406/654   1790279515s] Csc Library/Bee/artifacts/1900b0aE.dag/Unity.RenderPipelines.ShaderGraph.ShaderGraphLibrary.dll (+2 others)
[400/654    0s] Csc Library/Bee/artifacts/1900b0aE.dag/Unity.ShaderGraph.Utilities.dll (+2 others) [CacheHit 783699d561fed262f08965784d3a814500000000000000000000000000000004]
[408/654   1790279515s] Csc Library/Bee/artifacts/1900b0aE.dag/Unity.ShaderGraph.Utilities.dll (+2 others)
[401/654    0s] Csc Library/Bee/artifacts/1900b0aE.dag/Unity.AI.Navigation.dll (+2 others) [CacheHit a79415ce578bb4ddd399c113d48368aa00000000000000000000000000000004]
[410/654   1790279515s] Csc Library/Bee/artifacts/1900b0aE.dag/Unity.AI.Navigation.dll (+2 others)
[402/654    0s] Csc Library/Bee/artifacts/1900b0aE.dag/Unity.Mathematics.dll (+2 others) [CacheHit 0de2d5b1f41a2080079d71545a688aba00000000000000000000000000000004]
[412/654   1790279515s] Csc Library/Bee/artifacts/1900b0aE.dag/Unity.Mathematics.dll (+2 others)
[403/654    0s] Csc Library/Bee/artifacts/1900b0aE.dag/Unity.Burst.dll (+2 others) [CacheHit 81022f9ae78709355884a33d7bd3efbc00000000000000000000000000000004]
[414/654   1790279515s] Csc Library/Bee/artifacts/1900b0aE.dag/Unity.Burst.dll (+2 others)
[404/654    0s] Csc Library/Bee/artifacts/1900b0aE.dag/Unity.AI.Navigation.Editor.ConversionSystem.dll (+2 others) [CacheHit db775c1ad4e76c6119deafd9fdaed45300000000000000000000000000000004]
[416/654   1790279515s] Csc Library/Bee/artifacts/1900b0aE.dag/Unity.AI.Navigation.Editor.ConversionSystem.dll (+2 others)
[405/654    0s] Csc Library/Bee/artifacts/1900b0aE.dag/Unity.TextMeshPro.dll (+2 others) [CacheHit 63c1288c9a3c25afa9e81253e35e0f7700000000000000000000000000000004]
[418/654   1790279515s] Csc Library/Bee/artifacts/1900b0aE.dag/Unity.TextMeshPro.dll (+2 others)
[406/654    0s] Csc Library/Bee/artifacts/1900b0aE.dag/Unity.InputSystem.dll (+2 others) [CacheHit 321a6caf5d78a7d59212b34119755a1c00000000000000000000000000000004]
[420/654   1790279515s] Csc Library/Bee/artifacts/1900b0aE.dag/Unity.InputSystem.dll (+2 others)
[407/654    0s] Csc Library/Bee/artifacts/1900b0aE.dag/Unity.Settings.Editor.dll (+2 others) [CacheHit 35c304bb5151c2f2663c8260d8f6aa3200000000000000000000000000000004]
[422/654   1790279515s] Csc Library/Bee/artifacts/1900b0aE.dag/Unity.Settings.Editor.dll (+2 others)
[408/654    0s] Csc Library/Bee/artifacts/1900b0aE.dag/Unity.RenderPipelines.Core.ShaderLibrary.dll (+2 others) [CacheHit 03588045c46933b93e12c780c2a368f600000000000000000000000000000004]
[424/654   1790279515s] Csc Library/Bee/artifacts/1900b0aE.dag/Unity.RenderPipelines.Core.ShaderLibrary.dll (+2 others)
[426/654    0s] MovedFromExtractor-Combine Library/Bee/artifacts/1900b0aE.dag/Unity.Rendering.LightTransport.Editor.dll.mvfrm
[427/654    0s] MovedFromExtractor-Combine Library/Bee/artifacts/1900b0aE.dag/Unity.PerformanceTesting.dll.mvfrm
[428/654    0s] MovedFromExtractor Library/Bee/artifacts/mvdfrm/Unity.Searcher.Editor.ref.dll_12B7E1785E41BE0E.mvfrm
[429/654    0s] MovedFromExtractor Library/Bee/artifacts/mvdfrm/Unity.ShaderGraph.Utilities.ref.dll_0524057423981A9D.mvfrm
[430/654    0s] MovedFromExtractor Library/Bee/artifacts/mvdfrm/Unity.AI.Navigation.ref.dll_407F07063643C512.mvfrm
[431/654    0s] MovedFromExtractor Library/Bee/artifacts/mvdfrm/Unity.Mathematics.ref.dll_E8EFDB1B8D5C174E.mvfrm
[415/654    0s] Csc Library/Bee/artifacts/1900b0aE.dag/Unity.Rendering.LightTransport.Editor.dll (+2 others) [CacheHit 0518290d16eefd06045feb58dba5d59800000000000000000000000000000004]
[432/654   1790279515s] Csc Library/Bee/artifacts/1900b0aE.dag/Unity.Rendering.LightTransport.Editor.dll (+2 others)
[434/654    0s] MovedFromExtractor Library/Bee/artifacts/mvdfrm/Unity.AI.Navigation.Editor.ConversionSystem.ref.dll_D58562F0DF82BCBA.mvfrm
[435/654    0s] MovedFromExtractor Library/Bee/artifacts/mvdfrm/Unity.TextMeshPro.ref.dll_84A4293DBDD182DB.mvfrm
[436/654    0s] MovedFromExtractor Library/Bee/artifacts/mvdfrm/Unity.Burst.ref.dll_F30DFA20C0DD1968.mvfrm
[437/654    0s] MovedFromExtractor Library/Bee/artifacts/mvdfrm/Unity.RenderPipelines.Core.ShaderLibrary.ref.dll_7F2C410A434F5518.mvfrm
[420/654    0s] Csc Library/Bee/artifacts/1900b0aE.dag/Unity.PerformanceTesting.dll (+2 others) [CacheHit ae67192961cd5af7dd4a36c31c3e252d00000000000000000000000000000004]
[438/654   1790279515s] Csc Library/Bee/artifacts/1900b0aE.dag/Unity.PerformanceTesting.dll (+2 others)
[440/654    0s] MovedFromExtractor Library/Bee/artifacts/mvdfrm/Unity.Settings.Editor.ref.dll_7F5B154C05A780B0.mvfrm
[441/654    0s] MovedFromExtractor Library/Bee/artifacts/mvdfrm/Unity.InputSystem.ref.dll_FD2EC87C14EBE081.mvfrm
[442/654    0s] MovedFromExtractor-Combine Library/Bee/artifacts/1900b0aE.dag/Unity.Mathematics.Editor.dll.mvfrm
[443/654    0s] MovedFromExtractor-Combine Library/Bee/artifacts/1900b0aE.dag/Unity.AI.Navigation.Editor.dll.mvfrm
[444/654    0s] MovedFromExtractor Library/Bee/artifacts/mvdfrm/Unity.RenderPipelines.ShaderGraph.ShaderGraphLibrary.ref.dll_1A2083B43FB0BF18.mvfrm
[445/654    0s] MovedFromExtractor-Combine Library/Bee/artifacts/1900b0aE.dag/Unity.Splines.dll.mvfrm
[446/654    0s] MovedFromExtractor-Combine Library/Bee/artifacts/1900b0aE.dag/Unity.Collections.dll.mvfrm
[447/654    0s] MovedFromExtractor Library/Bee/artifacts/mvdfrm/Unity.Rendering.LightTransport.Editor.ref.dll_F96E2A343514CFAE.mvfrm
[448/654    0s] MovedFromExtractor Library/Bee/artifacts/mvdfrm/Unity.RenderPipelines.Universal.Shaders.ref.dll_9468B054363B0720.mvfrm
[449/654    0s] MovedFromExtractor-Combine Library/Bee/artifacts/1900b0aE.dag/Unity.Burst.CodeGen.dll.mvfrm
[450/654    0s] MovedFromExtractor-Combine Library/Bee/artifacts/1900b0aE.dag/Unity.Burst.Editor.dll.mvfrm
[432/654    0s] Csc Library/Bee/artifacts/1900b0aE.dag/Unity.Mathematics.Editor.dll (+2 others) [CacheHit 6d552ad4b9192c17b280a87ce168d9c500000000000000000000000000000004]
[451/654   1790279516s] Csc Library/Bee/artifacts/1900b0aE.dag/Unity.Mathematics.Editor.dll (+2 others)
[433/654    0s] Csc Library/Bee/artifacts/1900b0aE.dag/Unity.AI.Navigation.Editor.dll (+2 others) [CacheHit 70b011e14939da16ff0a1e48ea08b39000000000000000000000000000000004]
[453/654   1790279516s] Csc Library/Bee/artifacts/1900b0aE.dag/Unity.AI.Navigation.Editor.dll (+2 others)
[434/654    0s] Csc Library/Bee/artifacts/1900b0aE.dag/Unity.Splines.dll (+2 others) [CacheHit a8b417829635599feb581020f8ada97d00000000000000000000000000000004]
[455/654   1790279516s] Csc Library/Bee/artifacts/1900b0aE.dag/Unity.Splines.dll (+2 others)
[435/654    0s] Csc Library/Bee/artifacts/1900b0aE.dag/Unity.Burst.CodeGen.dll (+2 others) [CacheHit e7fb160ee3169d836cf57dc714ac946e00000000000000000000000000000004]
[457/654   1790279516s] Csc Library/Bee/artifacts/1900b0aE.dag/Unity.Burst.CodeGen.dll (+2 others)
[436/654    0s] Csc Library/Bee/artifacts/1900b0aE.dag/Unity.Collections.dll (+2 others) [CacheHit 192c97e4663c00725c52625ba165070000000000000000000000000000000004]
[459/654   1790279516s] Csc Library/Bee/artifacts/1900b0aE.dag/Unity.Collections.dll (+2 others)
[461/654    0s] CopyFiles Library/ScriptAssemblies/Unity.Burst.CodeGen.pdb
[462/654    0s] MovedFromExtractor-Combine Library/Bee/artifacts/1900b0aE.dag/Unity.InputSystem.ForUI.dll.mvfrm
[439/654    0s] Csc Library/Bee/artifacts/1900b0aE.dag/Unity.Burst.Editor.dll (+2 others) [CacheHit 42eff4174a68e7d2416a6b15e6a9232700000000000000000000000000000004]
[463/654   1790279516s] Csc Library/Bee/artifacts/1900b0aE.dag/Unity.Burst.Editor.dll (+2 others)
[465/654    0s] MovedFromExtractor Library/Bee/artifacts/mvdfrm/Unity.PerformanceTesting.ref.dll_F99DC928B1D72E5E.mvfrm
[466/654    0s] MovedFromExtractor-Combine Library/Bee/artifacts/1900b0aE.dag/Unity.InputSystem.TestFramework.dll.mvfrm
[442/654    0s] Csc Library/Bee/artifacts/1900b0aE.dag/Unity.InputSystem.ForUI.dll (+2 others) [CacheHit b2bcfbb682bd805c25396c7d1010a90000000000000000000000000000000004]
[467/654   1790279516s] Csc Library/Bee/artifacts/1900b0aE.dag/Unity.InputSystem.ForUI.dll (+2 others)
[443/654    0s] Csc Library/Bee/artifacts/1900b0aE.dag/Unity.InputSystem.TestFramework.dll (+2 others) [CacheHit 6dcf6e3231cbf9bf814a7237883e70a700000000000000000000000000000004]
[469/654   1790279516s] Csc Library/Bee/artifacts/1900b0aE.dag/Unity.InputSystem.TestFramework.dll (+2 others)
[471/654    0s] MovedFromExtractor Library/Bee/artifacts/mvdfrm/Unity.AI.Navigation.Editor.ref.dll_7989A1C8D57EF9BF.mvfrm
[472/654    0s] MovedFromExtractor-Combine Library/Bee/artifacts/1900b0aE.dag/Unity.PerformanceTesting.Editor.dll.mvfrm
[473/654    0s] MovedFromExtractor Library/Bee/artifacts/mvdfrm/Unity.Mathematics.Editor.ref.dll_9A20CFD48BC11F43.mvfrm
[474/654    0s] MovedFromExtractor Library/Bee/artifacts/mvdfrm/Unity.Splines.ref.dll_99352414147018AA.mvfrm
[475/654    0s] MovedFromExtractor Library/Bee/artifacts/mvdfrm/Unity.Collections.ref.dll_656D7410E7809ECD.mvfrm
[476/654    0s] CopyFiles Library/ScriptAssemblies/Unity.Burst.CodeGen.dll
[477/654    0s] MovedFromExtractor Library/Bee/artifacts/mvdfrm/Unity.Burst.Editor.ref.dll_E2F92DAB6C167CC9.mvfrm
[451/654    0s] Csc Library/Bee/artifacts/1900b0aE.dag/Unity.PerformanceTesting.Editor.dll (+2 others) [CacheHit b232df49c7ab58f9fa41032357c95c5a00000000000000000000000000000004]
[478/654   1790279516s] Csc Library/Bee/artifacts/1900b0aE.dag/Unity.PerformanceTesting.Editor.dll (+2 others)
[480/654    0s] MovedFromExtractor Library/Bee/artifacts/mvdfrm/Unity.InputSystem.ForUI.ref.dll_0478B67D1094CE70.mvfrm
[481/654    0s] MovedFromExtractor-Combine Library/Bee/artifacts/1900b0aE.dag/Unity.AI.Navigation.Updater.dll.mvfrm
[482/654    0s] MovedFromExtractor-Combine Library/Bee/artifacts/1900b0aE.dag/Unity.Splines.Editor.dll.mvfrm
[483/654    0s] MovedFromExtractor-Combine Library/Bee/artifacts/1900b0aE.dag/Unity.Collections.Editor.dll.mvfrm
[484/654    0s] MovedFromExtractor-Combine Library/Bee/artifacts/1900b0aE.dag/Unity.RenderPipelines.Core.Runtime.dll.mvfrm
[485/654    0s] MovedFromExtractor-Combine Library/Bee/artifacts/1900b0aE.dag/Unity.Collections.CodeGen.dll.mvfrm
[486/654    0s] MovedFromExtractor-Combine Library/Bee/artifacts/1900b0aE.dag/Unity.Rendering.LightTransport.Runtime.dll.mvfrm
[459/654    0s] Csc Library/Bee/artifacts/1900b0aE.dag/Unity.AI.Navigation.Updater.dll (+2 others) [CacheHit 9804462d3037860450874404d2884ed000000000000000000000000000000004]
[487/654   1790279516s] Csc Library/Bee/artifacts/1900b0aE.dag/Unity.AI.Navigation.Updater.dll (+2 others)
[460/654    0s] Csc Library/Bee/artifacts/1900b0aE.dag/Unity.Splines.Editor.dll (+2 others) [CacheHit 97d99f5e711a146feb79019fad9d33b300000000000000000000000000000004]
[489/654   1790279516s] Csc Library/Bee/artifacts/1900b0aE.dag/Unity.Splines.Editor.dll (+2 others)
[461/654    0s] Csc Library/Bee/artifacts/1900b0aE.dag/Unity.Collections.Editor.dll (+2 others) [CacheHit 4dc2c0cf22cc396be26ff180e38673e500000000000000000000000000000004]
[491/654   1790279516s] Csc Library/Bee/artifacts/1900b0aE.dag/Unity.Collections.Editor.dll (+2 others)
[462/654    0s] Csc Library/Bee/artifacts/1900b0aE.dag/Unity.Collections.CodeGen.dll (+2 others) [CacheHit c712dccd84dcfffda06c37b44d26b4c700000000000000000000000000000004]
[493/654   1790279516s] Csc Library/Bee/artifacts/1900b0aE.dag/Unity.Collections.CodeGen.dll (+2 others)
[495/654    0s] CopyFiles Library/ScriptAssemblies/Unity.Collections.CodeGen.pdb
[464/654    0s] Csc Library/Bee/artifacts/1900b0aE.dag/Unity.Rendering.LightTransport.Runtime.dll (+2 others) [CacheHit 0510e5b9b09e95af7edf2fc4340f669600000000000000000000000000000004]
[496/654   1790279516s] Csc Library/Bee/artifacts/1900b0aE.dag/Unity.Rendering.LightTransport.Runtime.dll (+2 others)
[465/654    0s] Csc Library/Bee/artifacts/1900b0aE.dag/Unity.RenderPipelines.Core.Runtime.dll (+2 others) [CacheHit cb1a800debf74cba976785f5897c013400000000000000000000000000000004]
[498/654   1790279516s] Csc Library/Bee/artifacts/1900b0aE.dag/Unity.RenderPipelines.Core.Runtime.dll (+2 others)
[500/654    0s] CopyFiles Library/ScriptAssemblies/Unity.Collections.CodeGen.dll
[501/654    0s] MovedFromExtractor Library/Bee/artifacts/mvdfrm/Unity.AI.Navigation.Updater.ref.dll_34B8D5B7DED6E76D.mvfrm
[502/654    0s] MovedFromExtractor Library/Bee/artifacts/mvdfrm/Unity.Collections.Editor.ref.dll_E4491E98C71DB4B4.mvfrm
[503/654    0s] MovedFromExtractor Library/Bee/artifacts/mvdfrm/Unity.Splines.Editor.ref.dll_FBEF939465B2E7A7.mvfrm
[504/654    0s] MovedFromExtractor Library/Bee/artifacts/mvdfrm/Unity.Rendering.LightTransport.Runtime.ref.dll_35E0707C8501A09D.mvfrm
[505/654    0s] MovedFromExtractor Library/Bee/artifacts/mvdfrm/Unity.RenderPipelines.Core.Runtime.ref.dll_CE6A42C97D96EB0A.mvfrm
[506/654    0s] MovedFromExtractor-Combine Library/Bee/artifacts/1900b0aE.dag/Unity.RenderPipelines.Universal.Config.Runtime.dll.mvfrm
[507/654    0s] MovedFromExtractor-Combine Library/Bee/artifacts/1900b0aE.dag/Unity.RenderPipeline.Universal.ShaderLibrary.dll.mvfrm
[508/654    0s] MovedFromExtractor-Combine Library/Bee/artifacts/1900b0aE.dag/Unity.TextMeshPro.Editor.dll.mvfrm
[509/654    0s] MovedFromExtractor-Combine Library/Bee/artifacts/1900b0aE.dag/Unity.RenderPipelines.Core.Runtime.Shared.dll.mvfrm
[510/654    0s] MovedFromExtractor-Combine Library/Bee/artifacts/1900b0aE.dag/Unity.RenderPipelines.GPUDriven.Runtime.dll.mvfrm
[477/654    0s] Csc Library/Bee/artifacts/1900b0aE.dag/Unity.RenderPipelines.Universal.Config.Runtime.dll (+2 others) [CacheHit f694b8bda22e5cc74d55abeef63ca6b100000000000000000000000000000004]
[511/654   1790279517s] Csc Library/Bee/artifacts/1900b0aE.dag/Unity.RenderPipelines.Universal.Config.Runtime.dll (+2 others)
[478/654    0s] Csc Library/Bee/artifacts/1900b0aE.dag/Unity.RenderPipeline.Universal.ShaderLibrary.dll (+2 others) [CacheHit 86a6318cd73dad6e05399f3a39a24f9200000000000000000000000000000004]
[513/654   1790279517s] Csc Library/Bee/artifacts/1900b0aE.dag/Unity.RenderPipeline.Universal.ShaderLibrary.dll (+2 others)
[479/654    0s] Csc Library/Bee/artifacts/1900b0aE.dag/Unity.RenderPipelines.Core.Runtime.Shared.dll (+2 others) [CacheHit 888002233be8ec2330532dc2feff9e6f00000000000000000000000000000004]
[515/654   1790279517s] Csc Library/Bee/artifacts/1900b0aE.dag/Unity.RenderPipelines.Core.Runtime.Shared.dll (+2 others)
[480/654    0s] Csc Library/Bee/artifacts/1900b0aE.dag/Unity.TextMeshPro.Editor.dll (+2 others) [CacheHit 40ad2cbd1a9318c93b5bfb14412dd41500000000000000000000000000000004]
[517/654   1790279517s] Csc Library/Bee/artifacts/1900b0aE.dag/Unity.TextMeshPro.Editor.dll (+2 others)
[481/654    0s] Csc Library/Bee/artifacts/1900b0aE.dag/Unity.RenderPipelines.GPUDriven.Runtime.dll (+2 others) [CacheHit ac6f3fd05a1c09ea9075a96a2f67430c00000000000000000000000000000004]
[519/654   1790279517s] Csc Library/Bee/artifacts/1900b0aE.dag/Unity.RenderPipelines.GPUDriven.Runtime.dll (+2 others)
[521/654    0s] MovedFromExtractor Library/Bee/artifacts/mvdfrm/Unity.RenderPipelines.Universal.Config.Runtime.ref.dll_5D92000A132D4840.mvfrm
[522/654    0s] MovedFromExtractor Library/Bee/artifacts/mvdfrm/Unity.RenderPipeline.Universal.ShaderLibrary.ref.dll_5436F99F8BDCED8B.mvfrm
[523/654    0s] MovedFromExtractor Library/Bee/artifacts/mvdfrm/Unity.RenderPipelines.Core.Runtime.Shared.ref.dll_547B576A1A56EABF.mvfrm
[524/654    0s] MovedFromExtractor Library/Bee/artifacts/mvdfrm/Unity.TextMeshPro.Editor.ref.dll_159E061D77A10B86.mvfrm
[525/654    0s] MovedFromExtractor Library/Bee/artifacts/mvdfrm/Unity.RenderPipelines.GPUDriven.Runtime.ref.dll_94F5458D7254E99F.mvfrm
[526/654    0s] ILPP-Configuration Library/ilpp-configuration.nevergeneratedoutput
[527/654    0s] MovedFromExtractor-Combine Library/Bee/artifacts/1900b0aE.dag/Unity.RenderPipelines.Universal.Runtime.dll.mvfrm
[528/654    0s] MovedFromExtractor-Combine Library/Bee/artifacts/1900b0aE.dag/Unity.RenderPipelines.Core.Editor.dll.mvfrm
[490/654    0s] Csc Library/Bee/artifacts/1900b0aE.dag/Unity.RenderPipelines.Core.Editor.dll (+2 others) [CacheHit dadb68efb68510d074c1d8ca66c2e16600000000000000000000000000000004]
[529/654   1790279517s] Csc Library/Bee/artifacts/1900b0aE.dag/Unity.RenderPipelines.Core.Editor.dll (+2 others)
[491/654    0s] Csc Library/Bee/artifacts/1900b0aE.dag/Unity.RenderPipelines.Universal.Runtime.dll (+2 others) [CacheHit ff680ffd656f2b2e3abbdcbc467a9c3600000000000000000000000000000004]
[531/654   1790279517s] Csc Library/Bee/artifacts/1900b0aE.dag/Unity.RenderPipelines.Universal.Runtime.dll (+2 others)
[533/654    0s] MovedFromExtractor Library/Bee/artifacts/mvdfrm/Unity.RenderPipelines.Core.Editor.ref.dll_46EB9B6930B27991.mvfrm
[534/654    0s] MovedFromExtractor Library/Bee/artifacts/mvdfrm/Unity.RenderPipelines.Universal.Runtime.ref.dll_5400A10AF7CC6BEA.mvfrm
[535/654    0s] ILPostProcess Library/Bee/artifacts/1900b0aE.dag/post-processed/UnityEngine.UI.dll (+pdb)
Processing assembly Library/Bee/artifacts/1900b0aE.dag/UnityEngine.UI.dll, with 131 defines and 217 references

processors: Unity.Jobs.CodeGen.JobsILPostProcessor, zzzUnity.Burst.CodeGen.BurstILPostProcessor

running Unity.Jobs.CodeGen.JobsILPostProcessor

running zzzUnity.Burst.CodeGen.BurstILPostProcessor
[536/654    0s] ILPostProcess Library/Bee/artifacts/1900b0aE.dag/post-processed/Unity.AI.Navigation.dll (+pdb)
Processing assembly Library/Bee/artifacts/1900b0aE.dag/Unity.AI.Navigation.dll, with 129 defines and 219 references

processors: Unity.Jobs.CodeGen.JobsILPostProcessor, zzzUnity.Burst.CodeGen.BurstILPostProcessor

running Unity.Jobs.CodeGen.JobsILPostProcessor

running zzzUnity.Burst.CodeGen.BurstILPostProcessor
[537/654    0s] ILPostProcess Library/Bee/artifacts/1900b0aE.dag/post-processed/Unity.TextMeshPro.dll (+pdb)
Processing assembly Library/Bee/artifacts/1900b0aE.dag/Unity.TextMeshPro.dll, with 129 defines and 219 references

processors: Unity.Jobs.CodeGen.JobsILPostProcessor, zzzUnity.Burst.CodeGen.BurstILPostProcessor

running Unity.Jobs.CodeGen.JobsILPostProcessor

running zzzUnity.Burst.CodeGen.BurstILPostProcessor
[538/654    0s] ILPostProcess Library/Bee/artifacts/1900b0aE.dag/post-processed/Unity.PerformanceTesting.dll (+pdb)
Processing assembly Library/Bee/artifacts/1900b0aE.dag/Unity.PerformanceTesting.dll, with 129 defines and 216 references

processors: Unity.Jobs.CodeGen.JobsILPostProcessor, zzzUnity.Burst.CodeGen.BurstILPostProcessor

running Unity.Jobs.CodeGen.JobsILPostProcessor

running zzzUnity.Burst.CodeGen.BurstILPostProcessor
[539/654    0s] ILPostProcess Library/Bee/artifacts/1900b0aE.dag/post-processed/Unity.Mathematics.dll (+pdb)
Processing assembly Library/Bee/artifacts/1900b0aE.dag/Unity.Mathematics.dll, with 128 defines and 219 references

processors: Unity.Jobs.CodeGen.JobsILPostProcessor, zzzUnity.Burst.CodeGen.BurstILPostProcessor

running Unity.Jobs.CodeGen.JobsILPostProcessor

running zzzUnity.Burst.CodeGen.BurstILPostProcessor
[540/654    0s] ILPostProcess Library/Bee/artifacts/1900b0aE.dag/post-processed/Unity.RenderPipeline.Universal.ShaderLibrary.dll (+pdb)
Processing assembly Library/Bee/artifacts/1900b0aE.dag/Unity.RenderPipeline.Universal.ShaderLibrary.dll, with 128 defines and 220 references

processors: Unity.Jobs.CodeGen.JobsILPostProcessor, zzzUnity.Burst.CodeGen.BurstILPostProcessor

running Unity.Jobs.CodeGen.JobsILPostProcessor

running zzzUnity.Burst.CodeGen.BurstILPostProcessor
[541/654    0s] ILPostProcess Library/Bee/artifacts/1900b0aE.dag/post-processed/Unity.InputSystem.dll (+pdb)
Processing assembly Library/Bee/artifacts/1900b0aE.dag/Unity.InputSystem.dll, with 136 defines and 219 references

processors: Unity.Jobs.CodeGen.JobsILPostProcessor, zzzUnity.Burst.CodeGen.BurstILPostProcessor

running Unity.Jobs.CodeGen.JobsILPostProcessor

running zzzUnity.Burst.CodeGen.BurstILPostProcessor
[542/654    0s] MovedFromExtractor-Combine Library/Bee/artifacts/1900b0aE.dag/Unity.RenderPipelines.Universal.2D.Runtime.dll.mvfrm
[543/654    0s] MovedFromExtractor-Combine Library/Bee/artifacts/1900b0aE.dag/Unity.RenderPipelines.Core.Editor.Shared.dll.mvfrm
[544/654    0s] MovedFromExtractor-Combine Library/Bee/artifacts/1900b0aE.dag/Unity.ShaderGraph.Editor.dll.mvfrm
[545/654    0s] ILPostProcess Library/Bee/artifacts/1900b0aE.dag/post-processed/Unity.RenderPipelines.Core.ShaderLibrary.dll (+pdb)
Processing assembly Library/Bee/artifacts/1900b0aE.dag/Unity.RenderPipelines.Core.ShaderLibrary.dll, with 128 defines and 219 references

processors: Unity.Jobs.CodeGen.JobsILPostProcessor, zzzUnity.Burst.CodeGen.BurstILPostProcessor

running Unity.Jobs.CodeGen.JobsILPostProcessor

running zzzUnity.Burst.CodeGen.BurstILPostProcessor
[546/654    0s] ILPostProcess Library/Bee/artifacts/1900b0aE.dag/post-processed/Unity.RenderPipelines.Core.Runtime.Shared.dll (+pdb)
Processing assembly Library/Bee/artifacts/1900b0aE.dag/Unity.RenderPipelines.Core.Runtime.Shared.dll, with 128 defines and 220 references

processors: Unity.Jobs.CodeGen.JobsILPostProcessor, zzzUnity.Burst.CodeGen.BurstILPostProcessor

running Unity.Jobs.CodeGen.JobsILPostProcessor

running zzzUnity.Burst.CodeGen.BurstILPostProcessor
[506/654    0s] Csc Library/Bee/artifacts/1900b0aE.dag/Unity.RenderPipelines.Core.Editor.Shared.dll (+2 others) [CacheHit cef1c63f3b8f7d4f91ed6f538e1e665000000000000000000000000000000004]
[547/654   1790279518s] Csc Library/Bee/artifacts/1900b0aE.dag/Unity.RenderPipelines.Core.Editor.Shared.dll (+2 others)
[507/654    0s] Csc Library/Bee/artifacts/1900b0aE.dag/Unity.RenderPipelines.Universal.2D.Runtime.dll (+2 others) [CacheHit f5f04f360b294c1a0a075d46ae3b6e9200000000000000000000000000000004]
[549/654   1790279518s] Csc Library/Bee/artifacts/1900b0aE.dag/Unity.RenderPipelines.Universal.2D.Runtime.dll (+2 others)
[551/654    0s] ILPostProcess Library/Bee/artifacts/1900b0aE.dag/post-processed/Unity.RenderPipelines.Universal.Config.Runtime.dll (+pdb)
Processing assembly Library/Bee/artifacts/1900b0aE.dag/Unity.RenderPipelines.Universal.Config.Runtime.dll, with 128 defines and 220 references

processors: Unity.Jobs.CodeGen.JobsILPostProcessor, zzzUnity.Burst.CodeGen.BurstILPostProcessor

running Unity.Jobs.CodeGen.JobsILPostProcessor

running zzzUnity.Burst.CodeGen.BurstILPostProcessor
[552/654    0s] ILPostProcess Library/Bee/artifacts/1900b0aE.dag/post-processed/Unity.InputSystem.TestFramework.dll (+pdb)
Processing assembly Library/Bee/artifacts/1900b0aE.dag/Unity.InputSystem.TestFramework.dll, with 129 defines and 218 references

processors: Unity.Jobs.CodeGen.JobsILPostProcessor, zzzUnity.Burst.CodeGen.BurstILPostProcessor

running Unity.Jobs.CodeGen.JobsILPostProcessor

running zzzUnity.Burst.CodeGen.BurstILPostProcessor
[510/654    0s] Csc Library/Bee/artifacts/1900b0aE.dag/Unity.ShaderGraph.Editor.dll (+2 others) [CacheHit d130d99e87e50803fa84aa5a1f270b1e00000000000000000000000000000004]
[553/654   1790279518s] Csc Library/Bee/artifacts/1900b0aE.dag/Unity.ShaderGraph.Editor.dll (+2 others)
[555/654    0s] ILPostProcess Library/Bee/artifacts/1900b0aE.dag/post-processed/Unity.RenderPipelines.ShaderGraph.ShaderGraphLibrary.dll (+pdb)
Processing assembly Library/Bee/artifacts/1900b0aE.dag/Unity.RenderPipelines.ShaderGraph.ShaderGraphLibrary.dll, with 128 defines and 219 references

processors: Unity.Jobs.CodeGen.JobsILPostProcessor, zzzUnity.Burst.CodeGen.BurstILPostProcessor

running Unity.Jobs.CodeGen.JobsILPostProcessor

running zzzUnity.Burst.CodeGen.BurstILPostProcessor
[556/654    0s] MovedFromExtractor Library/Bee/artifacts/mvdfrm/Unity.RenderPipelines.Core.Editor.Shared.ref.dll_FAA396FB17B8C1A8.mvfrm
[557/654    0s] ILPostProcess Library/Bee/artifacts/1900b0aE.dag/post-processed/Unity.InputSystem.ForUI.dll (+pdb)
Processing assembly Library/Bee/artifacts/1900b0aE.dag/Unity.InputSystem.ForUI.dll, with 128 defines and 220 references

processors: Unity.Jobs.CodeGen.JobsILPostProcessor, zzzUnity.Burst.CodeGen.BurstILPostProcessor

running Unity.Jobs.CodeGen.JobsILPostProcessor

running zzzUnity.Burst.CodeGen.BurstILPostProcessor
[558/654    0s] MovedFromExtractor Library/Bee/artifacts/mvdfrm/Unity.RenderPipelines.Universal.2D.Runtime.ref.dll_D60199621A6AEC70.mvfrm
[559/654    0s] ILPostProcess Library/Bee/artifacts/1900b0aE.dag/post-processed/Unity.RenderPipelines.Universal.Shaders.dll (+pdb)
Processing assembly Library/Bee/artifacts/1900b0aE.dag/Unity.RenderPipelines.Universal.Shaders.dll, with 128 defines and 219 references

processors: Unity.Jobs.CodeGen.JobsILPostProcessor, zzzUnity.Burst.CodeGen.BurstILPostProcessor

running Unity.Jobs.CodeGen.JobsILPostProcessor

running zzzUnity.Burst.CodeGen.BurstILPostProcessor
[560/654    0s] MovedFromExtractor Library/Bee/artifacts/mvdfrm/Unity.ShaderGraph.Editor.ref.dll_0F50152946DB09D0.mvfrm
[561/654    0s] MovedFromExtractor-Combine Library/Bee/artifacts/1900b0aE.dag/Unity.Cinemachine.dll.mvfrm
[518/654    0s] Csc Library/Bee/artifacts/1900b0aE.dag/Unity.Cinemachine.dll (+2 others) [CacheHit e84e9ffd03098a280b953b9e65ad9a6200000000000000000000000000000004]
[562/654   1790279518s] Csc Library/Bee/artifacts/1900b0aE.dag/Unity.Cinemachine.dll (+2 others)
[564/654    1s] ILPostProcess Library/Bee/artifacts/1900b0aE.dag/post-processed/Unity.Splines.dll (+pdb)
Processing assembly Library/Bee/artifacts/1900b0aE.dag/Unity.Splines.dll, with 130 defines and 221 references

processors: Unity.Jobs.CodeGen.JobsILPostProcessor, zzzUnity.Burst.CodeGen.BurstILPostProcessor

running Unity.Jobs.CodeGen.JobsILPostProcessor

running zzzUnity.Burst.CodeGen.BurstILPostProcessor
[565/654    0s] MovedFromExtractor-Combine Library/Bee/artifacts/1900b0aE.dag/Unity.RenderPipelines.Universal.Editor.dll.mvfrm
[566/654    0s] ILPostProcess Library/Bee/artifacts/1900b0aE.dag/post-processed/Unity.RenderPipelines.Universal.Runtime.dll (+pdb)
Processing assembly Library/Bee/artifacts/1900b0aE.dag/Unity.RenderPipelines.Universal.Runtime.dll, with 130 defines and 226 references

processors: Unity.Jobs.CodeGen.JobsILPostProcessor, zzzUnity.Burst.CodeGen.BurstILPostProcessor

running Unity.Jobs.CodeGen.JobsILPostProcessor

running zzzUnity.Burst.CodeGen.BurstILPostProcessor
[522/654    0s] Csc Library/Bee/artifacts/1900b0aE.dag/Unity.RenderPipelines.Universal.Editor.dll (+2 others) [CacheHit 74235e6128b538f96a28a2197f31ee0a00000000000000000000000000000004]
[567/654   1790279518s] Csc Library/Bee/artifacts/1900b0aE.dag/Unity.RenderPipelines.Universal.Editor.dll (+2 others)
[569/654    0s] MovedFromExtractor Library/Bee/artifacts/mvdfrm/Unity.Cinemachine.ref.dll_77EC0F35C376A022.mvfrm
[570/654    0s] ILPostProcess Library/Bee/artifacts/1900b0aE.dag/post-processed/Unity.Cinemachine.dll (+pdb)
Processing assembly Library/Bee/artifacts/1900b0aE.dag/Unity.Cinemachine.dll, with 135 defines and 225 references

processors: Unity.Jobs.CodeGen.JobsILPostProcessor, zzzUnity.Burst.CodeGen.BurstILPostProcessor

running Unity.Jobs.CodeGen.JobsILPostProcessor

running zzzUnity.Burst.CodeGen.BurstILPostProcessor
[571/654    0s] ILPostProcess Library/Bee/artifacts/1900b0aE.dag/post-processed/Unity.RenderPipelines.Core.Runtime.dll (+pdb)
Processing assembly Library/Bee/artifacts/1900b0aE.dag/Unity.RenderPipelines.Core.Runtime.dll, with 129 defines and 223 references

processors: Unity.Jobs.CodeGen.JobsILPostProcessor, zzzUnity.Burst.CodeGen.BurstILPostProcessor

running Unity.Jobs.CodeGen.JobsILPostProcessor

running zzzUnity.Burst.CodeGen.BurstILPostProcessor
[572/654    0s] MovedFromExtractor Library/Bee/artifacts/mvdfrm/Unity.RenderPipelines.Universal.Editor.ref.dll_0FF7AC68384616B1.mvfrm
[573/654    0s] ILPostProcess Library/Bee/artifacts/1900b0aE.dag/post-processed/Unity.TextMeshPro.Editor.dll (+pdb)
Processing assembly Library/Bee/artifacts/1900b0aE.dag/Unity.TextMeshPro.Editor.dll, with 126 defines and 255 references

processors: Unity.Jobs.CodeGen.JobsILPostProcessor, zzzUnity.Burst.CodeGen.BurstILPostProcessor

running Unity.Jobs.CodeGen.JobsILPostProcessor

running zzzUnity.Burst.CodeGen.BurstILPostProcessor
[574/654    0s] MovedFromExtractor-Combine Library/Bee/artifacts/1900b0aE.dag/Unity.Cinemachine.Editor.dll.mvfrm
[575/654    0s] ILPostProcess Library/Bee/artifacts/1900b0aE.dag/post-processed/Unity.Collections.Editor.dll (+pdb)
Processing assembly Library/Bee/artifacts/1900b0aE.dag/Unity.Collections.Editor.dll, with 127 defines and 254 references

processors: Unity.Jobs.CodeGen.JobsILPostProcessor, zzzUnity.Burst.CodeGen.BurstILPostProcessor

running Unity.Jobs.CodeGen.JobsILPostProcessor

running zzzUnity.Burst.CodeGen.BurstILPostProcessor
[530/654    0s] Csc Library/Bee/artifacts/1900b0aE.dag/Unity.Cinemachine.Editor.dll (+2 others) [CacheHit ca1b06a3702394832a57bbee1ccca67100000000000000000000000000000004]
[576/654   1790279519s] Csc Library/Bee/artifacts/1900b0aE.dag/Unity.Cinemachine.Editor.dll (+2 others)
[578/654    0s] MovedFromExtractor-Combine Library/Bee/artifacts/1900b0aE.dag/PPv2URPConverters.dll.mvfrm
[532/654    0s] Csc Library/Bee/artifacts/1900b0aE.dag/PPv2URPConverters.dll (+2 others) [CacheHit 6eccc95280d7ff0c5da4f7c7d08620ba00000000000000000000000000000004]
[579/654   1790279519s] Csc Library/Bee/artifacts/1900b0aE.dag/PPv2URPConverters.dll (+2 others)
[581/654    0s] ILPostProcess Library/Bee/artifacts/1900b0aE.dag/post-processed/Unity.Searcher.Editor.dll (+pdb)
Processing assembly Library/Bee/artifacts/1900b0aE.dag/Unity.Searcher.Editor.dll, with 126 defines and 253 references

processors: Unity.Jobs.CodeGen.JobsILPostProcessor, zzzUnity.Burst.CodeGen.BurstILPostProcessor

running Unity.Jobs.CodeGen.JobsILPostProcessor

running zzzUnity.Burst.CodeGen.BurstILPostProcessor
[582/654    0s] ILPostProcess Library/Bee/artifacts/1900b0aE.dag/post-processed/Unity.AI.Navigation.Editor.dll (+pdb)
Processing assembly Library/Bee/artifacts/1900b0aE.dag/Unity.AI.Navigation.Editor.dll, with 126 defines and 255 references

processors: Unity.Jobs.CodeGen.JobsILPostProcessor, zzzUnity.Burst.CodeGen.BurstILPostProcessor

running Unity.Jobs.CodeGen.JobsILPostProcessor

running zzzUnity.Burst.CodeGen.BurstILPostProcessor
[583/654    0s] ILPostProcess Library/Bee/artifacts/1900b0aE.dag/post-processed/Unity.ShaderGraph.Editor.dll (+pdb)
Processing assembly Library/Bee/artifacts/1900b0aE.dag/Unity.ShaderGraph.Editor.dll, with 126 defines and 257 references

processors: Unity.Jobs.CodeGen.JobsILPostProcessor, zzzUnity.Burst.CodeGen.BurstILPostProcessor

running Unity.Jobs.CodeGen.JobsILPostProcessor

running zzzUnity.Burst.CodeGen.BurstILPostProcessor
[584/654    0s] MovedFromExtractor Library/Bee/artifacts/mvdfrm/Unity.Cinemachine.Editor.ref.dll_397E3F004AF07FAF.mvfrm
[585/654    1s] ILPostProcess Library/Bee/artifacts/1900b0aE.dag/post-processed/Unity.RenderPipelines.Universal.2D.Runtime.dll (+pdb)
Processing assembly Library/Bee/artifacts/1900b0aE.dag/Unity.RenderPipelines.Universal.2D.Runtime.dll, with 128 defines and 224 references

processors: Unity.Jobs.CodeGen.JobsILPostProcessor, zzzUnity.Burst.CodeGen.BurstILPostProcessor

running Unity.Jobs.CodeGen.JobsILPostProcessor

running zzzUnity.Burst.CodeGen.BurstILPostProcessor
[586/654    1s] ILPostProcess Library/Bee/artifacts/1900b0aE.dag/post-processed/Unity.Burst.dll (+pdb)
Processing assembly Library/Bee/artifacts/1900b0aE.dag/Unity.Burst.dll, with 128 defines and 217 references

processors: Unity.Jobs.CodeGen.JobsILPostProcessor, zzzUnity.Burst.CodeGen.BurstILPostProcessor

running Unity.Jobs.CodeGen.JobsILPostProcessor

running zzzUnity.Burst.CodeGen.BurstILPostProcessor
[587/654    2s] ILPostProcess Library/Bee/artifacts/1900b0aE.dag/post-processed/Unity.Rendering.LightTransport.Runtime.dll (+pdb)
Processing assembly Library/Bee/artifacts/1900b0aE.dag/Unity.Rendering.LightTransport.Runtime.dll, with 128 defines and 222 references

processors: Unity.Jobs.CodeGen.JobsILPostProcessor, zzzUnity.Burst.CodeGen.BurstILPostProcessor

running Unity.Jobs.CodeGen.JobsILPostProcessor

running zzzUnity.Burst.CodeGen.BurstILPostProcessor
[588/654    0s] MovedFromExtractor-Combine Library/Bee/artifacts/1900b0aE.dag/Assembly-CSharp.dll.mvfrm
[589/654    0s] ILPostProcess Library/Bee/artifacts/1900b0aE.dag/post-processed/UnityEditor.UI.dll (+pdb)
Processing assembly Library/Bee/artifacts/1900b0aE.dag/UnityEditor.UI.dll, with 127 defines and 252 references

processors: Unity.Jobs.CodeGen.JobsILPostProcessor, zzzUnity.Burst.CodeGen.BurstILPostProcessor

running Unity.Jobs.CodeGen.JobsILPostProcessor

running zzzUnity.Burst.CodeGen.BurstILPostProcessor
[590/654    0s] MovedFromExtractor-Combine Library/Bee/artifacts/1900b0aE.dag/Assembly-CSharp-Editor.dll.mvfrm
[591/654    0s] ILPostProcess Library/Bee/artifacts/1900b0aE.dag/post-processed/PPv2URPConverters.dll (+pdb)
Processing assembly Library/Bee/artifacts/1900b0aE.dag/PPv2URPConverters.dll, with 126 defines and 257 references

processors: Unity.Jobs.CodeGen.JobsILPostProcessor, zzzUnity.Burst.CodeGen.BurstILPostProcessor

running Unity.Jobs.CodeGen.JobsILPostProcessor

running zzzUnity.Burst.CodeGen.BurstILPostProcessor
[592/654    0s] ILPostProcess Library/Bee/artifacts/1900b0aE.dag/post-processed/Unity.Mathematics.Editor.dll (+pdb)
Processing assembly Library/Bee/artifacts/1900b0aE.dag/Unity.Mathematics.Editor.dll, with 126 defines and 254 references

processors: Unity.Jobs.CodeGen.JobsILPostProcessor, zzzUnity.Burst.CodeGen.BurstILPostProcessor

running Unity.Jobs.CodeGen.JobsILPostProcessor

running zzzUnity.Burst.CodeGen.BurstILPostProcessor
[593/654    0s] ILPostProcess Library/Bee/artifacts/1900b0aE.dag/post-processed/Unity.PerformanceTesting.Editor.dll (+pdb)
Processing assembly Library/Bee/artifacts/1900b0aE.dag/Unity.PerformanceTesting.Editor.dll, with 127 defines and 251 references

processors: Unity.Jobs.CodeGen.JobsILPostProcessor, zzzUnity.Burst.CodeGen.BurstILPostProcessor

running Unity.Jobs.CodeGen.JobsILPostProcessor

running zzzUnity.Burst.CodeGen.BurstILPostProcessor
[594/654    0s] ILPostProcess Library/Bee/artifacts/1900b0aE.dag/post-processed/Unity.Settings.Editor.dll (+pdb)
Processing assembly Library/Bee/artifacts/1900b0aE.dag/Unity.Settings.Editor.dll, with 126 defines and 253 references

processors: Unity.Jobs.CodeGen.JobsILPostProcessor, zzzUnity.Burst.CodeGen.BurstILPostProcessor

running Unity.Jobs.CodeGen.JobsILPostProcessor

running zzzUnity.Burst.CodeGen.BurstILPostProcessor
[595/654    0s] ILPostProcess Library/Bee/artifacts/1900b0aE.dag/post-processed/Unity.RenderPipelines.Universal.Editor.dll (+pdb)
Processing assembly Library/Bee/artifacts/1900b0aE.dag/Unity.RenderPipelines.Universal.Editor.dll, with 126 defines and 263 references

processors: Unity.Jobs.CodeGen.JobsILPostProcessor, zzzUnity.Burst.CodeGen.BurstILPostProcessor

running Unity.Jobs.CodeGen.JobsILPostProcessor

running zzzUnity.Burst.CodeGen.BurstILPostProcessor
[596/654    0s] ILPostProcess Library/Bee/artifacts/1900b0aE.dag/post-processed/Unity.Rendering.LightTransport.Editor.dll (+pdb)
Processing assembly Library/Bee/artifacts/1900b0aE.dag/Unity.Rendering.LightTransport.Editor.dll, with 126 defines and 253 references

processors: Unity.Jobs.CodeGen.JobsILPostProcessor, zzzUnity.Burst.CodeGen.BurstILPostProcessor

running Unity.Jobs.CodeGen.JobsILPostProcessor

running zzzUnity.Burst.CodeGen.BurstILPostProcessor
[597/654    0s] ILPostProcess Library/Bee/artifacts/1900b0aE.dag/post-processed/Unity.AI.Navigation.Updater.dll (+pdb)
Processing assembly Library/Bee/artifacts/1900b0aE.dag/Unity.AI.Navigation.Updater.dll, with 126 defines and 256 references

processors: Unity.Jobs.CodeGen.JobsILPostProcessor, zzzUnity.Burst.CodeGen.BurstILPostProcessor

running Unity.Jobs.CodeGen.JobsILPostProcessor

running zzzUnity.Burst.CodeGen.BurstILPostProcessor
[598/654    0s] CopyFiles Library/ScriptAssemblies/Unity.RenderPipelines.Core.Runtime.dll
[599/654    0s] CopyFiles Library/ScriptAssemblies/Unity.RenderPipelines.ShaderGraph.ShaderGraphLibrary.dll
[600/654    0s] CopyFiles Library/ScriptAssemblies/Unity.RenderPipelines.Core.ShaderLibrary.dll
[601/654    0s] CopyFiles Library/ScriptAssemblies/Unity.PerformanceTesting.dll
[602/654    0s] CopyFiles Library/ScriptAssemblies/Unity.Burst.dll
[603/654    0s] CopyFiles Library/ScriptAssemblies/Unity.AI.Navigation.dll
[604/654    0s] CopyFiles Library/ScriptAssemblies/Unity.Cinemachine.dll
[605/654    0s] CopyFiles Library/ScriptAssemblies/Unity.RenderPipeline.Universal.ShaderLibrary.dll
[606/654    0s] CopyFiles Library/ScriptAssemblies/Unity.InputSystem.TestFramework.dll
[607/654    0s] CopyFiles Library/ScriptAssemblies/Unity.RenderPipelines.Universal.2D.Runtime.dll
[608/654    0s] CopyFiles Library/ScriptAssemblies/Unity.Mathematics.dll
[609/654    0s] CopyFiles Library/ScriptAssemblies/Unity.RenderPipelines.Universal.Config.Runtime.dll
[610/654    0s] CopyFiles Library/ScriptAssemblies/Unity.RenderPipelines.Core.Runtime.Shared.dll
[611/654    0s] CopyFiles Library/ScriptAssemblies/Unity.Splines.dll
[612/654    0s] ILPostProcess Library/Bee/artifacts/1900b0aE.dag/post-processed/Unity.AI.Navigation.Editor.ConversionSystem.dll (+pdb)
Processing assembly Library/Bee/artifacts/1900b0aE.dag/Unity.AI.Navigation.Editor.ConversionSystem.dll, with 126 defines and 253 references

processors: Unity.Jobs.CodeGen.JobsILPostProcessor, zzzUnity.Burst.CodeGen.BurstILPostProcessor

running Unity.Jobs.CodeGen.JobsILPostProcessor

running zzzUnity.Burst.CodeGen.BurstILPostProcessor
[613/654    0s] ILPostProcess Library/Bee/artifacts/1900b0aE.dag/post-processed/Unity.RenderPipelines.Core.Editor.Shared.dll (+pdb)
Processing assembly Library/Bee/artifacts/1900b0aE.dag/Unity.RenderPipelines.Core.Editor.Shared.dll, with 126 defines and 254 references

processors: Unity.Jobs.CodeGen.JobsILPostProcessor, zzzUnity.Burst.CodeGen.BurstILPostProcessor

running Unity.Jobs.CodeGen.JobsILPostProcessor

running zzzUnity.Burst.CodeGen.BurstILPostProcessor
[614/654    0s] CopyFiles Library/ScriptAssemblies/Unity.RenderPipelines.Universal.Runtime.dll
[615/654    0s] CopyFiles Library/ScriptAssemblies/Unity.InputSystem.dll
[616/654    0s] CopyFiles Library/ScriptAssemblies/Unity.Rendering.LightTransport.Runtime.dll
[617/654    0s] CopyFiles Library/ScriptAssemblies/Unity.TextMeshPro.dll
[618/654    0s] CopyFiles Library/ScriptAssemblies/Unity.InputSystem.ForUI.dll
[619/654    0s] CopyFiles Library/ScriptAssemblies/Unity.RenderPipelines.Universal.Shaders.dll
[620/654    0s] CopyFiles Library/ScriptAssemblies/Unity.AI.Navigation.Updater.dll
[621/654    0s] CopyFiles Library/ScriptAssemblies/UnityEngine.UI.dll
[622/654    0s] CopyFiles Library/ScriptAssemblies/Unity.AI.Navigation.Editor.ConversionSystem.pdb
[623/654    0s] CopyFiles Library/ScriptAssemblies/Unity.AI.Navigation.Updater.pdb
[624/654    0s] CopyFiles Library/ScriptAssemblies/Unity.Rendering.LightTransport.Editor.dll
[625/654    0s] CopyFiles Library/ScriptAssemblies/Unity.Rendering.LightTransport.Editor.pdb
[626/654    0s] CopyFiles Library/ScriptAssemblies/Unity.RenderPipelines.Core.Editor.Shared.pdb
[627/654    0s] CopyFiles Library/ScriptAssemblies/Unity.RenderPipelines.Core.Editor.Shared.dll
[628/654    0s] CopyFiles Library/ScriptAssemblies/Unity.RenderPipelines.Universal.Editor.pdb
[629/654    0s] CopyFiles Library/ScriptAssemblies/Unity.Settings.Editor.pdb
[630/654    0s] CopyFiles Library/ScriptAssemblies/Unity.Settings.Editor.dll
[631/654    0s] CopyFiles Library/ScriptAssemblies/Unity.PerformanceTesting.Editor.pdb
[632/654    0s] CopyFiles Library/ScriptAssemblies/Unity.PerformanceTesting.Editor.dll
[633/654    0s] CopyFiles Library/ScriptAssemblies/Unity.Mathematics.Editor.pdb
[634/654    0s] CopyFiles Library/ScriptAssemblies/Unity.Mathematics.Editor.dll
[635/654    0s] CopyFiles Library/ScriptAssemblies/PPv2URPConverters.pdb
[636/654    0s] CopyFiles Library/ScriptAssemblies/PPv2URPConverters.dll
[637/654    0s] CopyFiles Library/ScriptAssemblies/UnityEditor.UI.dll
[638/654    0s] CopyFiles Library/ScriptAssemblies/UnityEditor.UI.pdb
[639/654    0s] CopyFiles Library/ScriptAssemblies/Unity.Rendering.LightTransport.Runtime.pdb
[640/654    0s] CopyFiles Library/ScriptAssemblies/Unity.Burst.pdb
[641/654    0s] CopyFiles Library/ScriptAssemblies/Unity.RenderPipelines.Universal.2D.Runtime.pdb
[642/654    0s] CopyFiles Library/ScriptAssemblies/Unity.ShaderGraph.Editor.pdb
[643/654    0s] CopyFiles Library/ScriptAssemblies/Unity.Searcher.Editor.pdb
[644/654    0s] CopyFiles Library/ScriptAssemblies/Unity.ShaderGraph.Editor.dll
[645/654    0s] CopyFiles Library/ScriptAssemblies/Unity.Searcher.Editor.dll
[646/654    0s] CopyFiles Library/ScriptAssemblies/Unity.AI.Navigation.Editor.pdb
[647/654    0s] CopyFiles Library/ScriptAssemblies/Unity.AI.Navigation.Editor.dll
[648/654    0s] CopyFiles Library/ScriptAssemblies/Unity.Collections.Editor.pdb
[649/654    0s] CopyFiles Library/ScriptAssemblies/Unity.Collections.Editor.dll
[650/654    0s] CopyFiles Library/ScriptAssemblies/Unity.TextMeshPro.Editor.pdb
[651/654    0s] CopyFiles Library/ScriptAssemblies/Unity.TextMeshPro.Editor.dll
[652/654    0s] CopyFiles Library/ScriptAssemblies/Unity.RenderPipelines.Core.Runtime.pdb
[653/654    0s] CopyFiles Library/ScriptAssemblies/Unity.Cinemachine.pdb
[654/654    0s] CopyFiles Library/ScriptAssemblies/Unity.AI.Navigation.Editor.ConversionSystem.dll
[655/654    0s] CopyFiles Library/ScriptAssemblies/Unity.RenderPipelines.Universal.Runtime.pdb
[656/654    0s] CopyFiles Library/ScriptAssemblies/Unity.Splines.pdb
[657/654    0s] CopyFiles Library/ScriptAssemblies/Unity.RenderPipelines.Universal.Shaders.pdb
[658/654    0s] CopyFiles Library/ScriptAssemblies/Unity.InputSystem.ForUI.pdb
[659/654    0s] CopyFiles Library/ScriptAssemblies/Unity.RenderPipelines.ShaderGraph.ShaderGraphLibrary.pdb
[660/654    0s] CopyFiles Library/ScriptAssemblies/Unity.InputSystem.TestFramework.pdb
[661/654    0s] CopyFiles Library/ScriptAssemblies/Unity.RenderPipelines.Universal.Config.Runtime.pdb
[662/654    0s] CopyFiles Library/ScriptAssemblies/Unity.RenderPipelines.Core.ShaderLibrary.pdb
[663/654    0s] CopyFiles Library/ScriptAssemblies/Unity.RenderPipelines.Core.Runtime.Shared.pdb
[664/654    0s] CopyFiles Library/ScriptAssemblies/Unity.RenderPipeline.Universal.ShaderLibrary.pdb
[665/654    0s] CopyFiles Library/ScriptAssemblies/Unity.InputSystem.pdb
[666/654    0s] CopyFiles Library/ScriptAssemblies/Unity.Mathematics.pdb
[667/654    0s] CopyFiles Library/ScriptAssemblies/Unity.TextMeshPro.pdb
[668/654    0s] CopyFiles Library/ScriptAssemblies/Unity.PerformanceTesting.pdb
[669/654    0s] CopyFiles Library/ScriptAssemblies/Unity.AI.Navigation.pdb
[670/654    0s] CopyFiles Library/ScriptAssemblies/UnityEngine.UI.pdb
[671/654    0s] CopyFiles Library/ScriptAssemblies/Unity.RenderPipelines.Universal.Editor.dll
[672/654    0s] ILPostProcess Library/Bee/artifacts/1900b0aE.dag/post-processed/Unity.ShaderGraph.Utilities.dll (+pdb)
Processing assembly Library/Bee/artifacts/1900b0aE.dag/Unity.ShaderGraph.Utilities.dll, with 126 defines and 253 references

processors: Unity.Jobs.CodeGen.JobsILPostProcessor, zzzUnity.Burst.CodeGen.BurstILPostProcessor

running Unity.Jobs.CodeGen.JobsILPostProcessor

running zzzUnity.Burst.CodeGen.BurstILPostProcessor
[673/654    0s] CopyFiles Library/ScriptAssemblies/Unity.ShaderGraph.Utilities.pdb
[674/654    0s] CopyFiles Library/ScriptAssemblies/Unity.ShaderGraph.Utilities.dll
[675/654    0s] ILPostProcess Library/Bee/artifacts/1900b0aE.dag/post-processed/Unity.Splines.Editor.dll (+pdb)
Processing assembly Library/Bee/artifacts/1900b0aE.dag/Unity.Splines.Editor.dll, with 126 defines and 256 references

processors: Unity.Jobs.CodeGen.JobsILPostProcessor, zzzUnity.Burst.CodeGen.BurstILPostProcessor

running Unity.Jobs.CodeGen.JobsILPostProcessor

running zzzUnity.Burst.CodeGen.BurstILPostProcessor
[676/654    0s] ILPostProcess Library/Bee/artifacts/1900b0aE.dag/post-processed/Unity.Cinemachine.Editor.dll (+pdb)
Processing assembly Library/Bee/artifacts/1900b0aE.dag/Unity.Cinemachine.Editor.dll, with 131 defines and 262 references

processors: Unity.Jobs.CodeGen.JobsILPostProcessor, zzzUnity.Burst.CodeGen.BurstILPostProcessor

running Unity.Jobs.CodeGen.JobsILPostProcessor

running zzzUnity.Burst.CodeGen.BurstILPostProcessor
[677/654    0s] CopyFiles Library/ScriptAssemblies/Unity.Splines.Editor.pdb
[678/654    0s] CopyFiles Library/ScriptAssemblies/Unity.Cinemachine.Editor.pdb
[679/654    0s] ILPostProcess Library/Bee/artifacts/1900b0aE.dag/post-processed/Unity.Burst.Editor.dll (+pdb)
Processing assembly Library/Bee/artifacts/1900b0aE.dag/Unity.Burst.Editor.dll, with 126 defines and 254 references

processors: Unity.Jobs.CodeGen.JobsILPostProcessor, zzzUnity.Burst.CodeGen.BurstILPostProcessor

running Unity.Jobs.CodeGen.JobsILPostProcessor

running zzzUnity.Burst.CodeGen.BurstILPostProcessor
[680/654    0s] CopyFiles Library/ScriptAssemblies/Unity.Burst.Editor.pdb
[681/654    2s] ILPostProcess Library/Bee/artifacts/1900b0aE.dag/post-processed/Unity.RenderPipelines.GPUDriven.Runtime.dll (+pdb)
Processing assembly Library/Bee/artifacts/1900b0aE.dag/Unity.RenderPipelines.GPUDriven.Runtime.dll, with 128 defines and 223 references

processors: Unity.Jobs.CodeGen.JobsILPostProcessor, zzzUnity.Burst.CodeGen.BurstILPostProcessor

running Unity.Jobs.CodeGen.JobsILPostProcessor

running zzzUnity.Burst.CodeGen.BurstILPostProcessor
[682/654    0s] CopyFiles Library/ScriptAssemblies/Unity.RenderPipelines.GPUDriven.Runtime.pdb
[683/654    0s] CopyFiles Library/ScriptAssemblies/Unity.Splines.Editor.dll
[684/654    0s] CopyFiles Library/ScriptAssemblies/Unity.RenderPipelines.GPUDriven.Runtime.dll
[685/654    1s] ILPostProcess Library/Bee/artifacts/1900b0aE.dag/post-processed/Unity.RenderPipelines.Core.Editor.dll (+pdb)
Processing assembly Library/Bee/artifacts/1900b0aE.dag/Unity.RenderPipelines.Core.Editor.dll, with 127 defines and 259 references

processors: Unity.Jobs.CodeGen.JobsILPostProcessor, zzzUnity.Burst.CodeGen.BurstILPostProcessor

running Unity.Jobs.CodeGen.JobsILPostProcessor

running zzzUnity.Burst.CodeGen.BurstILPostProcessor
[686/654    0s] CopyFiles Library/ScriptAssemblies/Unity.RenderPipelines.Core.Editor.pdb
[687/654    3s] ILPostProcess Library/Bee/artifacts/1900b0aE.dag/post-processed/Unity.Collections.dll (+pdb)
Processing assembly Library/Bee/artifacts/1900b0aE.dag/Unity.Collections.dll, with 130 defines and 221 references

processors: Unity.Jobs.CodeGen.JobsILPostProcessor, zzzUnity.Burst.CodeGen.BurstILPostProcessor

running Unity.Jobs.CodeGen.JobsILPostProcessor

running zzzUnity.Burst.CodeGen.BurstILPostProcessor
[688/654    0s] CopyFiles Library/ScriptAssemblies/Unity.Collections.pdb
[689/654    0s] CopyFiles Library/ScriptAssemblies/Unity.Collections.dll
[690/654    0s] CopyFiles Library/ScriptAssemblies/Unity.Burst.Editor.dll
[691/654    0s] CopyFiles Library/ScriptAssemblies/Unity.Cinemachine.Editor.dll
[692/654    0s] CopyFiles Library/ScriptAssemblies/Unity.RenderPipelines.Core.Editor.dll
[693/654    1s] Csc Library/Bee/artifacts/1900b0aE.dag/Assembly-CSharp.dll (+2 others)
[694/654    0s] ILPostProcess Library/Bee/artifacts/1900b0aE.dag/post-processed/Assembly-CSharp.dll (+pdb)
Processing assembly Library/Bee/artifacts/1900b0aE.dag/Assembly-CSharp.dll, with 128 defines and 254 references

processors: Unity.Jobs.CodeGen.JobsILPostProcessor, zzzUnity.Burst.CodeGen.BurstILPostProcessor

running Unity.Jobs.CodeGen.JobsILPostProcessor

running zzzUnity.Burst.CodeGen.BurstILPostProcessor
[695/654    0s] CopyFiles Library/ScriptAssemblies/Assembly-CSharp.pdb
[696/654    0s] CopyFiles Library/ScriptAssemblies/Assembly-CSharp.dll
[697/654    0s] Csc Library/Bee/artifacts/1900b0aE.dag/Assembly-CSharp-Editor.dll (+2 others)
Assets\Editor\AutoSetup.cs(35,59): warning CS0618: 'StaticEditorFlags.NavigationStatic' is obsolete: 'Enum member StaticEditorFlags.NavigationStatic has been deprecated. The precise selection of the objects is now done using NavMeshBuilder.CollectSources() and NavMeshBuildMarkup.'

Assets\Editor\AutoSetup.cs(106,56): warning CS0618: 'StaticEditorFlags.NavigationStatic' is obsolete: 'Enum member StaticEditorFlags.NavigationStatic has been deprecated. The precise selection of the objects is now done using NavMeshBuilder.CollectSources() and NavMeshBuildMarkup.'
[698/654    0s] ILPostProcess Library/Bee/artifacts/1900b0aE.dag/post-processed/Assembly-CSharp-Editor.dll (+pdb)
Processing assembly Library/Bee/artifacts/1900b0aE.dag/Assembly-CSharp-Editor.dll, with 126 defines and 291 references

processors: Unity.Jobs.CodeGen.JobsILPostProcessor, zzzUnity.Burst.CodeGen.BurstILPostProcessor

running Unity.Jobs.CodeGen.JobsILPostProcessor

running zzzUnity.Burst.CodeGen.BurstILPostProcessor
[699/654    0s] CopyFiles Library/ScriptAssemblies/Assembly-CSharp-Editor.pdb
[700/654    0s] CopyFiles Library/ScriptAssemblies/Assembly-CSharp-Editor.dll
*** Tundra build success (10.66 seconds), 606 items updated, 654 evaluated
Assets\Editor\AutoSetup.cs(35,59): warning CS0618: 'StaticEditorFlags.NavigationStatic' is obsolete: 'Enum member StaticEditorFlags.NavigationStatic has been deprecated. The precise selection of the objects is now done using NavMeshBuilder.CollectSources() and NavMeshBuildMarkup.'
Assets\Editor\AutoSetup.cs(106,56): warning CS0618: 'StaticEditorFlags.NavigationStatic' is obsolete: 'Enum member StaticEditorFlags.NavigationStatic has been deprecated. The precise selection of the objects is now done using NavMeshBuilder.CollectSources() and NavMeshBuildMarkup.'
AssetDatabase: script compilation time: 11.897770s
Begin MonoManager ReloadAssembly
[Licensing::Client] Successfully resolved entitlement details
Total cache size 47434824
Total cache size after purge 47434824, took 00:00:00.0785901
- Loaded All Assemblies, in  4.980 seconds
'Packages/com.unity.cinemachine/Editor/Editors/CinemachineVirtualCameraBaseEditor.cs' contains partial class of Unity.Object, exactly 1 of the partial classes needs to be in a file with the same filename. This is to know the one that can be referenced from ie. GameObjects
'Packages/com.unity.cinemachine/Editor/Obsolete/CinemachineVirtualCameraBaseEditor.cs' contains partial class of Unity.Object, exactly 1 of the partial classes needs to be in a file with the same filename. This is to know the one that can be referenced from ie. GameObjects
Start importing Assets using Guid(00000000000000001000000000000000) (DefaultImporter) -> (artifact id: '4b55c7cb15071bfc086d0e52a7664a41') in 0.0195026 seconds
Start importing ProjectSettings/InputManager.asset using Guid(00000000000000002000000000000000) (LibraryAssetImporter) -> (artifact id: '2285e38fbefe4885a128d33e5b78ca26') in 0.0030372 seconds
Start importing ProjectSettings/TagManager.asset using Guid(00000000000000003000000000000000) (LibraryAssetImporter) -> (artifact id: '4aa03ef27a83f311e598313a3ec2fbc3') in 0.0020309 seconds
Start importing ProjectSettings/ProjectSettings.asset using Guid(00000000000000004000000000000000) (LibraryAssetImporter) -> (artifact id: 'd457989c1806945eaa6206e39c530991') in 0.0037812 seconds
Start importing ProjectSettings/AudioManager.asset using Guid(00000000000000006000000000000000) (LibraryAssetImporter) -> (artifact id: '22ffb3fe371a5950e3f1d63c04f3be40') in 0.0021291 seconds
Start importing ProjectSettings/TimeManager.asset using Guid(00000000000000007000000000000000) (LibraryAssetImporter) -> (artifact id: '52c307e924e96ceef905bcc2cea85a00') in 0.0022704 seconds
Start importing ProjectSettings/DynamicsManager.asset using Guid(00000000000000008000000000000000) (LibraryAssetImporter) -> (artifact id: '336bf3247eed30d661d613b7b29ca1cb') in 0.0021056 seconds
Start importing ProjectSettings/QualitySettings.asset using Guid(00000000000000009000000000000000) (LibraryAssetImporter) -> (artifact id: 'f44ba1262e818bbe4262433f49247514') in 0.0022506 seconds
Start importing ProjectSettings/EditorBuildSettings.asset using Guid(0000000000000000b000000000000000) (LibraryAssetImporter) -> (artifact id: '1923232d45cb936aef47cec131f33975') in 0.0024128 seconds
Start importing ProjectSettings/EditorSettings.asset using Guid(0000000000000000c000000000000000) (LibraryAssetImporter) -> (artifact id: '2fd9b1c4681bfec4a6f64a2287149ce0') in 0.0023655 seconds
Start importing ProjectSettings/NavMeshAreas.asset using Guid(00000000000000004100000000000000) (LibraryAssetImporter) -> (artifact id: '4ba0a6bb5cc18b1619eb3b3f4ce570d1') in 0.0020446 seconds
Start importing ProjectSettings/Physics2DSettings.asset using Guid(00000000000000005100000000000000) (LibraryAssetImporter) -> (artifact id: 'b9a798d8579cfd14a9d003bd527e0b64') in 0.002304 seconds
Start importing ProjectSettings/GraphicsSettings.asset using Guid(00000000000000006100000000000000) (LibraryAssetImporter) -> (artifact id: 'acfda65d7361bc5c9965da33f2e3a068') in 0.0022818 seconds
Start importing ProjectSettings/ClusterInputManager.asset using Guid(00000000000000007100000000000000) (LibraryAssetImporter) -> (artifact id: '5a028a71a6163b7bc9a46219c48662ec') in 0.0023215 seconds
Start importing ProjectSettings/UnityConnectSettings.asset using Guid(0000000000000000a100000000000000) (LibraryAssetImporter) -> (artifact id: '8277d23a0264aed63c0c1f77e8749aad') in 0.0026057 seconds
Start importing ProjectSettings/PresetManager.asset using Guid(0000000000000000b100000000000000) (LibraryAssetImporter) -> (artifact id: '669bd2cb5cdf99ef516d1350fa42393e') in 0.0023532 seconds
Start importing ProjectSettings/VFXManager.asset using Guid(0000000000000000c100000000000000) (LibraryAssetImporter) -> (artifact id: 'd96b989647555359bde1f89c35e57424') in 0.0019892 seconds
Start importing ProjectSettings/VersionControlSettings.asset using Guid(0000000000000000d100000000000000) (LibraryAssetImporter) -> (artifact id: 'b89f810c452b248c014f182ae5caa680') in 0.0017871 seconds
Start importing ProjectSettings/MemorySettings.asset using Guid(0000000000000000f100000000000000) (LibraryAssetImporter) -> (artifact id: '19f032dc933bd79e61da5c81f7ddd1ac') in 0.0017416 seconds
Start importing ProjectSettings/MultiplayerManager.asset using Guid(00000000000000000200000000000000) (LibraryAssetImporter) -> (artifact id: '2f864bba7a58beddb6fbf79980c9a838') in 0.0017199 seconds
Start importing Library/BuildInstructions using Guid(00000000000000002300000000000000) (DefaultImporter) -> (artifact id: 'ade3aeda13ad9960ede0e143cb33502a') in 0.0005092 seconds
Start importing Packages/com.unity.rendering.light-transport using Guid(403326b78bbb6c791a9b1ef0cdf1bc58) (DefaultImporter) -> (artifact id: '40e53322dbe332735e6c03005f1cb604') in 0.0004833 seconds
Start importing Assets/Editor using Guid(408994a83d556134183060436c84b9a3) (DefaultImporter) -> (artifact id: '9f403d57910de5b195fd8416800b12fa') in 0.0005572 seconds
Start importing Packages/com.unity.modules.imgui using Guid(c060426bfd6e82575228df6656368eaa) (DefaultImporter) -> (artifact id: '7d484ab5933192f91b6a2fb9f7498a1e') in 0.000383 seconds
Start importing Packages/com.unity.burst using Guid(015351544beade58d5354b3c86c1b024) (DefaultImporter) -> (artifact id: 'a4b0d672cde4ca222bccb17c4f3bd1ac') in 0.0004037 seconds
Start importing Packages/com.unity.shadergraph using Guid(61e5ac0355aa8da4b80543e2b3eb3029) (DefaultImporter) -> (artifact id: '35be1b1d98493126868e5742529021ca') in 0.0004169 seconds
Start importing Assets/Animations using Guid(a2700d9ac6e82c542a10a11c5d5f03c0) (DefaultImporter) -> (artifact id: 'bb3b92fd0984dd2b23c7ea5c012972a1') in 0.0005213 seconds
Start importing Packages/com.unity.textmeshpro using Guid(133253302917d5d414acd1f34b796e11) (DefaultImporter) -> (artifact id: '64e20718c99e533d12264eda07676cf3') in 0.0004981 seconds
Start importing Packages/com.unity.splines using Guid(330c9f63be92551e9ea5e4136d6a68cd) (DefaultImporter) -> (artifact id: '460be46466164b1a968189745c54fcbc') in 0.0004119 seconds
Start importing Assets/Models using Guid(e45591d027d10154f9abb0c202bdb085) (DefaultImporter) -> (artifact id: '18839cca8b76f0be4278b6f9bf1b6a01') in 0.0005027 seconds
Start importing Packages/com.unity.nuget.mono-cecil using Guid(955b8725a93376c37a2b28a74acc163d) (DefaultImporter) -> (artifact id: '59d83dc75ec75cc5c03571ab2b99c00c') in 0.0004099 seconds
Start importing Packages/com.unity.searcher using Guid(26ef0751f6ecc0a4a578d6653b51fe14) (DefaultImporter) -> (artifact id: '09a67736c426172e75e052af5fa0327b') in 0.0004052 seconds
Start importing Packages/com.unity.ext.nunit using Guid(3642dd7ba9f8d6f6139554e1929b8cbc) (DefaultImporter) -> (artifact id: 'ae9b68da83ea42a9514ee1912417d74d') in 0.0004137 seconds
Start importing Packages/com.unity.inputsystem using Guid(46842a422155bd4946e054980a781321) (DefaultImporter) -> (artifact id: '5c56df66d3224c0eade2ca4c23121325') in 0.0004005 seconds
Start importing Assets/Prefabs using Guid(66d34ce42cb8e064bba2109d5ad03fb9) (DefaultImporter) -> (artifact id: 'a7df725b12eb0ecb69c6a5d4f4144d0e') in 0.0005054 seconds
Start importing Packages/com.unity.modules.physics using Guid(d6db7caf2e852b75ebb9c6098418179c) (DefaultImporter) -> (artifact id: 'b562405fb5bd1c9305c356f8cfe7a672') in 0.0003715 seconds
Start importing Packages/com.unity.settings-manager using Guid(a76893d6c84353069357688a4b2b3d11) (DefaultImporter) -> (artifact id: '6ed4748cf89f06b6aa3939455ec1788a') in 0.0004376 seconds
Start importing Packages/com.unity.render-pipelines.core using Guid(08c50c7195e9d2d3e87cdd0859721cee) (DefaultImporter) -> (artifact id: '00b09c6348868e82195a79fb74ac1103') in 0.0004114 seconds
Start importing Packages/com.unity.modules.uielements using Guid(2808ba6bccb2478ec9c7209d8bf1f3cc) (DefaultImporter) -> (artifact id: '49f971d306aab8cb20ddbc00ca94734a') in 0.0003677 seconds
Start importing Packages/com.unity.ugui using Guid(381f84ba6d065cfd016adb497172121e) (DefaultImporter) -> (artifact id: '81ba037251b9dc82f31b214cb17ff6bf') in 0.0003994 seconds
Start importing Packages/com.unity.modules.ui using Guid(39728903e57c60021f80449a8bbc0096) (DefaultImporter) -> (artifact id: '9ba448b29b75a8a1f5c4c31201266424') in 0.0003725 seconds
Start importing Packages/com.unity.render-pipelines.universal-config using Guid(59546dd06ea1e4d63e788df48d8f66ba) (DefaultImporter) -> (artifact id: '9e2279d32522ec6a10d34d24ef7fe8dc') in 0.0004131 seconds
Start importing Packages/com.unity.test-framework.performance using Guid(6a1017258cc030cb21733fbca6069cf7) (DefaultImporter) -> (artifact id: 'fb1937c3254f9624278b759ec8a22e7f') in 0.0004102 seconds
Start importing Packages/com.unity.render-pipelines.universal using Guid(aa2870aec36356074bc4dca7104532d0) (DefaultImporter) -> (artifact id: '86ecfde4e94fc01dbec64191336a679f') in 0.0004063 seconds
Start importing Packages/com.unity.ai.navigation using Guid(fa896030ecfdc8bdb1e8661c8a32fcb8) (DefaultImporter) -> (artifact id: 'dc8453960773ade03796542eb7f80d66') in 0.0004095 seconds
Start importing Packages/com.unity.modules.hierarchycore using Guid(6b81377a4453ba7362eb3322f9bcc6c6) (DefaultImporter) -> (artifact id: 'b5ba94375de312bec58cfc03230046fb') in 0.0003615 seconds
Start importing Assets/Scenes using Guid(9bfc047f5affad2478636a50fda6f494) (DefaultImporter) -> (artifact id: 'f3768051d9240506b3b7bc0343fb8cbb') in 0.0004984 seconds
Start importing Packages/com.unity.modules.jsonserialize using Guid(fc3a810351931f5e6183e16b9beb5563) (DefaultImporter) -> (artifact id: 'ae149b8f46567b37c6b77b16bb572fe8') in 0.0003734 seconds
Start importing Packages/com.unity.collections using Guid(0d84fbbc1bbb403fc211ead61fcfc083) (DefaultImporter) -> (artifact id: 'd7f086dc40b63b318186ff51f76b10af') in 0.00041 seconds
Start importing Packages/com.unity.mathematics using Guid(1d4cfc07e8b81a929e21c7a84fecef20) (DefaultImporter) -> (artifact id: '597aac1c25025fd36f3464c696a75de5') in 0.0003984 seconds
Start importing Packages/com.unity.modules.ai using Guid(fd871a8be47119612f7c254e96a822b7) (DefaultImporter) -> (artifact id: '619e67a2820f0fb43e606df1f0c95aa2') in 0.0003571 seconds
Start importing Packages/com.unity.modules.terrain using Guid(6e1c8b97ec8aa0464e92506ffe099558) (DefaultImporter) -> (artifact id: 'd262e4fb78f6fff54404eb87b88b9ac4') in 0.0003632 seconds
Start importing Packages/com.unity.cinemachine using Guid(4f53d4d6df7ae567d072733e8f98a43f) (DefaultImporter) -> (artifact id: 'afc80ceebf3764c6d14e670c71690ba2') in 0.0004116 seconds
Start importing Packages/com.unity.test-framework using Guid(af9ba5e0f33a5e03b1872e0f5272a39b) (DefaultImporter) -> (artifact id: 'dd2678ab7932f086dbe890eb0ad12051') in 0.0004008 seconds
Start importing Assets/Scripts using Guid(ef7e8179cbac41b4ba189847d57a24fe) (DefaultImporter) -> (artifact id: '4c8697fd2ed9325efff4596b56f6f0c4') in 0.000508 seconds
Start importing Packages/com.unity.burst/Unity.Burst.CodeGen using Guid(0025085fa936303aa05b328e44651f9c) (DefaultImporter) -> (artifact id: 'da87d48daf8566acca1fe2c6c85e70c9') in 0.0005274 seconds
Start importing Packages/com.unity.collections/Unity.Collections.BurstCompatibilityGen using Guid(00a9bcd29d03e5043aad0c9a7e6185f3) (DefaultImporter) -> (artifact id: '3dd9924ad498f25718ce4d4d035f87b7') in 0.0007043 seconds
Start importing Packages/com.unity.render-pipelines.core/Editor-PrivateShared using Guid(50e0a64c6fdb90f48a1dbcfa7af69056) (DefaultImporter) -> (artifact id: '0b0f24df30bbdcd12549289cd8d34204') in 0.0006153 seconds
Start importing Packages/com.unity.rendering.light-transport/Tests using Guid(506a4ae60bb8b8d45984af40b8e16ac8) (DefaultImporter) -> (artifact id: '7cfa7b47be52302341285a346ab77f13') in 0.0006161 seconds
Start importing Packages/com.unity.render-pipelines.universal/Tests using Guid(90821e75f62bb9e4ea9d6111201e1d90) (DefaultImporter) -> (artifact id: 'a8b2f01a50cf4982779995b3da55b294') in 0.0005698 seconds
Start importing Packages/com.unity.render-pipelines.universal-config/Tests using Guid(b16c0985df25c08458c254464b931122) (DefaultImporter) -> (artifact id: '72c712d894e0ede789678c40f748a38a') in 0.0005434 seconds
Start importing Packages/com.unity.shadergraph/ShaderGraphLibrary using Guid(c1bc9b92d5eaa40f8a85c1f48ba87de9) (DefaultImporter) -> (artifact id: 'be7b64766ee5b69eb7ec498c0dbae152') in 0.0006004 seconds
Start importing Packages/com.unity.ugui/Editor Resources using Guid(d1a0a27327b54c3bac52a08929c33f81) (DefaultImporter) -> (artifact id: '89d4bdf381a63d2d738dcc151e624513') in 0.000538 seconds
Start importing Packages/com.unity.collections/Unity.Collections.Editor using Guid(d1e9e4c1f536d9246ac795d9abc62342) (DefaultImporter) -> (artifact id: '7eaed701002a9747ad365e4801cbfde1') in 0.0005845 seconds
Start importing Packages/com.unity.burst/Runtime using Guid(e1700f0d2aa03c568eaedb3efe6720f0) (DefaultImporter) -> (artifact id: '8b92d21c9a23dbc0f6bf20116309d43e') in 0.0005305 seconds
Start importing Packages/com.unity.inputsystem/Tests using Guid(f1c1e9b3951e340e48a3d2c037d6f48b) (DefaultImporter) -> (artifact id: '3ea7d62947e148c46603b1d107d03712') in 0.0005862 seconds
Start importing Packages/com.unity.settings-manager/Editor using Guid(c2910bfb37c064309a7230f4175d6c3a) (DefaultImporter) -> (artifact id: '47c7414558b6efd0f6e3a571ad5dd26b') in 0.0005697 seconds
Start importing Packages/com.unity.searcher/Editor using Guid(03d97a496f60a574f8955a1258f8f956) (DefaultImporter) -> (artifact id: '3c911fbef8c9e67f646a9f7b85a35006') in 0.0005559 seconds
Start importing Packages/com.unity.render-pipelines.universal/Editor using Guid(53c20613ce8ac478dba8507359e02516) (DefaultImporter) -> (artifact id: '1b7596313ce94b29aab40270d50652d8') in 0.000529 seconds
Start importing Packages/com.unity.render-pipelines.core/ShaderLibrary using Guid(534c3b565c7ef4248a10594dbdf4faf1) (DefaultImporter) -> (artifact id: '2fbf526cc6816413d66c6fe72f697787') in 0.0005722 seconds
Start importing Packages/com.unity.collections/Unity.Collections.LowLevel.ILSupport using Guid(6353acf8df7d746d98d65f640d39ea47) (DefaultImporter) -> (artifact id: '3bfe95cb61b3a0d592374497b51a9e59') in 0.0006003 seconds
Start importing Packages/com.unity.ai.navigation/Editor using Guid(63b588f3892bb4b5eb73ad3d2791e05c) (DefaultImporter) -> (artifact id: '56542eb366809904ef22cfba0a6fd803') in 0.0005775 seconds
Start importing Packages/com.unity.ai.navigation/Gizmos using Guid(93b9715f5a4bf471c8154f6cbab7e94d) (DefaultImporter) -> (artifact id: '9a1ea2e9334068cca4fb91a9c2309465') in 0.0005371 seconds
Start importing Packages/com.unity.mathematics/Unity.Mathematics using Guid(b3be5912975a74cc0b42e9039d91daf1) (DefaultImporter) -> (artifact id: 'db7e4658d6f4167db080f5d152bddf79') in 0.0006317 seconds
Start importing Packages/com.unity.mathematics/Tests using Guid(e3503cbca3a6645cb8298d5cecf03cec) (DefaultImporter) -> (artifact id: '7a7efa4be2c2bba6f2efc8aff051210e') in 0.0005372 seconds
Start importing Packages/com.unity.render-pipelines.universal/Shaders using Guid(248877dd7078443d6b51abf21ee7d52a) (DefaultImporter) -> (artifact id: '564022fb5e58e1dc030736cf0c6b7619') in 0.000544 seconds
Start importing Packages/com.unity.render-pipelines.core/Editor using Guid(74ae8146f4a01491ba1306f3db78139d) (DefaultImporter) -> (artifact id: 'bcce6bcb588ab2ebe4cd0f763d9b1c21') in 0.0005923 seconds
Start importing Packages/com.unity.ai.navigation/Tests using Guid(a4ffdd6288cb842a8ac2b31823ceaab0) (DefaultImporter) -> (artifact id: '7c766eff0d351270b603bc59b4bdc5e3') in 0.000529 seconds
Start importing Packages/com.unity.cinemachine/Editor using Guid(b46f22104d80d4c4e8d58f046ed45054) (DefaultImporter) -> (artifact id: '480812ddf4f24de1ce7021fd347f0b01') in 0.0010745 seconds
Start importing Packages/com.unity.collections/Unity.Collections.CodeGen using Guid(d44454e6d25878e46a8495f8a720d7c0) (DefaultImporter) -> (artifact id: 'dc5b6330d6bcd6bbb34157022b1e02b9') in 0.0008726 seconds
Start importing Packages/com.unity.test-framework/UnityEngine.TestRunner using Guid(950890083f4907541a6ed06d70959e49) (DefaultImporter) -> (artifact id: 'b2380b0eb08023ce063c7b7396ba8e5e') in 0.0008895 seconds
Start importing Packages/com.unity.test-framework/UnityEditor.TestRunner using Guid(95cdf27b47eb82747ba9e51f41e72a35) (DefaultImporter) -> (artifact id: '77f76be7513a4e9a3b3e2eeeb0b13cad') in 0.0008488 seconds
Start importing Packages/com.unity.collections/Unity.Collections using Guid(b5713c21e3bf34803880e60596ab7e69) (DefaultImporter) -> (artifact id: 'cfed2240ead5e584460a4650f86e225a') in 0.0010935 seconds
Start importing Packages/com.unity.rendering.light-transport/Editor using Guid(f5cbcf068765868439bec8721c1e76b2) (DefaultImporter) -> (artifact id: '861f6e7e9b77e31d04c4ba193ab271af') in 0.0006777 seconds
Start importing Packages/com.unity.nuget.mono-cecil/Tests using Guid(0600146fb26ea4138a2f66b89faa9e86) (DefaultImporter) -> (artifact id: '471bb5efc522ca1d3dc593d9c7594c0a') in 0.0006876 seconds
Start importing Packages/com.unity.burst/Editor using Guid(a6ca3ceb44ad3b13ad15d2de0caf14d0) (DefaultImporter) -> (artifact id: 'b77eb78338e9f974f17eb7df60d7cd81') in 0.0007129 seconds
Start importing Packages/com.unity.shadergraph/Tests using Guid(b67edcfd84add6e4a97f27f155b61a7b) (DefaultImporter) -> (artifact id: '8d392ba38630bc1cd2405718685f9616') in 0.0007326 seconds
Start importing Packages/com.unity.render-pipelines.universal-config/Runtime using Guid(670b80493e242394ba4eda64f09253ac) (DefaultImporter) -> (artifact id: '969fcf6c60ced85ee128f24c2e4f49ba') in 0.000633 seconds
Start importing Packages/com.unity.test-framework/Tests using Guid(b70e28337c9001e4390442151ea5542c) (DefaultImporter) -> (artifact id: '88dd20ad2c23d64332e901fda31c7692') in 0.0006345 seconds
Start importing Assets/Models/Tools using Guid(e77d770be958060468c0333d69be9a8a) (DefaultImporter) -> (artifact id: '43151e99b2b397a4896a4637ca5bc496') in 0.0006536 seconds
Start importing Packages/com.unity.test-framework.performance/Editor using Guid(0855336f89ed65c45a15c56d2269fffd) (DefaultImporter) -> (artifact id: 'e2a496ca2a54bc21997c75cf10ea96b9') in 0.0006604 seconds
Start importing Packages/com.unity.ugui/Tests using Guid(d850db319a63d2546932ff76fe55a498) (DefaultImporter) -> (artifact id: '87ed2bbc25b91c58b304abd09ed3aaba') in 0.000628 seconds
Start importing Packages/com.unity.render-pipelines.core/Shaders using Guid(1966e5ee4a6d00344b701c86ac98a770) (DefaultImporter) -> (artifact id: 'a76a0467b16d8ab2206ade82af08c20f') in 0.000697 seconds
Start importing Packages/com.unity.cinemachine/Runtime using Guid(4948b50a839a1c6419fdd70e2555ba44) (DefaultImporter) -> (artifact id: '5c19ff9d6cdde1086477a051176698f5') in 0.0006685 seconds
Start importing Packages/com.unity.render-pipelines.universal/Textures using Guid(6970e3730c799f44ab472c8aa6c4b431) (DefaultImporter) -> (artifact id: 'bf7de6916e6788a6ccf01880f1701369') in 0.0007446 seconds
Start importing Packages/com.unity.render-pipelines.universal/Runtime using Guid(79e8584360be43649ad60cb0f180e904) (DefaultImporter) -> (artifact id: '982b85db3ea9db95dfe6f54103330194') in 0.0012423 seconds
Start importing Packages/com.unity.render-pipelines.core/Runtime using Guid(89c766a6aa0579c4b9f01bbbe5a45dfd) (DefaultImporter) -> (artifact id: 'f8fc9448182db0343cb00dae7a6184e4') in 0.0007143 seconds
Start importing Packages/com.unity.splines/Runtime using Guid(5a4617047096737409e15d9880263c9c) (DefaultImporter) -> (artifact id: '5a3fa89e1df4c93841de6c90e0c1bcc8') in 0.000676 seconds
Start importing Packages/com.unity.ugui/Runtime using Guid(aa14b70e6a58c5b4fa6663623e3dca91) (DefaultImporter) -> (artifact id: 'fa7aa1d533b272bf79afdbd5404453cd') in 0.0007554 seconds
Start importing Packages/com.unity.collections/Unity.Collections.Tests.Playmode using Guid(1bc474d6c48563e48bf377774df23cb1) (DefaultImporter) -> (artifact id: '00df3bec1f22919a9dfe00e1760c2354') in 0.0006381 seconds
Start importing Assets/Models/Characters using Guid(2b522a59513ec224c925882895c1f4b7) (DefaultImporter) -> (artifact id: '0c8fa06101e19831f4ca355ec0022d3c') in 0.0006179 seconds
Start importing Packages/com.unity.render-pipelines.core/Runtime-PrivateShared using Guid(3bc3c7fe1d0033c4aaa7cd04fe5ba574) (DefaultImporter) -> (artifact id: 'e069b3d81777c5587acb66dc67ef292c') in 0.0007256 seconds
Start importing Packages/com.unity.searcher/Tests using Guid(4b666628832cadb45b2a56d441fc8220) (DefaultImporter) -> (artifact id: 'feb63d593cfd52f4f481a22bb42033fd') in 0.000621 seconds
Start importing Assets/Models/Environment using Guid(5bf2256426ee5fc4482ec3dcbdaadb7a) (DefaultImporter) -> (artifact id: '888a36b7b46faef1b4b047b59c2a781d') in 0.0005944 seconds
Start importing Packages/com.unity.splines/Editor using Guid(7be002d6127770a45b33b37bd3ba98ac) (DefaultImporter) -> (artifact id: 'acff231dee1848cfa59e4222f6cae0ac') in 0.0006605 seconds
Start importing Packages/com.unity.inputsystem/InputSystem using Guid(7be622e2320c433e83fcfd2dbb7bd468) (DefaultImporter) -> (artifact id: '9d8a939a01d340a6bfc51960567658cf') in 0.0006793 seconds
Start importing Packages/com.unity.splines/Shader using Guid(2cf15e72bac216b9684886fb42a35910) (DefaultImporter) -> (artifact id: '667be28115234c2bdd5fe96ec69b3d5f') in 0.0006206 seconds
Start importing Packages/com.unity.collections/Unity.Collections.PerformanceTests using Guid(4c3b5584c2c4c483b9816878d89d3793) (DefaultImporter) -> (artifact id: '1ec40f0db75de92f464c23a2e6f73533') in 0.0005947 seconds
Start importing Packages/com.unity.collections/Unity.Collections.Tests using Guid(5c67b9b0b7cb745ff9944601a5b65149) (DefaultImporter) -> (artifact id: '74fa25095f66dc387ef11e14b714dc4d') in 0.0005887 seconds
Start importing Packages/com.unity.render-pipelines.core/Tests using Guid(6c67acbbc1ebd5a479b3bef04c939d02) (DefaultImporter) -> (artifact id: '7334d2748cec619bf95b7956addd5ff1') in 0.0005832 seconds
Start importing Packages/com.unity.cinemachine/Presets using Guid(acfb7c627ec0e8544a0e04b103d45615) (DefaultImporter) -> (artifact id: 'cb6b556fe595d8de1aabc4944bfc9cb0') in 0.0006038 seconds
Start importing Packages/com.unity.ai.navigation/EditorResources using Guid(bcb26a80e56f33046a81574f96664cfe) (DefaultImporter) -> (artifact id: '5a1cad08036fb88bee2b759db690ec3a') in 0.0005956 seconds
Start importing Packages/com.unity.render-pipelines.universal/ShaderLibrary using Guid(2de5b472450204ae2853db2cb6a2540a) (DefaultImporter) -> (artifact id: 'd34fd82b23d644112ff05e85decdabfe') in 0.0005972 seconds
Start importing Packages/com.unity.settings-manager/Content using Guid(3d9bd4cbe22e8472781b1cde707d154d) (DefaultImporter) -> (artifact id: '280279c468ce5708a1f0a9c31ce1f069') in 0.0005733 seconds
Start importing Packages/com.unity.rendering.light-transport/Runtime using Guid(9d005ee0c906d624e8dbc3baba73d1b6) (DefaultImporter) -> (artifact id: '1f61f8d89c911c3c247a2dd834f0f9cd') in 0.0008593 seconds
Start importing Packages/com.unity.collections/DocCodeSamples.Tests using Guid(ed2c1c145cb193d4d8987d3886bc12b4) (DefaultImporter) -> (artifact id: '26636d22e55ca5da8c3e23d89b25fa92') in 0.0008054 seconds
Start importing Packages/com.unity.mathematics/Unity.Mathematics.Editor using Guid(ed3cf288b647446a1a4040049eb363d7) (DefaultImporter) -> (artifact id: 'd3eca6a996482eb62a5232eb96f5fb32') in 0.0009077 seconds
Start importing Packages/com.unity.ugui/Package Resources using Guid(5ec95f4d5b2d1f14e9ff8682562553f9) (DefaultImporter) -> (artifact id: '20161e53e484de6465e75d382f9dbde6') in 0.0008499 seconds
Start importing Packages/com.unity.test-framework.performance/Runtime using Guid(6edbafb3b8c712640ae66bb69eabb0a8) (DefaultImporter) -> (artifact id: 'e87c74f33b2b99dd5ff05c90cdbea71a') in 0.0007286 seconds
Start importing Packages/com.unity.ugui/Editor using Guid(bee384ad5b4d1a843a018082e7db53cd) (DefaultImporter) -> (artifact id: 'cc2ff2381a5068f9e19e880ea4d9c9b1') in 0.0006907 seconds
Start importing Packages/com.unity.ai.navigation/Runtime using Guid(ce67aa87f613246dda63a54a59c6399e) (DefaultImporter) -> (artifact id: '9e38751fd2a295b42a1aa963f377ada5') in 0.0007113 seconds
Start importing Assets/Models/Weapons using Guid(ce2c30951d3e64c4686d8a33c9c065e7) (DefaultImporter) -> (artifact id: '6a1351c84ded44759d1aeee084767552') in 0.0006 seconds
Start importing Packages/com.unity.collections/Unity.Collections.PerformanceTests.Internal using Guid(ee3c6001d6f4bbf409631328fb4cd463) (DefaultImporter) -> (artifact id: 'c249378977d3bb66d7182029bc57efbf') in 0.000601 seconds
Start importing Packages/com.unity.settings-manager/Tests using Guid(8f491bec7bcc4db45ad9590a6158e0fd) (DefaultImporter) -> (artifact id: '1697fab1e104eb7ce6cc0c7cf5efe6c3') in 0.0005787 seconds
Start importing Packages/com.unity.shadergraph/Editor using Guid(af35822cb60c9a44cba3e3f0317ac0ac) (DefaultImporter) -> (artifact id: '7261d79a32e2d81e40b6ce40e175d685') in 0.0006323 seconds
Start importing Packages/com.unity.ext.nunit/net40 using Guid(af19581c6078849139e0671f575e4b7c) (DefaultImporter) -> (artifact id: '7cfa80f12945c74956f086b3610c7a51') in 0.0006217 seconds
Start importing Packages/com.unity.render-pipelines.core/Runtime/Settings using Guid(00a116691603d1943905c38f0640a134) (DefaultImporter) -> (artifact id: '71cdd0fd3619dac82c43ddf098391e87') in 0.0006845 seconds
Start importing Packages/com.unity.render-pipelines.universal/Editor/BuildProcessors using Guid(00b78da5a2abda548bce3022822ebb7f) (DefaultImporter) -> (artifact id: '17b04a667c6324d4842128cb417b9dc8') in 0.0006261 seconds
Start importing Packages/com.unity.ugui/Editor/TMP using Guid(10d1425d9e87841d9a9deafe9e93a6f2) (DefaultImporter) -> (artifact id: 'b78a297ad64c4d78728ae683af3e5658') in 0.0006285 seconds
Start importing Packages/com.unity.inputsystem/InputSystem/Actions using Guid(2069418e852748dbaa154cf71b8f033a) (DefaultImporter) -> (artifact id: '167be0b6519189d25732f15cdb3467aa') in 0.0006918 seconds
Start importing Packages/com.unity.test-framework.performance/Editor/TestReportGraph using Guid(30bb01dc09cb89b4faf344490fee76a7) (DefaultImporter) -> (artifact id: 'c056d2cc8d67d2551a8b28858fc6c1f5') in 0.0007561 seconds
Start importing Packages/com.unity.splines/Editor/Controls using Guid(6042ea3ccf1fb5c45b533a9d67e956b7) (DefaultImporter) -> (artifact id: '4c82c6b4734e8861a8710a7f8e8ed4b7') in 0.0008146 seconds
Start importing Packages/com.unity.render-pipelines.universal/Editor/AssetPostProcessors using Guid(80a17677e8c9b3040a01d400cf19819f) (DefaultImporter) -> (artifact id: '888f321c84e356bfb3319529276d7267') in 0.0006514 seconds
Start importing Packages/com.unity.render-pipelines.core/Editor/Properties using Guid(80eb240eb8f49794ea98245f43a29de6) (DefaultImporter) -> (artifact id: 'f1cbee2d0f1121fcbdeee7f1a0559a41') in 0.0006097 seconds
Start importing Packages/com.unity.cinemachine/Editor/Samples using Guid(90bdfb5611034e2492142cf83d02f12f) (DefaultImporter) -> (artifact id: '1b8d875bb3bf399184fd5ef9dc4bbd0d') in 0.0005892 seconds
Start importing Packages/com.unity.render-pipelines.core/Editor/UXML using Guid(a05d5395a414809438a369bcd59aa8d0) (DefaultImporter) -> (artifact id: 'dbd2f74a563c48e2929158308bbf1db2') in 0.0006743 seconds
Start importing Packages/com.unity.test-framework.performance/Runtime/Measurements using Guid(c0c170ab616b34944bcd5e75cfcb9d06) (DefaultImporter) -> (artifact id: '1d464c796009f8842937b83aa02f7d7a') in 0.0006517 seconds
Start importing Packages/com.unity.ext.nunit/net40/unity-custom using Guid(c0673f99c7a5d42e081a6f88c5a37862) (DefaultImporter) -> (artifact id: 'f4fcd55258eeff1a5f459a9ca176b6e0') in 0.0007518 seconds
Start importing Packages/com.unity.render-pipelines.core/Runtime/Debug using Guid(c09a0a5d80ce97c43b5ad0099fdc8bca) (DefaultImporter) -> (artifact id: '3e421762bdc735d372c0719bee1c0c46') in 0.0005435 seconds
Start importing Packages/com.unity.shadergraph/Editor/ShaderGUI using Guid(c03d0f7d344c4c0a877eea9f1a0168fd) (DefaultImporter) -> (artifact id: '5458946980227493f80136b1555a48e2') in 0.0005313 seconds
Start importing Packages/com.unity.cinemachine/Editor/Menus using Guid(d093acf2bada69e4bbbcf0a8b4534919) (DefaultImporter) -> (artifact id: '12c1e7a8aad4e4ab8f8560e848328135') in 0.0005267 seconds
Start importing Packages/com.unity.splines/Editor/GUI using Guid(f0575e8c5ac74a399a62fcb72fe081c4) (DefaultImporter) -> (artifact id: '379cf386a95968b178c67bb360bc4e78') in 0.0005329 seconds
Start importing Packages/com.unity.shadergraph/Editor/Utilities using Guid(f09c1bd643b38480bba505d3a9023457) (DefaultImporter) -> (artifact id: '36f24709c8aa53207503157df67777aa') in 0.0005556 seconds
Start importing Packages/com.unity.cinemachine/Editor/EditorResources using Guid(1112226500c624c40a5a3e75030be2f0) (DefaultImporter) -> (artifact id: 'b306133fc3cdc44d0d93e270bf7d7fa5') in 0.0005209 seconds
Start importing Packages/com.unity.render-pipelines.core/Runtime/Volume using Guid(1189cbf559a12c64e92584c52d17a4a0) (DefaultImporter) -> (artifact id: '53b6479165a7b813c8748aebd76c13be') in 0.0005276 seconds
Start importing Packages/com.unity.render-pipelines.universal/Runtime/Decal using Guid(219911eb3a3b7d54e8218af5aca772dd) (DefaultImporter) -> (artifact id: 'e740b194dad2c3486d8cb30954c27bed') in 0.0006092 seconds
Start importing Packages/com.unity.cinemachine/Editor/PropertyDrawers using Guid(31c3ab7d86d07034eb528155d40c016b) (DefaultImporter) -> (artifact id: 'd069b3ecdadca880bc640add27798e57') in 0.0005825 seconds
Start importing Packages/com.unity.rendering.light-transport/Runtime/UnifiedRayTracing using Guid(310f0971833fd8541ab0d52464fad0ac) (DefaultImporter) -> (artifact id: '213d65ef647b2b9aec369e6ec153df10') in 0.0005433 seconds
Start importing Packages/com.unity.splines/Editor/Core using Guid(411641953fc0a2148a0507f5ee6df182) (DefaultImporter) -> (artifact id: '86af1adbd9338ba8f0e25b84f9153e8c') in 0.0005644 seconds
Start importing Packages/com.unity.inputsystem/InputSystem/Utilities using Guid(51e828593aae48cdbee6e9ae0ec20e5d) (DefaultImporter) -> (artifact id: 'f31e1e53ce06547450c33c7f75b46ae8') in 0.0005685 seconds
Start importing Packages/com.unity.ugui/Runtime/TMP using Guid(619aadd8f276341ca84d7ad5a9c6db21) (DefaultImporter) -> (artifact id: '5308cedcd74d43682790fc7238a9d1e2') in 0.0005683 seconds
Start importing Packages/com.unity.render-pipelines.core/Editor/ShaderStripping using Guid(61ff35fb502752843acbefd0946f06f6) (DefaultImporter) -> (artifact id: '4750eb5caf7eb9c959580594c1bba763') in 0.0005268 seconds
Start importing Assets/Models/Weapons/Dagger using Guid(71af7192719622642bde3f1234a0c092) (DefaultImporter) -> (artifact id: 'b4f1216cb455e7ea63bfd84eac1b5c48') in 0.0005511 seconds
Start importing Packages/com.unity.render-pipelines.universal/Textures/SMAA using Guid(8175402ae6bf2a84f929602544c44007) (DefaultImporter) -> (artifact id: '6f93c121ce3744458896cfe94235a7d6') in 0.0008238 seconds
Start importing Packages/com.unity.mathematics/Unity.Mathematics/Geometry using Guid(8179f9b7bb3904f5ba86140bea0a128b) (DefaultImporter) -> (artifact id: 'c49907dbfdabccf49117d4ea50ab372d') in 0.000734 seconds
Start importing Packages/com.unity.render-pipelines.universal/Runtime/Debug using Guid(91be52194fd414eefb9f1bc39b89292e) (DefaultImporter) -> (artifact id: '22a7aa4a1783cebe5eed9b965704bcf3') in 0.0007001 seconds
Start importing Packages/com.unity.shadergraph/Editor/Importers using Guid(a1485bce8acd0428fae1525629b9ed8b) (DefaultImporter) -> (artifact id: 'ffbfeb695b117171855aba615cf49e01') in 0.0006361 seconds
Start importing Packages/com.unity.render-pipelines.core/Tests/Runtime using Guid(a189334a4e37b1247af4cfcedc20802c) (DefaultImporter) -> (artifact id: '5d0715f6352ce69bd8fb3242a68e058e') in 0.0006016 seconds
Start importing Assets/Models/Characters/Adventurer using Guid(c1b26f566886d624b8fd82e184c5c9ea) (DefaultImporter) -> (artifact id: 'c858f6905a9f09136e29e30f76c478e1') in 0.000587 seconds
Start importing Packages/com.unity.cinemachine/Editor/SaveDuringPlay using Guid(c1cb3553d4b18664bab73d84a88bdf2a) (DefaultImporter) -> (artifact id: '6b4458a9f6f4315f64e95810ea90940a') in 0.0005972 seconds
Start importing Packages/com.unity.render-pipelines.core/Editor/RenderGraph using Guid(e13f2d6c38d76c24fb156d9537c72359) (DefaultImporter) -> (artifact id: 'c3f2d2e665379b76ac58e092f6c2a4e0') in 0.0005471 seconds
Start importing Packages/com.unity.cinemachine/Runtime/Timeline using Guid(0282251d79d6e964089ace2dc6e6e496) (DefaultImporter) -> (artifact id: '6152d5284f4af82689bf72bdf8633158') in 0.0005353 seconds
Start importing Assets/Models/Environment/SwampIsland using Guid(12244bb076f91a84ba9de4815a4393e6) (DefaultImporter) -> (artifact id: '55e4eca8c7671b2018960fc62e8d8aa0') in 0.000559 seconds
Start importing Packages/com.unity.render-pipelines.universal/Textures/BlueNoise64 using Guid(2213abb41e048da4ca7f2acee56cf116) (DefaultImporter) -> (artifact id: '4c576888a046efa726e1f507707435f1') in 0.0005318 seconds
Start importing Packages/com.unity.render-pipelines.universal/Editor/SceneTemplates using Guid(32bf03fc07b2a4f00adb3eaf74edcdf3) (DefaultImporter) -> (artifact id: 'fd3d9e3bbca758bbe3cfbb679fc9a493') in 0.0005795 seconds
Start importing Packages/com.unity.shadergraph/Editor/Drawing using Guid(628a36608983fbe49bd5b01cc799f525) (DefaultImporter) -> (artifact id: '83c71d4c4fb5be23ca8e872ac75a2792') in 0.0005659 seconds
Start importing Packages/com.unity.cinemachine/Runtime/Helpers using Guid(924d241f19612fa45bd388dc28955fad) (DefaultImporter) -> (artifact id: '2e2176ab0b565b576eb5cf39cfbd3b76') in 0.0006074 seconds
Start importing Packages/com.unity.render-pipelines.core/Editor/Lighting using Guid(a20277bec4b2cc14dbfbc6e401f1f8f1) (DefaultImporter) -> (artifact id: 'b046047c1773b5cff587b8c266b0206a') in 0.0005636 seconds
Start importing Packages/com.unity.render-pipelines.core/Runtime/CommandBuffers using Guid(b28b41cdfaae53042830c0db923255d7) (DefaultImporter) -> (artifact id: '262fd67d935333fca60aa9b9fba7c22d') in 0.0005606 seconds
Start importing Packages/com.unity.render-pipelines.universal/Runtime/Passes using Guid(c2a16f045b3148e4f9d0d62614a81a61) (DefaultImporter) -> (artifact id: '2c33f2c7e98ebcfcb18a4f97958b2d5b') in 0.0005258 seconds
Start importing Packages/com.unity.render-pipelines.core/Editor/Icons using Guid(d282282bdd9a39349a3f4642751d8e2b) (DefaultImporter) -> (artifact id: '4b3dfa858da787b5b2b47c8e9a1f999e') in 0.0005373 seconds
Start importing Packages/com.unity.ai.navigation/Editor/ConversionSystem using Guid(d25d346918c1247368b4cb66a787b59e) (DefaultImporter) -> (artifact id: '8fe22541ee4ac1a9cb76ef1a05ebba54') in 0.0005171 seconds
Start importing Packages/com.unity.test-framework.performance/Runtime/Attributes using Guid(d2bd35c14da30b94c81ec15c7db30136) (DefaultImporter) -> (artifact id: '2686fafd4fe31f00916d69115d66d98c') in 0.0005231 seconds
Start importing Packages/com.unity.cinemachine/Runtime/Impulse using Guid(e2408873163918f4da4afc37c51b1586) (DefaultImporter) -> (artifact id: '97eb09ccb51ca9774d633ce50b19a380') in 0.0005649 seconds
Start importing Packages/com.unity.render-pipelines.universal/Editor/ShaderGUI using Guid(e2eccaf646dce46a69c0224eb55c61a2) (DefaultImporter) -> (artifact id: '59405a9be535d2e9720149365de02558') in 0.0005615 seconds
Start importing Packages/com.unity.render-pipelines.core/Runtime/ShaderLibrary using Guid(f259e8e6a245f82429441223b86481b7) (DefaultImporter) -> (artifact id: '94068eed1fa26ea6fca6ca33a0f922af') in 0.0005703 seconds
Start importing Packages/com.unity.test-framework.performance/Runtime/Data using Guid(0369bc643b4a11246a869e582c0f275a) (DefaultImporter) -> (artifact id: '92fd8c6c39ee2a0b810ba93c1dbcf93d') in 0.0005376 seconds
Start importing Packages/com.unity.render-pipelines.core/Editor/Settings using Guid(130ba52451e62e4419a846fc6cd89ab3) (DefaultImporter) -> (artifact id: '5cc4ab05d97f7eac50924879580caad4') in 0.0005182 seconds
Start importing Packages/com.unity.render-pipelines.core/Editor/Volume using Guid(138c0b127ef07fd428612196694d782f) (DefaultImporter) -> (artifact id: 'b94fd6be057f8848d5e9d4fedbbb5380') in 0.0005145 seconds
Start importing Packages/com.unity.render-pipelines.core/Editor/Camera using Guid(234fa6c8645c73d4e8857414e1823942) (DefaultImporter) -> (artifact id: '44ae56467bd0e900a5d45659904b071a') in 0.0005307 seconds
Start importing Packages/com.unity.collections/Unity.Collections.PerformanceTests/Unity.PerformanceTesting.Benchmark using Guid(336c58ff186c3f245a1e3353bd539093) (DefaultImporter) -> (artifact id: '568ca3ef0c7f2999c4ad967636184c1d') in 0.0005293 seconds
Start importing Packages/com.unity.render-pipelines.core/Runtime/RenderGraph using Guid(43d913b927fc7e84db1f869b3aa27324) (DefaultImporter) -> (artifact id: '78abf442aa70eb28da92b53d5582ea3a') in 0.000533 seconds
Start importing Packages/com.unity.cinemachine/Runtime/PostProcessing using Guid(73dae0f38fe36064e80bee257b7da7b9) (DefaultImporter) -> (artifact id: '6241457534748e4b6ae923b862629af9') in 0.0005367 seconds
Start importing Packages/com.unity.render-pipelines.universal/Shaders/Debug using Guid(83e12e3399064822abd3e69798ce3053) (DefaultImporter) -> (artifact id: '7fc5ebf51e3fce3c7894b877f2d19f5a') in 0.0005356 seconds
Start importing Packages/com.unity.ugui/Tests/Editor using Guid(936bea4b2545c4a4fad2e623b0f6371f) (DefaultImporter) -> (artifact id: '75f26d3f4c8aedba3eb80398ab395bd8') in 0.0006115 seconds
Start importing Packages/com.unity.test-framework/UnityEditor.TestRunner/UnityTestProtocol using Guid(936c6340f3468444ebb1785b4c311126) (DefaultImporter) -> (artifact id: '483d26fa6f42e15acd6790bf9c72ba8c') in 0.0005557 seconds
Start importing Packages/com.unity.render-pipelines.universal/Editor/2D using Guid(b3fb8b56aca55544ca9b8d53bc19e031) (DefaultImporter) -> (artifact id: 'f13e7f5b099b5adb2088dc40a1b3bd14') in 0.0005286 seconds
Start importing Packages/com.unity.mathematics/Unity.Mathematics/Properties using Guid(d3e017d9ad3f00a4c9e234b0236911b7) (DefaultImporter) -> (artifact id: 'b01fd5d2b1f671ec0cf32c26fb4e248e') in 0.0005304 seconds
Start importing Packages/com.unity.render-pipelines.universal-config/Tests/Editor using Guid(e3c6a2f8ffe72de4bb4f45bbe266aff8) (DefaultImporter) -> (artifact id: 'eab632cf043eb9ea3084bc94d8596616') in 0.0005672 seconds
Start importing Packages/com.unity.inputsystem/Tests/TestFixture using Guid(e349610bc4b1546dd94c6dab37414d2b) (DefaultImporter) -> (artifact id: 'a460582bae2687b0603f24734715cfc5') in 0.0005282 seconds
Start importing Packages/com.unity.render-pipelines.universal/Shaders/XR using Guid(e3ddeb98d5e10214c9be71d26faa6a3d) (DefaultImporter) -> (artifact id: '51fe14c1f4edc68fbb1b3c9b8e1a0045') in 0.0005238 seconds
Start importing Packages/com.unity.render-pipelines.core/Runtime/RenderPipelineResources using Guid(04761276653403a4eabf75af352fea54) (DefaultImporter) -> (artifact id: '13e22077a3c65e9b1f212a9bbb19acc9') in 0.0005914 seconds
Start importing Packages/com.unity.render-pipelines.core/ShaderLibrary/Sampling using Guid(14115a7568c4882499f59039a0585e3b) (DefaultImporter) -> (artifact id: '929c43f7605fef7204381429549df66c') in 0.0005344 seconds
Start importing Packages/com.unity.render-pipelines.core/Runtime/Utilities using Guid(143a724c7d97a19439bac5e37bfbba35) (DefaultImporter) -> (artifact id: 'c3d0357b8d8d45185084b70af49151d2') in 0.0016823 seconds
Start importing Packages/com.unity.render-pipelines.universal/Tests/Runtime using Guid(144dd1c434d67bc40adbcae6c42e6e6c) (DefaultImporter) -> (artifact id: '6b5a726ae312f096b20c5f066d4f7ee8') in 0.0005495 seconds
Start importing Packages/com.unity.cinemachine/Runtime/Input using Guid(2409454fa7d96184c8d17b932bcdc5d5) (DefaultImporter) -> (artifact id: 'b13e2c702720850ce61612d1f4781a77') in 0.0005241 seconds
Start importing Packages/com.unity.searcher/Tests/Editor using Guid(34555e4b3f5c96648900053f19531c68) (DefaultImporter) -> (artifact id: '8b036b715cecc5dcafae477fc66b9e4c') in 0.0005166 seconds
Start importing Packages/com.unity.render-pipelines.universal/Editor/VFXGraph using Guid(44a46d70e436db941b2b861eaebed089) (DefaultImporter) -> (artifact id: '92dfaa43f5042775707ca3ad657d7ca2') in 0.0006948 seconds
Start importing Packages/com.unity.shadergraph/Editor/Resources using Guid(64c9c5df0004c44f0896e816c69c7aa1) (DefaultImporter) -> (artifact id: 'e8af06982c7c66e9403baf3ad48e9d19') in 0.00062 seconds
Start importing Packages/com.unity.render-pipelines.core/Editor/STP using Guid(645a313df7299734ea75e87c37e6addb) (DefaultImporter) -> (artifact id: 'b40905f63465408f48e481c384cc2daa') in 0.0007218 seconds
Start importing Packages/com.unity.render-pipelines.universal/Tests/Editor using Guid(64cd425d88561ea488dfaf36cceaac01) (DefaultImporter) -> (artifact id: 'bf7614af4279cbf808c4213ea914b9cd') in 0.000805 seconds
Start importing Packages/com.unity.mathematics/Tests/Properties using Guid(749a3b666b115be46b00490e7232fb1b) (DefaultImporter) -> (artifact id: '09da078a34e113d21562f7936e5f2473') in 0.0008552 seconds
Start importing Packages/com.unity.shadergraph/Tests/Editor using Guid(8453a00e344fd7e408223e92fc924cc2) (DefaultImporter) -> (artifact id: '052966781480ac10fb68eaad3af58ef1') in 0.0007716 seconds
Start importing Packages/com.unity.test-framework/UnityEditor.TestRunner/CommandLineTest using Guid(b477d1f29b65a674e9d5cdab4eb72b01) (DefaultImporter) -> (artifact id: 'd7abe359a1b05afd93dcd5b5d76cf33e') in 0.000939 seconds
Start importing Packages/com.unity.cinemachine/Runtime/ThirdParty using Guid(b438b521cf750477d9ad76cbbffe9be3) (DefaultImporter) -> (artifact id: '8ad4f6b877d0860c382e54b0765e977c') in 0.0007088 seconds
Start importing Packages/com.unity.burst/Runtime/Editor using Guid(c433e85ffb033bc99961d95aba84d010) (DefaultImporter) -> (artifact id: '5eb0c2ed7bac43c0b79310451cd8e81e') in 0.000601 seconds
Start importing Packages/com.unity.shadergraph/Editor/Serialization using Guid(c495761f69a84f0fba9c9bd2b9cbdf86) (DefaultImporter) -> (artifact id: '9526714e877b7551b243bb717b662a34') in 0.0006889 seconds
Start importing Packages/com.unity.shadergraph/Editor/Util using Guid(e45006b8ac3b76f4aa0df05ea8514cbe) (DefaultImporter) -> (artifact id: 'cbd62b08dd41dc0e33b4c10d1c54abbc') in 0.0005673 seconds
Start importing Packages/com.unity.render-pipelines.universal/Runtime/XR using Guid(0550ca8fecc5a38488e598126238413d) (DefaultImporter) -> (artifact id: '0929fa18d1855143a9ff6aa9455507ae') in 0.0005321 seconds
Start importing Packages/com.unity.collections/Unity.Collections.Tests/Jobs using Guid(15816ede41b819e439cb53115efc62b0) (DefaultImporter) -> (artifact id: '1a08485c28cefb119264fdd980af9c78') in 0.0005346 seconds
Start importing Packages/com.unity.render-pipelines.universal/Textures/FilmGrain using Guid(35e7db2dee6acee439714675bb2193f9) (DefaultImporter) -> (artifact id: '3f88fa4c5b15bdff5975704c71b5d152') in 0.0005478 seconds
Start importing Packages/com.unity.render-pipelines.core/Runtime/ShaderGenerator using Guid(4545c8d908390cb4da76ded2ad888b12) (DefaultImporter) -> (artifact id: '6246639d9b65e4bc309465d9ed472b08') in 0.000543 seconds
Start importing Packages/com.unity.nuget.mono-cecil/Tests/Editor using Guid(45ad7246e4741472187b3dbd3cfff518) (DefaultImporter) -> (artifact id: '801dfbd8c224532ed73112e7c1e41051') in 0.0005177 seconds
Start importing Packages/com.unity.inputsystem/Tests/IntegrationTests using Guid(857f018a2ed885449804cf82b4fec116) (DefaultImporter) -> (artifact id: '487a34d5fd52cd00f4c4f82fbed92400') in 0.0005267 seconds
Start importing Packages/com.unity.settings-manager/Tests/Editor using Guid(9563dd1f3643cc54ba60086d957fcd78) (DefaultImporter) -> (artifact id: '2b395e07203b6a78e8deb38f5b478000') in 0.0006247 seconds
Start importing Packages/com.unity.test-framework/UnityEditor.TestRunner/TestSettings using Guid(95b719082a664ea45bb56759eed1f271) (DefaultImporter) -> (artifact id: '4d0b04fada6b6a6a34a84bcd27e10c97') in 0.0005222 seconds
Start importing Packages/com.unity.ugui/Tests/Runtime using Guid(c545241cf2e56ec4997d7677f01ef43d) (DefaultImporter) -> (artifact id: '88e2b3e1f7bbb56cb1f91f83f053765b') in 0.0005196 seconds
Start importing Packages/com.unity.render-pipelines.core/Runtime/GPUDriven using Guid(c54d18b06b9c0f64db431a9751e89877) (DefaultImporter) -> (artifact id: 'a1f5951fcafc929eebff96d43263e772') in 0.0005219 seconds
Start importing Packages/com.unity.burst/Runtime/CompilerServices using Guid(d549366794d73f618193482d7f40ae75) (DefaultImporter) -> (artifact id: '464ae15b57cadd431d480396f133d94a') in 0.0006983 seconds
Start importing Packages/com.unity.render-pipelines.core/ShaderLibrary/Shadow using Guid(d52d6e1ad3dca474ebd73d054d17fb2e) (DefaultImporter) -> (artifact id: '3acced90f34cc2dc6004f5ab63ea103b') in 0.0007108 seconds
Start importing Packages/com.unity.render-pipelines.core/Editor/Analytics using Guid(d51fac0e1a1a7074ab4397427e551ea5) (DefaultImporter) -> (artifact id: '94895059012818e74f236ed5a5869bc8') in 0.0006775 seconds
Start importing Packages/com.unity.render-pipelines.universal/Runtime/Data using Guid(d59f1663563e245fabce035da7cecd75) (DefaultImporter) -> (artifact id: '3ec27e02d64b7de4e93a6ca1fc5f258f') in 0.0005597 seconds
Start importing Packages/com.unity.shadergraph/Editor/Generation using Guid(e51156e26e632ae4faebae701a3bff82) (DefaultImporter) -> (artifact id: '34bdca27e9d0d24b89427f99e2300b13') in 0.0006255 seconds
Start importing Packages/com.unity.render-pipelines.core/Editor/Resources using Guid(e528aa751bf6fe44398a1f70eaac287c) (DefaultImporter) -> (artifact id: '73b67bafb434752125980f8cb7ea3a61') in 0.0005369 seconds
Start importing Packages/com.unity.render-pipelines.core/Runtime/Common using Guid(e58bd4f13d26cde488393d3a2e9bf9cd) (DefaultImporter) -> (artifact id: '906e170ac82ef94cd5d669f66cbfd953') in 0.0005813 seconds
Start importing Packages/com.unity.render-pipelines.core/Editor/CustomRenderTexture using Guid(f5415ef8821c020469ee7e810da8b3ff) (DefaultImporter) -> (artifact id: '87e31899cf21e0df324967007ab7dfec') in 0.0006451 seconds
Start importing Packages/com.unity.render-pipelines.universal/Editor/Gizmos using Guid(f5e37a0064cfb07429ae6ca5b82debc2) (DefaultImporter) -> (artifact id: '94ba2c3f1a879dd5c35d5e9a9d88879f') in 0.0005219 seconds
Start importing Packages/com.unity.shadergraph/Editor/Data using Guid(f56929b05da66c942ad2e3fe376346fa) (DefaultImporter) -> (artifact id: '2734f35c57be9c456f4e50c2c2902fbb') in 0.0005306 seconds
Start importing Packages/com.unity.shadergraph/Editor/Extensions using Guid(f57abe45f65794ead8ea70a427e17eb7) (DefaultImporter) -> (artifact id: 'e8093d8c33a7f145411a30993d8fa7e4') in 0.0005272 seconds
Start importing Packages/com.unity.render-pipelines.universal/Editor/DefaultScene using Guid(0660d0bf211d87048b02c8eca725dee2) (DefaultImporter) -> (artifact id: '42474b480308485b24a60a64c652077f') in 0.0005363 seconds
Start importing Packages/com.unity.test-framework/UnityEditor.TestRunner/CommandLineParser using Guid(7602252bdb82b8d45ae3483c3a00d3e1) (DefaultImporter) -> (artifact id: '7f4042be8b266d41f83337d8fd3e2897') in 0.0005535 seconds
Start importing Packages/com.unity.render-pipelines.universal/Editor/Decal using Guid(9637be18b7c929f40911e6e4371a8218) (DefaultImporter) -> (artifact id: '899266810718809210502d121968c7d9') in 0.0005322 seconds
Start importing Packages/com.unity.inputsystem/InputSystem/State using Guid(a6724a4cbf5d47a2b01ca5fe41036ddd) (DefaultImporter) -> (artifact id: '44364b26e405538b32f96652578d241d') in 0.0005462 seconds
Start importing Packages/com.unity.render-pipelines.universal/ShaderLibrary/LightCookie using Guid(a648b46fb6b4749f589f22d9ef6e441a) (DefaultImporter) -> (artifact id: '3f8a7d4751f33d64db7c69b5854ce206') in 0.0005252 seconds
Start importing Packages/com.unity.test-framework.performance/Editor/UIElements using Guid(b6a3ada20a8c4030907eb96c0cb331bc) (DefaultImporter) -> (artifact id: 'c46ea75de8e5e013900ef621f2aac268') in 0.0005294 seconds
Start importing Packages/com.unity.test-framework/UnityEditor.TestRunner/TestLaunchers using Guid(d64d92e4f04a13e4b99ea8d48e9e8ae9) (DefaultImporter) -> (artifact id: '3292843884b5f7b4874453a902cfa1e0') in 0.0005314 seconds
Start importing Packages/com.unity.render-pipelines.universal/Shaders/2D using Guid(e674d0c2643d94245b5da6cc11dfe0ec) (DefaultImporter) -> (artifact id: 'e2a3c458848601ac6d02b2d5975b7d6f') in 0.0005106 seconds
Start importing Packages/com.unity.render-pipelines.universal/Editor/Converter using Guid(e61c6cfe2da40854885b4e4d96829a88) (DefaultImporter) -> (artifact id: 'a099443ba6ad04ff08885f9ced396c00') in 0.0005271 seconds
Start importing Packages/com.unity.ai.navigation/Tests/Runtime using Guid(077676819252b4349a7677a483a0a8f4) (DefaultImporter) -> (artifact id: 'e8bad06de5cde9ef5960cb41e6af6758') in 0.0005206 seconds
Start importing Packages/com.unity.ai.navigation/Tests/Editor using Guid(276ab4071255d9f49931e6a8373248e1) (DefaultImporter) -> (artifact id: 'a23c4fe80deba16c509d4e02beb183e0') in 0.0005069 seconds
Start importing Packages/com.unity.render-pipelines.core/Tests/Editor using Guid(278a7d565ddb1e840ac57ad1bb121e56) (DefaultImporter) -> (artifact id: '63cb56d0490d0b0be5b19753a6993a23') in 0.0005216 seconds
Start importing Packages/com.unity.ugui/Editor/UGUI using Guid(278b6073a5bdd4362acd72ca43ff9e0d) (DefaultImporter) -> (artifact id: 'abf9fbf9f7c10d2af702b2e8085d3ed6') in 0.0005156 seconds
Start importing Packages/com.unity.cinemachine/Editor/Upgrader using Guid(67c7396a4e6a403e8628a7c83ffd74dd) (DefaultImporter) -> (artifact id: '2ee399e5e1974e89134b6d19dfeea50c') in 0.0006639 seconds
Start importing Packages/com.unity.test-framework/UnityEditor.TestRunner/TestRun using Guid(8721cb2237d4a564a94a51f56243bdac) (DefaultImporter) -> (artifact id: '878b6064979e1990108a77cb392d64d1') in 0.0005446 seconds
Start importing Packages/com.unity.render-pipelines.universal/Shaders/PostProcessing using Guid(a7a16c0caf8b8a84592e5c6591db2513) (DefaultImporter) -> (artifact id: '42125684f84245f885c0e84a3f6e0756') in 0.0005357 seconds
Start importing Packages/com.unity.render-pipelines.core/Editor/ShaderGenerator using Guid(a7ecca2f74946b44494f07937e31b793) (DefaultImporter) -> (artifact id: '05395b83c27884a1d28bd45f0c431a89') in 0.0005211 seconds
Start importing Packages/com.unity.collections/Unity.Collections/Jobs using Guid(f778b3b3948af5542847d94f90157bd6) (DefaultImporter) -> (artifact id: '1e680dfe29ba0556259bdc36ca1fb87d') in 0.0005251 seconds
Start importing Packages/com.unity.shadergraph/Editor/Interface using Guid(f7cd1e478bcba4d0f9570597921367a0) (DefaultImporter) -> (artifact id: '15a417b5ad1117392ec083fa0debf3ad') in 0.000512 seconds
Start importing Packages/com.unity.test-framework.performance/Runtime/Statistics using Guid(18966f2a7fc5d4073a425a1a3d564494) (DefaultImporter) -> (artifact id: '27acf056631915be7ed5699c314826ed') in 0.0005337 seconds
Start importing Packages/com.unity.ugui/Runtime/UGUI using Guid(1817d28a5343b4ec19b4ec7903730e2c) (DefaultImporter) -> (artifact id: 'd27c003f26a5bcc4ae0be188e216ff3a') in 0.0005232 seconds
Start importing Packages/com.unity.render-pipelines.core/Runtime/RenderPipeline using Guid(18ccf971905222545a09cfda33385c7c) (DefaultImporter) -> (artifact id: '2e3657b1339ea0913357ddceff965c1c') in 0.0005248 seconds
Start importing Packages/com.unity.ai.navigation/Tests/VerifyEditorInPlaymode using Guid(48fe869bd7a418849ba6d20ca02072c7) (DefaultImporter) -> (artifact id: 'bcdc3d69dd8e912b25535d039f4cdfef') in 0.0005298 seconds
Start importing Packages/com.unity.cinemachine/Editor/SceneView using Guid(486f5db2ff271d04185607a7d9a7a64c) (DefaultImporter) -> (artifact id: '93e9bf4e98f88f50fc13ed30b2393f3d') in 0.0005198 seconds
Start importing Packages/com.unity.render-pipelines.core/Runtime/Debugging using Guid(58a02e8711d94134393b2a8ac22b96ca) (DefaultImporter) -> (artifact id: '29d3e4bab3e49d7d8be4ad30a3e222f8') in 0.0005184 seconds
Start importing Packages/com.unity.render-pipelines.universal/Editor/Settings using Guid(88ecf69fcba30494db90ac4b8ef6bdcd) (DefaultImporter) -> (artifact id: 'aebb20d30736a7499be6dc03186e61bb') in 0.0005696 seconds
Start importing Packages/com.unity.render-pipelines.universal/Editor/Volume using Guid(a8fcc623db3029743a32fbab14c8dcbf) (DefaultImporter) -> (artifact id: '219c452a30f229e4b2dcc730c5d09ef6') in 0.000523 seconds
Start importing Packages/com.unity.render-pipelines.core/Runtime/Lighting using Guid(c804d8f2c0c70d7409c1167fa78284f3) (DefaultImporter) -> (artifact id: 'f03b473f0cdaad644e519a6a71a3869e') in 0.0005257 seconds
Start importing Packages/com.unity.render-pipelines.core/Editor/BuildProcessors using Guid(d846ae44708583940a0e44aa66cff1c9) (DefaultImporter) -> (artifact id: '572b9e88d7d002e50ed03ee8ccda0da4') in 0.0005226 seconds
Start importing Packages/com.unity.render-pipelines.universal/Runtime/RenderPipelineResources using Guid(d86f66a14510ebf4f84c0ffa4837791d) (DefaultImporter) -> (artifact id: 'c57cd0b0084168f3e6f2c8fe0c221b40') in 0.000523 seconds
Start importing Packages/com.unity.splines/Editor/Components using Guid(e88477d7eedfb4ca8b5d8912575efa76) (DefaultImporter) -> (artifact id: '34f3d832c384404f486aa92f3f310cf4') in 0.0005222 seconds
Start importing Packages/com.unity.ugui/Editor Resources/Textures using Guid(f8e6a2d47aba4c6c9b3c5a72d9f48da5) (DefaultImporter) -> (artifact id: '41714146c3f223570fca541b52f7c091') in 0.0005305 seconds
Start importing Packages/com.unity.ai.navigation/Tests/PrebuiltAssets using Guid(09d22d38f275d7b48bc6a8082c1e4457) (DefaultImporter) -> (artifact id: '012968ab391b981ef7cb7e95c964214f') in 0.0005163 seconds
Start importing Packages/com.unity.test-framework/UnityEngine.TestRunner/UnityTestProtocol using Guid(19e1940646874613a076c6b01d1f3404) (DefaultImporter) -> (artifact id: 'e62a4d5776733de3dd284c7bda3e08bd') in 0.0005281 seconds
Start importing Packages/com.unity.cinemachine/Editor/Utility using Guid(29d58ccb958d24942bf23fafcec87c0b) (DefaultImporter) -> (artifact id: '44cf4ddbfcc5c5884dc5044edac82cf4') in 0.0005197 seconds
Start importing Packages/com.unity.test-framework.performance/Runtime/Meters using Guid(29eafdd9eaae4d7995048ee61cd0b7d2) (DefaultImporter) -> (artifact id: '2f89c701976b193e80308ee4400360c3') in 0.0005233 seconds
Start importing Packages/com.unity.render-pipelines.universal/Runtime/Tiling using Guid(3965194a1cbe24ce9847254cc9fd0c26) (DefaultImporter) -> (artifact id: '09509915c3d8d60253202dcb404f86bc') in 0.0005241 seconds
Start importing Packages/com.unity.test-framework/UnityEditor.TestRunner/TestRunner using Guid(49d4c2ab7ff0f4442af256bad7c9d57c) (DefaultImporter) -> (artifact id: '2c2a8c762103d2c2092be30ecefdc9a7') in 0.0012663 seconds
Start importing Packages/com.unity.render-pipelines.universal/Runtime/RendererFeatures using Guid(59f4a1dd196fd452b987160cea576038) (DefaultImporter) -> (artifact id: 'fee4354e7f4962a4cdc9d8082496f0d2') in 0.0008141 seconds
Start importing Packages/com.unity.render-pipelines.universal/Shaders/Utils using Guid(593842fd4bfffcc41877fd07df639f3c) (DefaultImporter) -> (artifact id: '9956d0bce239ff6e7b4a6bab527183ce') in 0.000867 seconds
Start importing Packages/com.unity.cinemachine/Editor/Timeline using Guid(59bf6f737ca29494a8a074e4e7151fc3) (DefaultImporter) -> (artifact id: 'be97ca0219d9cb11fdeadfbfaece5b30') in 0.0006863 seconds
Start importing Packages/com.unity.render-pipelines.universal/Editor/UniversalRenderPipelineAsset using Guid(69998121730154f4d925490a4548e342) (DefaultImporter) -> (artifact id: 'b541ee4cbe04beafd8a68e756cdd70a6') in 0.0006269 seconds
Start importing Packages/com.unity.render-pipelines.core/Runtime/Textures using Guid(89be4d313c8b0fa4c8d2449dbbbf13f0) (DefaultImporter) -> (artifact id: 'e6202a649ac22bf85ccdeb7315e0c241') in 0.0006424 seconds
Start importing Packages/com.unity.cinemachine/Editor/Obsolete using Guid(9960e786bad1b67458b4f313c4de75d7) (DefaultImporter) -> (artifact id: '4c03b5509e3b189f8e40b4f621e2cffe') in 0.0006917 seconds
Start importing Packages/com.unity.render-pipelines.universal/Editor/RendererFeatures using Guid(99a2417e5e722410f9df44751ab0de8a) (DefaultImporter) -> (artifact id: 'd39bca604158330b99c98a93fcdec984') in 0.0006894 seconds
Start importing Packages/com.unity.inputsystem/InputSystem/Events using Guid(99f4ddb4a8fa4fcfa25917e64bcc6e8c) (DefaultImporter) -> (artifact id: '410c21660553cd05c76de82894883e1d') in 0.0006687 seconds
Start importing Packages/com.unity.splines/Editor/Tools using Guid(a9664a4a45abdb3488bb9916e15748a0) (DefaultImporter) -> (artifact id: '481ebf2f73caf92859329797eb562b0c') in 0.0006917 seconds
Start importing Packages/com.unity.splines/Editor/Editor Resources using Guid(d96dfe6cb862ab34894ef767abef2e84) (DefaultImporter) -> (artifact id: '9ef8971787e0c01750a7fb8f61a16300') in 0.0007049 seconds
Start importing Packages/com.unity.render-pipelines.core/Runtime/Camera using Guid(e99921594db38ce4cbb616f0ca87148d) (DefaultImporter) -> (artifact id: 'e6f8ae9e8cff7a49de2a6c610b35f1bb') in 0.0006919 seconds
Start importing Packages/com.unity.ugui/Editor Resources/Gizmos using Guid(e93ec7eb6de342aabd156833e253f838) (DefaultImporter) -> (artifact id: 'e3065312f331f86c187a2c34400b2ab5') in 0.0007095 seconds
Start importing Packages/com.unity.render-pipelines.universal/Runtime/RenderGraph using Guid(1af1ea941365745b49edfb5efd32cf05) (DefaultImporter) -> (artifact id: 'ed83564b77b05c2da81f124b20ca74c1') in 0.0006869 seconds
Start importing Packages/com.unity.test-framework/UnityEngine.TestRunner/Assertions using Guid(1ad55f5ad04d1d045a1f287409c650dd) (DefaultImporter) -> (artifact id: '6bdaa59d84691a380c3ba7c1d8bfa849') in 0.0006915 seconds
Start importing Packages/com.unity.render-pipelines.universal/Textures/2D using Guid(2ae61866cb0cccf4f820e4c006da6c91) (DefaultImporter) -> (artifact id: '4cb87a55242c0f6810fbf3f1e1dadb75') in 0.0006902 seconds
Start importing Assets/Models/Weapons/Pistol using Guid(6a552c1dd43430c428f6ab8dfca2f577) (DefaultImporter) -> (artifact id: '178753b4f435e3c7b606aa1110f9cc16') in 0.0006656 seconds
Start importing Packages/com.unity.render-pipelines.universal/Shaders/Particles using Guid(7aa17bb9699a0ee4282141a28d9fb8ea) (DefaultImporter) -> (artifact id: 'fab76e225adb639a99c9591a03329285') in 0.0007382 seconds
Start importing Packages/com.unity.render-pipelines.core/Runtime/Lights using Guid(7a8d83d0230a4974a88b7be5ab87c6c3) (DefaultImporter) -> (artifact id: '7f7f67e825649277d30a7a43911e3849') in 0.0008291 seconds
Start importing Packages/com.unity.rendering.light-transport/Tests/Editor using Guid(9a9a53ad2b22a174bb21a92d57bffd9d) (DefaultImporter) -> (artifact id: '9c5ff367ad62116e294250fcfbcab57f') in 0.0006908 seconds
Start importing Packages/com.unity.ai.navigation/EditorResources/Overlay using Guid(aa309129cb54440488d6edd8358f5aec) (DefaultImporter) -> (artifact id: 'dc14845f51ac4d427dfe8b6b64d71932') in 0.0006617 seconds
Start importing Packages/com.unity.ai.navigation/Editor/Updater using Guid(aaa4efef82a9346dba667d74ff3d5075) (DefaultImporter) -> (artifact id: '9a5110d6f215686fe9665b970337c6d7') in 0.0006542 seconds
Start importing Packages/com.unity.inputsystem/InputSystem/Controls using Guid(aa1e768bf3ad4ae8898571a206251472) (DefaultImporter) -> (artifact id: '0f53e935ed35eb7651871b046d255875') in 0.0006872 seconds
Start importing Packages/com.unity.test-framework/Tests/TestNewCustomAssembly using Guid(ca0e5e7973267894ca8e1dceb2210ee5) (DefaultImporter) -> (artifact id: 'ec9729808b7dd6604b68694c1a94e68b') in 0.0006 seconds
Start importing Packages/com.unity.test-framework/UnityEditor.TestRunner/Api using Guid(fa423365b1ce06a4dbdc6fb4a8597bfa) (DefaultImporter) -> (artifact id: '4f9583793d5edc94661340236f21f4e3') in 0.0005404 seconds
Start importing Packages/com.unity.render-pipelines.core/Runtime/LookDev using Guid(fa0af16f5dba2d8439e1211f262257a8) (DefaultImporter) -> (artifact id: '07e1cbe4c3a6a4fccc3a2e3b9d9b5c25') in 0.0005267 seconds
Start importing Packages/com.unity.searcher/Editor/Searcher using Guid(4b1180a47f4e54c43af13ef6a4a06621) (DefaultImporter) -> (artifact id: 'fe685cb44f7ffc7727ab0862bfe24e2c') in 0.0005285 seconds
Start importing Packages/com.unity.cinemachine/Editor/Editors using Guid(6b46e8ffe448f084ab12938cb774d063) (DefaultImporter) -> (artifact id: 'a947718ebedb360e4e1f23b56e89a242') in 0.0005212 seconds
Start importing Packages/com.unity.render-pipelines.core/Editor/SampleDependencyImportSystem using Guid(6bdd8b5283cb4f24fbd34738bc35e74c) (DefaultImporter) -> (artifact id: '32c7d9965db4a3eae3dc1543ce086cae') in 0.0005298 seconds
Start importing Assets/Models/Weapons/Axe using Guid(9bd79cced189f36488db555c5c1f343c) (DefaultImporter) -> (artifact id: '0d1c78444b14b9fe137a09ab9bb4c8fd') in 0.0005124 seconds
Start importing Packages/com.unity.render-pipelines.core/Runtime/Inputs using Guid(ab163df5559af4efdb19baea5917049c) (DefaultImporter) -> (artifact id: 'b95f962eb4763e9556726fb3a6ee3fef') in 0.0005293 seconds
Start importing Packages/com.unity.mathematics/Unity.Mathematics/Noise using Guid(abc6c021d7cd541b3956a3969c8c3ccb) (DefaultImporter) -> (artifact id: '003a8a6c85eb7df80ed47a48cbdb725f') in 0.0005278 seconds
Start importing Packages/com.unity.inputsystem/InputSystem/Devices using Guid(abbbcd5cf6184b818eaa56c5778a4110) (DefaultImporter) -> (artifact id: '63f82fea0cb527f2577a6f71f9bd3600') in 0.000531 seconds
Start importing Packages/com.unity.splines/Editor/Utilities using Guid(abbc996d115c3b245a98dfe941766de7) (DefaultImporter) -> (artifact id: '84b427013244f5ed82e4e2448e8d74be') in 0.0005272 seconds
Start importing Packages/com.unity.test-framework/UnityEngine.TestRunner/Utils using Guid(bb32bccaf32a6db448d1c0cc99c78688) (DefaultImporter) -> (artifact id: 'b9ac2eaa7c139997734a4cfd1edbf73e') in 0.0005376 seconds
Start importing Packages/com.unity.render-pipelines.universal/Textures/BlueNoise16 using Guid(bbde6b5e0eaaff14c98c49626833992e) (DefaultImporter) -> (artifact id: 'fb7ad4257c7e133e1a18eb24c4185783') in 0.0005189 seconds
Start importing Packages/com.unity.render-pipelines.universal/Runtime/Memory using Guid(db16a3790436426e8ea186e7918ea4cc) (DefaultImporter) -> (artifact id: 'f72630475be8d2cd3c36a741dc1bd399') in 0.0005323 seconds
Start importing Packages/com.unity.render-pipelines.core/Editor/Material using Guid(eb290baa39b761244b157cbd10673e0c) (DefaultImporter) -> (artifact id: 'f652417ca71921ad1316874d21cdeb4e') in 0.0005239 seconds
Start importing Packages/com.unity.rendering.light-transport/Runtime/Sampling using Guid(eb3e9bc25e6bb0b4e9a52eba5158e661) (DefaultImporter) -> (artifact id: '3cb1d1d5716ba011913e173fcded62b7') in 0.000508 seconds
Start importing Packages/com.unity.shadergraph/ShaderGraphLibrary/Nature using Guid(4cc7da0ede79c9248a9e2e96a546813d) (DefaultImporter) -> (artifact id: '2f4bfb4d2b150f22df2807ad380ea85a') in 0.0005693 seconds
Start importing Packages/com.unity.render-pipelines.universal/Shaders/Nature using Guid(4cbffddcbed277c40a97feee7c42e857) (DefaultImporter) -> (artifact id: '4703b0663c9acb01d588b4ca883531fa') in 0.0006245 seconds
Start importing Packages/com.unity.render-pipelines.universal/Runtime/FrameData using Guid(6c79cfa3e6744da6a1beee27a0d73155) (DefaultImporter) -> (artifact id: '7175d1eb794d80e149d8556c5f3eaa52') in 0.0005294 seconds
Start importing Packages/com.unity.render-pipelines.core/Runtime/XR using Guid(8c62d11ee7af4f54abf48d79f70aee4d) (DefaultImporter) -> (artifact id: 'e09ee925a7251ef36a4c3981773f8b22') in 0.0005705 seconds
Start importing Packages/com.unity.splines/Editor/Stylesheets using Guid(8c3dbd03f036dc1428042ff045adbc66) (DefaultImporter) -> (artifact id: '2ea966b94dada1a743a48ff398a11729') in 0.0005311 seconds
Start importing Packages/com.unity.cinemachine/Editor/Windows using Guid(9c644b247df49ee47957d373411a85c3) (DefaultImporter) -> (artifact id: '060087f26fef1e31ef4a4447787c515a') in 0.0005168 seconds
Start importing Packages/com.unity.cinemachine/Editor/Impulse using Guid(ac4cc060534a50747a448a00776ed888) (DefaultImporter) -> (artifact id: 'f4c0f2830bc6f1176e053534bae2833e') in 0.000511 seconds
Start importing Packages/com.unity.inputsystem/InputSystem/Plugins using Guid(bcb3dcdfe51084a038a04105cfbc70aa) (DefaultImporter) -> (artifact id: '2e4fff624270ca30926f8bf272ac9a95') in 0.0005202 seconds
Start importing Packages/com.unity.render-pipelines.core/Editor/Gizmo using Guid(bce47e7c42ffde449812bbbf027555d7) (DefaultImporter) -> (artifact id: '5d944becefc2ccab1914dbfc8c341859') in 0.00052 seconds
Start importing Packages/com.unity.render-pipelines.universal/Runtime/VFXGraph using Guid(bc46ee9abc42d1e4ca5b5c7c8af9ebed) (DefaultImporter) -> (artifact id: '258602c17a37b680a34637da0ba44c12') in 0.0005277 seconds
Start importing Packages/com.unity.mathematics/Tests/Tests using Guid(bccfda2dc5ad3b84eb3a644147ea0010) (DefaultImporter) -> (artifact id: '8cce2a408292c161b8aead17cb931b57') in 0.0005238 seconds
Start importing Packages/com.unity.render-pipelines.core/Editor/Debugging using Guid(dca094a63ee8e4df7b043d29c2c100e4) (DefaultImporter) -> (artifact id: '8b9b7b4a58b630055d4b53b82e2c647c') in 0.0005112 seconds
Start importing Packages/com.unity.render-pipelines.core/Editor/StyleSheets using Guid(fcf236256e326ca478a79ea0558da45d) (DefaultImporter) -> (artifact id: 'c88b02a36877102c5235dc97381b2f5a') in 0.000518 seconds
Start importing Packages/com.unity.render-pipelines.universal/Textures/BlueNoise256 using Guid(0da884cc73355482f99f2f3bf86511e5) (DefaultImporter) -> (artifact id: 'b6378910f5f22f69cba0e48e84ecbaa0') in 0.0005191 seconds
Start importing Packages/com.unity.test-framework/UnityEngine.TestRunner/TestRunner using Guid(1ddb9e1c877ea80479d1eab4ddaa5d0d) (DefaultImporter) -> (artifact id: '6a7e2bf038898dc9a9d8427c931ca44c') in 0.0005233 seconds
Start importing Packages/com.unity.render-pipelines.universal/Runtime/Overrides using Guid(1d7cd03b402219345ac6dedb815bfdeb) (DefaultImporter) -> (artifact id: 'dd04238ea4dbd25ee1e5d4628d69d491') in 0.0005267 seconds
Start importing Packages/com.unity.ugui/Editor Resources/Shaders using Guid(2da27f5fe80a3a549ac7331d9f52f5f0) (DefaultImporter) -> (artifact id: '8ba95b6473bead211c52ddc79ac818a9') in 0.0005225 seconds
Start importing Packages/com.unity.render-pipelines.core/Editor/LookDev using Guid(2d4bb8a5c15072e4baaabe7e161d42b6) (DefaultImporter) -> (artifact id: 'fc119023d6b9b9b251664ef633e2c2eb') in 0.0005213 seconds
Start importing Packages/com.unity.cinemachine/Runtime/Core using Guid(3d53800f587b60a4191877d7713cd17c) (DefaultImporter) -> (artifact id: '61b048f20d69e60b4614b4a9177643b4') in 0.0005194 seconds
Start importing Packages/com.unity.render-pipelines.core/Runtime/Stripping using Guid(3d8692e58294538438ee83cf7fcd08c1) (DefaultImporter) -> (artifact id: '51223f517673659fb34a718e1eb844a8') in 0.0005428 seconds
Start importing Packages/com.unity.shadergraph/Editor/AssetCallbacks using Guid(4d0b60652dca71b49a137663137e38ea) (DefaultImporter) -> (artifact id: '2df397367178a902c0d177926a354354') in 0.0005283 seconds
Start importing Packages/com.unity.render-pipelines.core/Runtime/STP using Guid(5d86e2182c6227d4e924cc530d4ffc62) (DefaultImporter) -> (artifact id: 'c9b90ea02a5b5e1f6ed4cba7fe0d7bd0') in 0.0005078 seconds
Start importing Packages/com.unity.cinemachine/Runtime/SaveDuringPlay using Guid(9d3c7f8bbb5843a48aaa0b19964df4bb) (DefaultImporter) -> (artifact id: 'd967489b818a66774691b7671b59b375') in 0.0005128 seconds
Start importing Packages/com.unity.cinemachine/Runtime/Debug using Guid(ad006de08e6604a8bb48bc0e7db399a4) (DefaultImporter) -> (artifact id: '7fadf0f6120f586385b8e2d76b375660') in 0.0005684 seconds
Start importing Packages/com.unity.render-pipelines.universal/Editor/Overrides using Guid(ad2bd79f2c9e81640b75c0a7edbe7970) (DefaultImporter) -> (artifact id: '9f79a2c0733b3ecbb5e9218c420ce8ca') in 0.0005203 seconds
Start importing Packages/com.unity.cinemachine/Runtime/Behaviours using Guid(fd10c4a322c950342a9d03a14ae879b7) (DefaultImporter) -> (artifact id: '33bb77e90b9caf8a75f5a06df794c4ea') in 0.0005104 seconds
Start importing Packages/com.unity.cinemachine/Editor/PostProcessing using Guid(0e25865eefe5b6f40a615add150c0042) (DefaultImporter) -> (artifact id: 'bd9db3a4851e5ec13d8588cf293c97aa') in 0.0006785 seconds
Start importing Packages/com.unity.test-framework/UnityEngine.TestRunner/NUnitExtensions using Guid(3e8d6af343b383544ba5743d119f4062) (DefaultImporter) -> (artifact id: '3f6e2ec14976a9de8c44a24fd5a1df3a') in 0.0005624 seconds
Start importing Packages/com.unity.test-framework/UnityEditor.TestRunner/GUI using Guid(7e609b27ad2caa14c83dd9951b6c13c6) (DefaultImporter) -> (artifact id: '112f12c0c6681ccaea11688622ebb526') in 0.0005397 seconds
Start importing Packages/com.unity.render-pipelines.core/Runtime/PostProcessing using Guid(9e73364bb6949f24d93418df2ba0c1b1) (DefaultImporter) -> (artifact id: '218efc2a8ca480b0628b5c2f137755d4') in 0.0005404 seconds
Start importing Packages/com.unity.render-pipelines.universal/Editor/ShaderGraph using Guid(ae1e56b12b01f3b4d9c9bb9d7154d97f) (DefaultImporter) -> (artifact id: '9942a48caef877124beabb6276af027e') in 0.0005347 seconds
Start importing Packages/com.unity.inputsystem/InputSystem/Editor using Guid(ee6ce8b9ba0db4146b0b12d5985933bf) (DefaultImporter) -> (artifact id: 'a112b1728da4e90faa8d8e6dd7e5332f') in 0.0005362 seconds
Start importing Packages/com.unity.render-pipelines.core/Editor/Utilities using Guid(0fadbd5093ea0234aa59965fd9d77815) (DefaultImporter) -> (artifact id: '1016261bfec7ba859a66a69278ea8321') in 0.0005293 seconds
Start importing Packages/com.unity.cinemachine/Runtime/Components using Guid(0fafdc3d4f989ff48803e7d870539b41) (DefaultImporter) -> (artifact id: '6a37c086484e410ba833b21d02c5a3aa') in 0.0005372 seconds
Start importing Packages/com.unity.test-framework/UnityEditor.TestRunner/NUnitExtension using Guid(3f9202a39620f51418046c7754f215f0) (DefaultImporter) -> (artifact id: 'ab112e9ad4c0d836ad3545dea28bc266') in 0.0005321 seconds
Start importing Packages/com.unity.render-pipelines.core/Editor/PostProcessing using Guid(3f1ba847a8ffd4746a56b6b3a2177aed) (DefaultImporter) -> (artifact id: 'ec9ab153623a45a50b89a38f212b15b5') in 0.0006029 seconds
Start importing Packages/com.unity.cinemachine/Runtime/Deprecated using Guid(4fe26578e79d7c94697707fdcc54e22f) (DefaultImporter) -> (artifact id: 'b8dbc29c92d0c1e394442969ccf52e9d') in 0.0005417 seconds
Start importing Packages/com.unity.render-pipelines.universal/Runtime/2D using Guid(5fbe43a4058e69f4ca1ac77ea6e1bda6) (DefaultImporter) -> (artifact id: 'bb668a671a7e851f8585bee4774f7e9f') in 0.0005234 seconds
Start importing Packages/com.unity.render-pipelines.universal/Editor/Camera using Guid(6f5387037edf18a478a9701e9ddf3fcc) (DefaultImporter) -> (artifact id: '6da74ea79c077888d1984f04378d2bd5') in 0.0005357 seconds
Start importing Packages/com.unity.render-pipelines.core/ShaderLibrary/API using Guid(6fa64bbd0ffaf8843b041c6e42bb5f82) (DefaultImporter) -> (artifact id: '53387ff39bd29cc125ff4e1a9a4bfbb4') in 0.0005142 seconds
Start importing Packages/com.unity.burst/Runtime/Intrinsics using Guid(6fbd9c5e397237e28650cb957742c782) (DefaultImporter) -> (artifact id: 'dc5081b0ab226f1cc403e8e01bf95e97') in 0.0005113 seconds
Start importing Packages/com.unity.render-pipelines.universal/Runtime/Materials using Guid(7f10efc5458aa44a2928a72c38807544) (DefaultImporter) -> (artifact id: 'c38c4ee848c79accce07d55679ed9d1b') in 0.0005275 seconds
Start importing Packages/com.unity.render-pipelines.universal/Editor/Analytics using Guid(7f30cfcca642c3443b4ccd31e9a872ca) (DefaultImporter) -> (artifact id: '6c58bd62ac60c3e1db89fa62f24ada90') in 0.0005146 seconds
Start importing Packages/com.unity.render-pipelines.universal/Runtime/History using Guid(7fa8531ba890645b5ada88ae8af5f77a) (DefaultImporter) -> (artifact id: '914fea73e53104891659d8a96155b76c') in 0.0005109 seconds
Start importing Packages/com.unity.cinemachine/Presets/Noise using Guid(8f107aadf823af24889bc290a1cca90d) (DefaultImporter) -> (artifact id: 'abb5b612f830d1089f688c72e1a93ae5') in 0.0005174 seconds
Start importing Packages/com.unity.render-pipelines.universal/ShaderLibrary/Debug using Guid(9f4aa226a5594efa99614cb0158c2f59) (DefaultImporter) -> (artifact id: 'f93cb9b399904b4bf4b55009ef66c97b') in 0.0005432 seconds
Start importing Packages/com.unity.render-pipelines.universal/Runtime/Settings using Guid(cf708f4598ecacb4986659e317747510) (DefaultImporter) -> (artifact id: '498938747606615fba4762850c06fe6d') in 0.0005211 seconds
Start importing Packages/com.unity.render-pipelines.universal/Shaders/Terrain using Guid(cf2defa266cfe43e59a7230ff55c6107) (DefaultImporter) -> (artifact id: 'e9c17b40b8f3dbba27d66ff9961f63e4') in 0.0005725 seconds
Start importing Assets/Models/Weapons/Pickaxe using Guid(dfaa85607a61ef544916964d93b994c1) (DefaultImporter) -> (artifact id: '4e7859a6466125f14566f3ef1a481c30') in 0.000516 seconds
Start importing Packages/com.unity.searcher/Editor/Resources using Guid(efa7753b2a14da748b0e7802b6ac3c5f) (DefaultImporter) -> (artifact id: '678e3e34833ccf4081a93bbc469fef01') in 0.0005201 seconds
Start importing Packages/com.unity.render-pipelines.core/Editor/CommandBuffers using Guid(ef6e93ebaf391ed43a0bdcc1aa77ee74) (DefaultImporter) -> (artifact id: 'c69cbd10c14df4065f15f4619e5bc3b8') in 0.0005093 seconds
Start importing Packages/com.unity.render-pipelines.universal/Editor/Lighting using Guid(ff90f20bb510bed48ba1a9ebbc61ffa4) (DefaultImporter) -> (artifact id: 'ee20c3149f0e707d380aa96107bc7c4b') in 0.0005247 seconds
Start importing Packages/com.unity.render-pipelines.universal/Shaders/AutodeskInteractive using Guid(ffac7c69f2faf9345b5b32ae0580e2e9) (DefaultImporter) -> (artifact id: 'ab649f9792d275d2d2b31f12d46089b2') in 0.0006014 seconds
Start importing Packages/com.unity.shadergraph/Editor/Data/Nodes using Guid(0082d52fe349b94449238a3d0db01df0) (DefaultImporter) -> (artifact id: '09f4a7464d3e25305c65151d08ad4079') in 0.0005316 seconds
Start importing Packages/com.unity.render-pipelines.core/Editor/PostProcessing/LensFlareResource using Guid(60a1717848495ca41888e02864f0f645) (DefaultImporter) -> (artifact id: '2b9f999407d1543164d596e24289e361') in 0.0005371 seconds
Start importing Packages/com.unity.render-pipelines.universal/Runtime/Materials/PhysicalMaterial3DsMax using Guid(6008daaf28fd58349b70105e46e2a92b) (DefaultImporter) -> (artifact id: '62c5f56b50631846a6cb6746093d155c') in 0.0005386 seconds
Start importing Packages/com.unity.splines/Editor/Editor Resources/UI using Guid(60ad9e63a7aa54068bc8c58b858532db) (DefaultImporter) -> (artifact id: 'baed80e458471c83a675c6f104207b4e') in 0.0005207 seconds
Start importing Packages/com.unity.shadergraph/Editor/Data/SubGraph using Guid(605eb5c5a280c014fa0952cd022f2579) (DefaultImporter) -> (artifact id: '57a39bbc0b15ad434b819c73f2bf683a') in 0.0005318 seconds
Start importing Packages/com.unity.ai.navigation/Tests/Editor/Inspectors using Guid(8061144b555b4fbbb5226d6e18f4dd50) (DefaultImporter) -> (artifact id: 'bc57e0f35e9dda3d0be650d6c851be84') in 0.0005258 seconds
Start importing Packages/com.unity.splines/Editor/Editor Resources/Icons using Guid(80c4e990f69fadf42a06e238da57fbfd) (DefaultImporter) -> (artifact id: 'a3f6ae832213f29d5dbee4fb678ae885') in 0.0005289 seconds
Start importing Packages/com.unity.shadergraph/Editor/Resources/GraphView using Guid(80f811e405d64564b1c671c9813ea9a9) (DefaultImporter) -> (artifact id: '1b32eed5f524b3c800529a38081db13a') in 0.0005171 seconds
Start importing Packages/com.unity.inputsystem/InputSystem/Editor/ControlPicker using Guid(b01eed8192c9f442b820a7af87ac73f8) (DefaultImporter) -> (artifact id: '30e818eba469def1b0b9900b9523c27c') in 0.0005184 seconds
Start importing Packages/com.unity.render-pipelines.core/Editor/BuildProcessors/ShaderStrippers using Guid(b0efad93b2507274daeaf8cc7306a312) (DefaultImporter) -> (artifact id: '334144efc9e65e03ff0d31cba58ab598') in 0.0005348 seconds
Start importing Packages/com.unity.shadergraph/Editor/Generation/Enumerations using Guid(d0cb1fc17ee65684592babcd1dba61b9) (DefaultImporter) -> (artifact id: 'c61260644ff489c4716223a55a736695') in 0.0005291 seconds
Start importing Packages/com.unity.render-pipelines.core/Runtime/GPUDriven/Debug using Guid(e06600b8901fc6741a0d7f96ca9d7f0f) (DefaultImporter) -> (artifact id: 'cb6f8fa2663131a76ebfb2e6bd128e2f') in 0.0005181 seconds
Start importing Packages/com.unity.render-pipelines.universal/Runtime/2D/Data using Guid(e0c762e8dad9af640925a542761eb35a) (DefaultImporter) -> (artifact id: '96afbf212f4760be75c5f029273aa7fa') in 0.0005142 seconds
Start importing Packages/com.unity.shadergraph/Editor/Generation/Targets using Guid(219feb550e92ac54ebc24e3fd8d5240a) (DefaultImporter) -> (artifact id: 'be0c2b7f5528870c388e6fd11acb19e1') in 0.0005226 seconds
Start importing Packages/com.unity.rendering.light-transport/Runtime/Sampling/Textures using Guid(317c6ff5b8d44894b8530492822044be) (DefaultImporter) -> (artifact id: '9a5706fa0d515235ada7774ee436575d') in 0.0005398 seconds
Start importing Packages/com.unity.test-framework/UnityEngine.TestRunner/Utils/AssemblyProvider using Guid(51557afa652635743b264a309f0a5c60) (DefaultImporter) -> (artifact id: '8a639915519a692529fdf384c74138af') in 0.0005206 seconds
Start importing Packages/com.unity.test-framework/UnityEngine.TestRunner/TestRunner/Callbacks using Guid(61e236e8570a95e4eb754fb291e102e0) (DefaultImporter) -> (artifact id: 'd55b575d8e5d473cc2e43dbbdeaeff7c') in 0.0005222 seconds
Start importing Packages/com.unity.test-framework/UnityEngine.TestRunner/TestRunner/RemoteHelpers using Guid(91c20d2c22b8b3a4cb6c816bd225591a) (DefaultImporter) -> (artifact id: '30fb2d9dd2eecdb696675b50955e4ebc') in 0.0005626 seconds
Start importing Packages/com.unity.ugui/Tests/Runtime/TMP using Guid(914613548ded44a43a59eb9852503f18) (DefaultImporter) -> (artifact id: '477b4938addb883f7857c7245a542f61') in 0.0005162 seconds
Start importing Packages/com.unity.render-pipelines.universal/Shaders/2D/Include using Guid(b1e0c8a42c5ad194389231f7780e158d) (DefaultImporter) -> (artifact id: '89c2cc3a9170d97be16f5dc5a432e00a') in 0.0005263 seconds
Start importing Packages/com.unity.shadergraph/Editor/Drawing/Controllers using Guid(b1b1a4fb9c392ef49acffada0059f01e) (DefaultImporter) -> (artifact id: '257383b5e5dc8c779b47db3705a91a9f') in 0.0005334 seconds
Start importing Packages/com.unity.inputsystem/InputSystem/Plugins/Users using Guid(b102955bf08484d24b9122abab95b9fc) (DefaultImporter) -> (artifact id: '62900c29e85aa8bd6149d30f634f92b3') in 0.0005385 seconds
Start importing Packages/com.unity.test-framework/UnityEngine.TestRunner/Assertions/LogScope using Guid(b1d8465ba1376b148bdab58965101f47) (DefaultImporter) -> (artifact id: 'aac2509859303379c698e7a61b119125') in 0.0006313 seconds
Start importing Packages/com.unity.inputsystem/InputSystem/Editor/Settings using Guid(c189b798c1d4842fcb189cf619033d39) (DefaultImporter) -> (artifact id: '515feb66cf51621e4b25ea82ba1fe071') in 0.000538 seconds
Start importing Packages/com.unity.shadergraph/Editor/Resources/UXML using Guid(e14441797a82fb84fb4e43064342bcb5) (DefaultImporter) -> (artifact id: '6aa9ada540b08c68d9480af29db5c0b3') in 0.0005782 seconds
Start importing Packages/com.unity.render-pipelines.core/Runtime/RenderGraph/Compiler using Guid(126062fea1dcb7f478883bc50375b95f) (DefaultImporter) -> (artifact id: '2f703c82238632a6be272734a606f6d6') in 0.0005221 seconds
Start importing Packages/com.unity.ugui/Runtime/UGUI/Properties using Guid(32e2186f4598cff489784aae586f2215) (DefaultImporter) -> (artifact id: 'd945312145ac0c9dd7a3598fc5b82f23') in 0.0005332 seconds
Start importing Packages/com.unity.shadergraph/Editor/Data/Util using Guid(32e29ba6d98ba0140a774b7804b02a28) (DefaultImporter) -> (artifact id: '658cd436f18a377686bcfcd32e6628e8') in 0.0005095 seconds
Start importing Packages/com.unity.render-pipelines.universal/Runtime/VFXGraph/Shaders using Guid(424d16c89244f3e4685b81926e90cb4b) (DefaultImporter) -> (artifact id: 'c8e9829102df3d0c4f35d7825fef057e') in 0.000522 seconds
Start importing Packages/com.unity.shadergraph/Editor/Generation/Templates using Guid(52f964a4069524b47bd98441cad69cd3) (DefaultImporter) -> (artifact id: '79f623838a4e0705f7f9fe00ae0aab93') in 0.0005319 seconds
Start importing Packages/com.unity.shadergraph/Editor/Data/Legacy using Guid(624f34d4e59649fd80163f3590d97d73) (DefaultImporter) -> (artifact id: '00faf816d1d84ce7ae4abc313474683e') in 0.0005171 seconds
Start importing Packages/com.unity.inputsystem/InputSystem/Editor/PropertyDrawers using Guid(726294051bc6c426e886d72ea4702f21) (DefaultImporter) -> (artifact id: '151856e78c055b71f565b57ee7ebc996') in 0.0005603 seconds
Start importing Packages/com.unity.splines/Editor/Editor Resources/Textures using Guid(72fb38b12e406494493310b49ccb8384) (DefaultImporter) -> (artifact id: '70dfef0852646f71bac9c9d822e4b4b2') in 0.0005373 seconds
Start importing Packages/com.unity.render-pipelines.universal/Editor/Settings/PropertyDrawers using Guid(82c1f210baa2e8041bb6347e6278e365) (DefaultImporter) -> (artifact id: 'f1766ef047e3b80e86323208ef5ea930') in 0.0006588 seconds
Start importing Packages/com.unity.test-framework/UnityEditor.TestRunner/GUI/TestAssets using Guid(92e3104769da143888a712cdea27d950) (DefaultImporter) -> (artifact id: '1c339984e4f7b537284cfc59f8240800') in 0.0005777 seconds
Start importing Packages/com.unity.inputsystem/InputSystem/Plugins/Switch using Guid(a27b7d2db78661c429e29911c09f8f4c) (DefaultImporter) -> (artifact id: '4291c0fea405671f6bf720ae7d62cbbd') in 0.0005325 seconds
Start importing Packages/com.unity.render-pipelines.universal/Editor/ShaderGUI/ShadingModels using Guid(a22c22fb536604167866c59ce9a780d2) (DefaultImporter) -> (artifact id: '387159ba31b0c72bbc94d7275dc65ead') in 0.0005272 seconds
Start importing Packages/com.unity.shadergraph/Editor/Drawing/Views using Guid(a24ff57a99e64e33b4f88b1e81d84e97) (DefaultImporter) -> (artifact id: 'deabab7b6318a13e2dbf3fe9c9e1dfbc') in 0.0005197 seconds
Start importing Packages/com.unity.render-pipelines.core/Editor/Icons/RenderGraphViewer using Guid(b233366b32d45e8489690036aca26e57) (DefaultImporter) -> (artifact id: '9d00aedfc435d3b1115b473d03eccc99') in 0.0005742 seconds
Start importing Packages/com.unity.render-pipelines.core/Runtime/Debugging/Prefabs using Guid(d2160913896effa4aa65b93012ff3465) (DefaultImporter) -> (artifact id: 'c3b0ccffb771d31fb84ef036d77d638b') in 0.0005627 seconds
Start importing Packages/com.unity.render-pipelines.universal/Editor/ShaderGraph/Targets using Guid(d27a56a5783f89e409983f9a35efe7cc) (DefaultImporter) -> (artifact id: '3f194da53cfdf4271073e4826020d7fb') in 0.0005259 seconds
Start importing Packages/com.unity.splines/Editor/GUI/ToolbarsOverlays using Guid(e21391b51918435b9e07d2f917a37c79) (DefaultImporter) -> (artifact id: '9f7d71e73b3a654eb9bb13a5538fb0e4') in 0.0006011 seconds
Start importing Packages/com.unity.inputsystem/InputSystem/Devices/Haptics using Guid(e286fc65ad3d4645b213e71b11e963e4) (DefaultImporter) -> (artifact id: '1e906103bfe75dfdec8e60b4277c2d4a') in 0.0005544 seconds
Start importing Packages/com.unity.rendering.light-transport/Runtime/UnifiedRayTracing/Compute using Guid(f242eaea8e7ce454ea303340a67e3743) (DefaultImporter) -> (artifact id: '937abd90a372dfa2cb5b180e029877f5') in 0.0005594 seconds
Start importing Packages/com.unity.render-pipelines.universal/Editor/2D/Converter using Guid(5361c774211d0234c94d0161651a5407) (DefaultImporter) -> (artifact id: 'f674adef6b7d01fdcdbe74fa6bafcd8e') in 0.0005177 seconds
Start importing Packages/com.unity.render-pipelines.universal/Editor/2D/ShaderGraph using Guid(53926c186e474a85a679dafcc7f45d40) (DefaultImporter) -> (artifact id: 'fa1aaefa6bd589a061439142c61b5901') in 0.0005166 seconds
Start importing Packages/com.unity.ugui/Tests/Runtime/UGUI using Guid(53caebc5909234b4ebe1fcaf3dc913a5) (DefaultImporter) -> (artifact id: '6cea7121aaed435492ec2cc2e4bf06a4') in 0.0007697 seconds
Start importing Packages/com.unity.inputsystem/InputSystem/Editor/Internal using Guid(8377f8bca2884d3ba3dd053d9b5d06f7) (DefaultImporter) -> (artifact id: 'bd450b8d35f574eb1669278e1ae71f05') in 0.0008093 seconds
Start importing Packages/com.unity.shadergraph/Editor/Data/Implementation using Guid(931ad3a4d181270419aa65ff77b3ec16) (DefaultImporter) -> (artifact id: '5262d891a83110d4d3089e4f09bd6d6a') in 0.0007694 seconds
Start importing Packages/com.unity.render-pipelines.core/Tests/Editor/Volumes using Guid(93ab3f290033d9a48b3cce3d26d93f89) (DefaultImporter) -> (artifact id: 'c8a7c921975a88de0e67649b6bdf040a') in 0.0009144 seconds
Start importing Packages/com.unity.inputsystem/InputSystem/Plugins/Steam using Guid(a3e712d7ab2114ca4960246b0d5e6215) (DefaultImporter) -> (artifact id: '4245f6ac265fd648bef2d26dcef0eb00') in 0.0007504 seconds
Start importing Packages/com.unity.test-framework/UnityEditor.TestRunner/TestLaunchers/Helpers using Guid(a3cb89150b8a4060b89a32725a8e267e) (DefaultImporter) -> (artifact id: '1c6550e824ea391f5fd50f57247dd2be') in 0.0008543 seconds
Start importing Packages/com.unity.inputsystem/InputSystem/Devices/Remote using Guid(b3be39d9a3c9496a9a619d6dc185f5f3) (DefaultImporter) -> (artifact id: '98df1ffc957e8cfdea496cfb365f08af') in 0.0006281 seconds
Start importing Packages/com.unity.test-framework/UnityEngine.TestRunner/NUnitExtensions/Filters using Guid(c3de99f9efc582a48995bc8e8c2df418) (DefaultImporter) -> (artifact id: '6a3e6215aa297c9a4e3c7159efb1015c') in 0.0006114 seconds
Start importing Packages/com.unity.shadergraph/Editor/Data/Graphs using Guid(f329b5b280b7f6f449659f05937ac2f2) (DefaultImporter) -> (artifact id: '7ae39efab1d55fb2a5da36961662dfce') in 0.0005551 seconds
Start importing Packages/com.unity.rendering.light-transport/Tests/Editor/UnifiedRayTracing using Guid(24826cd8378d0b346b881816817535e6) (DefaultImporter) -> (artifact id: '88d113a378950e9aad5349e5ffc1b368') in 0.0005584 seconds
Start importing Packages/com.unity.burst/Runtime/Intrinsics/x86 using Guid(3413d06997203e50844bbf4eca32fce8) (DefaultImporter) -> (artifact id: '080781ea9cc8ae422dd286982a3187b7') in 0.000571 seconds
Start importing Packages/com.unity.render-pipelines.universal/Editor/ShaderGUI/Shaders using Guid(44979452441cd45d5a88ff530647528f) (DefaultImporter) -> (artifact id: '50e8de7cdf2ed3d2df503aebe5d02ec8') in 0.0005661 seconds
Start importing Packages/com.unity.render-pipelines.universal/Runtime/2D/RendererFeatures using Guid(6410ec30b9d85cf40b53826342e69ac4) (DefaultImporter) -> (artifact id: '9432705dba6b8b4c1176800c10a42fe8') in 0.000584 seconds
Start importing Packages/com.unity.render-pipelines.universal/Editor/2D/ShapeEditor using Guid(643e7b93cc1f804408a784cc2bc2c1b8) (DefaultImporter) -> (artifact id: 'cb1debbc8865141e9ba6bf8766bfbe6c') in 0.0005883 seconds
Start importing Packages/com.unity.ugui/Runtime/UGUI/UI using Guid(742654cad2425334696ba6ed4495cfef) (DefaultImporter) -> (artifact id: 'd1046547fc52369f9a3a8f6b662ded51') in 0.0005341 seconds
Start importing Packages/com.unity.inputsystem/InputSystem/Devices/Commands using Guid(84ba8e63f115487ca072084bbebf0e55) (DefaultImporter) -> (artifact id: 'f07b113e01bd786eb3877d7a3e54e980') in 0.000569 seconds
Start importing Packages/com.unity.render-pipelines.core/Editor/Lighting/LightUnit using Guid(942737965ad5c034997de550e1c26ff1) (DefaultImporter) -> (artifact id: '6be5281125ad998812c544e8454c881e') in 0.000581 seconds
Start importing Packages/com.unity.inputsystem/InputSystem/Editor/ProjectWideActions using Guid(949d73ae1e0166c469c8706d4d7a21c7) (DefaultImporter) -> (artifact id: '53693059d700c14fed68385f57810496') in 0.0006051 seconds
Start importing Packages/com.unity.inputsystem/InputSystem/Plugins/WebGL using Guid(d4077c3b095df48b798c97c694ffd684) (DefaultImporter) -> (artifact id: '4bb20e019f436a4c5978cb315a438c41') in 0.0006251 seconds
Start importing Packages/com.unity.rendering.light-transport/Runtime/UnifiedRayTracing/Hardware using Guid(e45cf32b126e2e346b778e07438405e4) (DefaultImporter) -> (artifact id: '6e5ac579cb0cd2ce8f2307b9908644fa') in 0.0005346 seconds
Start importing Packages/com.unity.shadergraph/Editor/Generation/Processors using Guid(f4a2b3d2dd6f5468a8423947316be163) (DefaultImporter) -> (artifact id: '32ee9de72cc8bd7d062a9f6772ba9e96') in 0.0005289 seconds
Start importing Packages/com.unity.shadergraph/Editor/Resources/Icons using Guid(f4d6d4aaf7f25a14fb15dabc0b24d7ef) (DefaultImporter) -> (artifact id: '561decef2ea012187c421b244ec7bfad') in 0.0007144 seconds
Start importing Packages/com.unity.render-pipelines.core/Runtime/RenderGraph/Debug using Guid(0543e23b6a0f25741b67b1bee0292e70) (DefaultImporter) -> (artifact id: '7771f76bcd0c0d31578ebc83c0551730') in 0.0006191 seconds
Start importing Packages/com.unity.render-pipelines.core/Editor/Icons/MipLevels using Guid(05f6cde15dbb7bb48b377d0310898c96) (DefaultImporter) -> (artifact id: 'cf7f907dcce0608959e6da229069ba7a') in 0.000554 seconds
Start importing Packages/com.unity.render-pipelines.universal/Editor/2D/Shadows using Guid(15c1d77e1b7aec14b8f1eb5a24156d60) (DefaultImporter) -> (artifact id: '1613f10d823bd689dad44ba4a69ed865') in 0.0005233 seconds
Start importing Packages/com.unity.test-framework/UnityEngine.TestRunner/TestRunner/Messages using Guid(256a0ca37fa972840bce7fca446e75e7) (DefaultImporter) -> (artifact id: '49c9fa09840fad3e17b412376a8dcf2a') in 0.0005269 seconds
Start importing Packages/com.unity.render-pipelines.universal/Editor/Decal/Resources using Guid(3522f385657caf14b8c18df878a3c65b) (DefaultImporter) -> (artifact id: '4f1605886031ae185340d950ae437b3f') in 0.0005842 seconds
Start importing Packages/com.unity.shadergraph/Editor/Generation/TargetResources using Guid(45e29c7fe2bbe4bd199f0029b890f5f5) (DefaultImporter) -> (artifact id: '54650005a37db5f4c42e519cb100081f') in 0.0005523 seconds
Start importing Packages/com.unity.shadergraph/Editor/Data/Enumerations using Guid(55b9824914ca013428dfb7a5c38fc2de) (DefaultImporter) -> (artifact id: '953e1292ac457d63f13e9bfa60e5bd1b') in 0.0005385 seconds
Start importing Packages/com.unity.ugui/Editor/UGUI/UI using Guid(853edc343b78a7c4c81cbb3851d48c0a) (DefaultImporter) -> (artifact id: '773a517afa854ab194e9e6794bc9a1cf') in 0.0005578 seconds
Start importing Packages/com.unity.render-pipelines.universal/Editor/2D/Resources using Guid(95000b81b3fc6af4a916987efa80abbc) (DefaultImporter) -> (artifact id: '751f80d600888e5665a44ac9bf31569e') in 0.0005273 seconds
Start importing Packages/com.unity.shadergraph/Editor/Resources/Shaders using Guid(95a0c8e39aaf7f3468cff72de2b7c094) (DefaultImporter) -> (artifact id: '15e9651cb1887799b1e4c863438ffa3d') in 0.0005653 seconds
Start importing Packages/com.unity.shadergraph/Editor/Generation/Attributes using Guid(95d4f3eaeba344017b164174ed877b77) (DefaultImporter) -> (artifact id: '16043190afcd0e7c683f0e29861756ac') in 0.0005148 seconds
Start importing Packages/com.unity.inputsystem/InputSystem/Editor/AssetEditor using Guid(a5c84a68c16874bd5ba1a9d15a5e5044) (DefaultImporter) -> (artifact id: '51f6329545320ce62a7af1fc311baefa') in 0.0005356 seconds
Start importing Packages/com.unity.render-pipelines.core/Runtime/GPUDriven/InstanceData using Guid(b5f7bf756dcca7044ace748986382c79) (DefaultImporter) -> (artifact id: '001d33bb329cdd31251466ae0546b2bc') in 0.0005303 seconds
Start importing Packages/com.unity.test-framework/UnityEditor.TestRunner/GUI/Views using Guid(c5535d742ea2e4941850b421f9c70a1f) (DefaultImporter) -> (artifact id: 'd8974548c2c7ab5d5ad7599c432a1bc7') in 0.0005748 seconds
Start importing Packages/com.unity.inputsystem/InputSystem/Plugins/Android using Guid(e5769f689f15dce4a9f92aff27659c54) (DefaultImporter) -> (artifact id: '1882dbaf36accbc4ef3817afe6c3a6b2') in 0.0005235 seconds
Start importing Packages/com.unity.render-pipelines.core/Runtime/Utilities/GPUSort using Guid(e5d689573b624639aac8d00ca42bd729) (DefaultImporter) -> (artifact id: '3a8332852c04df7b9dc6feea8d08c161') in 0.0006004 seconds
Start importing Packages/com.unity.shadergraph/Editor/Generation/Descriptors using Guid(e5779cc2c32bb4c90b671ed2e6629e3d) (DefaultImporter) -> (artifact id: 'a81b4a8b55d41faad4cce5358543ec36') in 0.0005165 seconds
Start importing Packages/com.unity.ugui/Editor/UGUI/EventSystem using Guid(f525580684527b147b70cf94aaa70dbc) (DefaultImporter) -> (artifact id: '35f8d6adc1fe92d630cb18996309700e') in 0.0005241 seconds
Start importing Packages/com.unity.test-framework/UnityEditor.TestRunner/UnityTestProtocol/Data using Guid(3610673068254436ac90019f46e09f01) (DefaultImporter) -> (artifact id: 'edf71b33f3965ea27aa0f561aefe6dce') in 0.000531 seconds
Start importing Packages/com.unity.inputsystem/InputSystem/Editor/Debugger using Guid(461c380dccba54a569c07d9810dd3b32) (DefaultImporter) -> (artifact id: 'da89f0ad8f21a6a87a6a6692ffa6b299') in 0.0005249 seconds
Start importing Packages/com.unity.shadergraph/Editor/Drawing/Blackboard using Guid(465f456071d65c648a34adddf33057f7) (DefaultImporter) -> (artifact id: 'e19dc96236a709ac12609f83f53b9da4') in 0.0005574 seconds
Start importing Packages/com.unity.inputsystem/InputSystem/Devices/Precompiled using Guid(6600059bab4cd4a4ab586e5bb07df47b) (DefaultImporter) -> (artifact id: 'a5b5175474d7faf6114b3b2f92c63972') in 0.0007082 seconds
Start importing Packages/com.unity.render-pipelines.core/Runtime/PostProcessing/Shaders using Guid(86304ecf756376e4b8ecb6f9d6111b89) (DefaultImporter) -> (artifact id: '7a4e6a369bb7a235af716f4f9700c8d3') in 0.0007603 seconds
Start importing Packages/com.unity.inputsystem/InputSystem/Plugins/InputForUI using Guid(96500a17645c67442a0ccdca007e6d28) (DefaultImporter) -> (artifact id: '50565058fe2fe0c54cf013821d1f8019') in 0.000544 seconds
Start importing Packages/com.unity.test-framework/UnityEditor.TestRunner/NUnitExtension/Attributes using Guid(96c503bf059df984c86eecf572370347) (DefaultImporter) -> (artifact id: '2e346665254194df03f2d47ad0a2e81b') in 0.000534 seconds
Start importing Packages/com.unity.shadergraph/Editor/Generation/Collections using Guid(d6d4496479c324d29acc5c0d0a40d1b9) (DefaultImporter) -> (artifact id: '4506dbd6ed12beb3e5201ed3099706e5') in 0.0005208 seconds
Start importing Packages/com.unity.shadergraph/Tests/Editor/IntegrationTests using Guid(e636bcaad60bb8e4da48c07cdcb938b5) (DefaultImporter) -> (artifact id: 'aac36f3be3c9da0761b7fd4db954b324') in 0.0005548 seconds
Start importing Packages/com.unity.render-pipelines.universal/Runtime/Decal/DBuffer using Guid(f68d0654b5ceb4a4b92e324b3d1a373c) (DefaultImporter) -> (artifact id: 'b6b31650fc253397ce3e2ff41b751f8e') in 0.0005203 seconds
Start importing Packages/com.unity.test-framework/UnityEditor.TestRunner/GUI/TestListBuilder using Guid(07ea0326ed848fb4489187cb58f96113) (DefaultImporter) -> (artifact id: 'c9ef4e1b8c0b54cbe4a5a11c696e4b78') in 0.0005966 seconds
Start importing Packages/com.unity.render-pipelines.core/Editor/Icons/Processed using Guid(27236dbe91cb3d644991bb5702250e9d) (DefaultImporter) -> (artifact id: '345d7a16e9cfb3cae61ea5ca35842ae4') in 0.0005219 seconds
Start importing Packages/com.unity.render-pipelines.core/Runtime/RenderPipelineResources/GPUDriven using Guid(270b22cf3fe09dc4ea4fe92d629d8bce) (DefaultImporter) -> (artifact id: 'bab1fbca95e3983a9944e52211a8da96') in 0.0005593 seconds
Start importing Packages/com.unity.test-framework/UnityEngine.TestRunner/NUnitExtensions/Runner using Guid(37888acc09d9ee848bf9559f06645c45) (DefaultImporter) -> (artifact id: 'ee1e527b3560111b8f9aa3c43ad7e9a9') in 0.0005292 seconds
Start importing Packages/com.unity.searcher/Editor/Resources/FlatSkin using Guid(67e35e8d446428040b9f0580470b5b5a) (DefaultImporter) -> (artifact id: '2b77b4fbeb58a35245dcff8388fe9aec') in 0.0006063 seconds
Start importing Packages/com.unity.inputsystem/InputSystem/Plugins/XInput using Guid(674bcb49f4019404bb8bfd43a597785a) (DefaultImporter) -> (artifact id: 'c0d5d05351409abd57330406f69046a4') in 0.0006139 seconds
Start importing Packages/com.unity.render-pipelines.core/Editor/Lighting/Icons using Guid(77235ff89f4625d44ac5ad118d1913fa) (DefaultImporter) -> (artifact id: '6aa1f03a998f5cbcbea73c1e2c2c1815') in 0.0005678 seconds
Start importing Packages/com.unity.render-pipelines.universal/Editor/SceneTemplates/Standard using Guid(9750256f1be9648b4ba73d98e44d225e) (DefaultImporter) -> (artifact id: '8bd5373fb40624d778069dad13d6c6fe') in 0.0005844 seconds
Start importing Packages/com.unity.inputsystem/InputSystem/Plugins/HID using Guid(a71161af1440e4b1fbbefefb3aaffce0) (DefaultImporter) -> (artifact id: 'cc150985718e30b27fed7bfd69447ed7') in 0.0005147 seconds
Start importing Packages/com.unity.shadergraph/Editor/Generation/Utils using Guid(a776ae8783d76794ead8bbefa7461cb8) (DefaultImporter) -> (artifact id: 'c6452bed8e3962f8b5e9f778e78d6a2e') in 0.0006163 seconds
Start importing Packages/com.unity.inputsystem/InputSystem/Editor/Analytics using Guid(d7fcb545eb7743c8bd27f341b51151dc) (DefaultImporter) -> (artifact id: 'f23c902ef03765eb809917649b02da6b') in 0.0005526 seconds
Start importing Packages/com.unity.shadergraph/Editor/Generation/Contexts using Guid(e7109562d81c04d45be09c804dc1b8ae) (DefaultImporter) -> (artifact id: '775b5d35f82cc8e690d0cef117b852a3') in 0.0005139 seconds
Start importing Packages/com.unity.render-pipelines.universal/Runtime/2D/Passes using Guid(f74b40ff9aaa99a49a36a3c646ca5917) (DefaultImporter) -> (artifact id: '7c1d4cb45357db06f2e3d9edbaf8fd26') in 0.0005207 seconds
Start importing Packages/com.unity.shadergraph/Editor/Generation/Data using Guid(f78c50a65bb1b22409719a84b48ff794) (DefaultImporter) -> (artifact id: '2b41176d2562fccdf1073a675166e2b7') in 0.000518 seconds
Start importing Packages/com.unity.shadergraph/Editor/Data/Attributes using Guid(08871a332c049d44d9bf2563943a52c0) (DefaultImporter) -> (artifact id: 'b09de6ccad4ef58db7ed1e416d02beca') in 0.0005121 seconds
Start importing Packages/com.unity.render-pipelines.core/Tests/Editor/GPUDriven using Guid(0829798e3b46e42438b2a90fe5fbe063) (DefaultImporter) -> (artifact id: '1dacfdf94ddbed438dabc2dd2364cdf6') in 0.0005661 seconds
Start importing Packages/com.unity.render-pipelines.universal/Textures/BlueNoise64/L using Guid(185beacae6c1ae444bf82919f9550d1a) (DefaultImporter) -> (artifact id: 'e71797dddb52c2aabce01b3652837d28') in 0.0008007 seconds
Start importing Packages/com.unity.burst/Runtime/Intrinsics/Arm using Guid(2893f6d998ac3104919ec7e11aa597cd) (DefaultImporter) -> (artifact id: '20456fafa43f13a05b05b1d9591955d2') in 0.0007952 seconds
Start importing Packages/com.unity.shadergraph/Editor/Drawing/MaterialEditor using Guid(381bcc6523571fb478a4937355db4c0d) (DefaultImporter) -> (artifact id: '90c1a6c1d83a9d94a935db832c169103') in 0.0009359 seconds
Start importing Packages/com.unity.render-pipelines.universal/Runtime/Decal/ScreenSpace using Guid(5818a14fd27827e48951a0d2ee539d75) (DefaultImporter) -> (artifact id: 'ac4ab97df5c0f8a2877c38d28ad3b174') in 0.0008132 seconds
Start importing Packages/com.unity.shadergraph/Editor/Drawing/Interfaces using Guid(58ecb05b886e4306918caed5d3178020) (DefaultImporter) -> (artifact id: 'bea49cb982c5b5a30a9d131405a3f1b7') in 0.0008723 seconds
Start importing Packages/com.unity.ai.navigation/Tests/Editor/Converter using Guid(585e4d2e85b344909fd03397aa977b50) (DefaultImporter) -> (artifact id: 'abe1e2683aa2e32392027ad0c59dfdff') in 0.0006269 seconds
Start importing Packages/com.unity.render-pipelines.core/Runtime/Lighting/ProbeVolume using Guid(686bcd471035ed641a36aa69aacb76a9) (DefaultImporter) -> (artifact id: '97272a9502bd9aba89d261b081e2b232') in 0.0005484 seconds
Start importing Packages/com.unity.test-framework/UnityEditor.TestRunner/GUI/TestListTreeView using Guid(68cb547af0187634aad591a09c01cd5b) (DefaultImporter) -> (artifact id: 'bcc7fabbc19415c35b0572cf2f2337a5') in 0.000567 seconds
Start importing Packages/com.unity.render-pipelines.core/Runtime/RenderPipelineResources/Mesh using Guid(68ed7b91fd1483d40861e1ada55a57bc) (DefaultImporter) -> (artifact id: 'f207b84878a73b87b55f7d75cf48e989') in 0.0005365 seconds
Start importing Packages/com.unity.render-pipelines.universal/Runtime/2D/UTess2D using Guid(78adb7be6764d484eaae877fcfac7bd4) (DefaultImporter) -> (artifact id: 'c78bc55b8adbbe5e1b51fc8993571616') in 0.0005385 seconds
Start importing Packages/com.unity.render-pipelines.core/Tests/Editor/ShaderStripping using Guid(a869f30d596b98e41b8553703937b6e5) (DefaultImporter) -> (artifact id: 'db2dcc91b1e4412e823ed014cce3b769') in 0.0005432 seconds
Start importing Packages/com.unity.render-pipelines.core/Tests/Editor/Debugging using Guid(b8f37e7cf15bcc1419f4622045f6e075) (DefaultImporter) -> (artifact id: '8618fb53a9a20a1d0cf41286604b4c7b') in 0.000544 seconds
Start importing Packages/com.unity.render-pipelines.core/Tests/Editor/RenderPipeline using Guid(d8bcf5ae67f54a15944eef9b06d8d20d) (DefaultImporter) -> (artifact id: '5f04a804b8c19f25f7220f71b786a029') in 0.0005363 seconds
Start importing Packages/com.unity.test-framework/UnityEditor.TestRunner/GUI/Controls using Guid(e88eef57957d4440c8a7ff2ef9dd3d97) (DefaultImporter) -> (artifact id: 'c4f64d42392877fbc9299e30e3929089') in 0.0005399 seconds
Start importing Packages/com.unity.inputsystem/InputSystem/Plugins/XR using Guid(097288e93d94f44438e9ef4dc93f7346) (DefaultImporter) -> (artifact id: '65d8e3491c4546b69a124702dbede89a') in 0.0005935 seconds
Start importing Packages/com.unity.shadergraph/Editor/Drawing/Controls using Guid(29309be0e1004fad967256187775c528) (DefaultImporter) -> (artifact id: 'af9300f652828052b1cc17ba0e5fbbc8') in 0.0005516 seconds
Start importing Packages/com.unity.test-framework/UnityEditor.TestRunner/TestRun/Data using Guid(4926c06156894939ba0a2680f1b0aa7a) (DefaultImporter) -> (artifact id: 'e85e5880a8fb926656c64ebb007116bd') in 0.0005819 seconds
Start importing Packages/com.unity.render-pipelines.universal/Editor/ShaderGraph/Nodes using Guid(6979e5ac3dcd9e147be8acbcea517686) (DefaultImporter) -> (artifact id: '6072ef90b925365cb4ffed458af5b0e3') in 0.0005518 seconds
Start importing Packages/com.unity.inputsystem/InputSystem/Plugins/UI using Guid(69dd334ee54c747c38b3317d02c3967a) (DefaultImporter) -> (artifact id: '1fd450bb232d5b95bbe26023d11838df') in 0.0006071 seconds
Start importing Packages/com.unity.test-framework/UnityEditor.TestRunner/Api/Analytics using Guid(891bb6b9f5094c36b59c3788e21c8213) (DefaultImporter) -> (artifact id: '7afc1f32db95c3782cc44b8be1b1fdd2') in 0.0007631 seconds
Start importing Packages/com.unity.inputsystem/InputSystem/Actions/Interactions using Guid(b90e4423894dce34f83bb15a3ba411ba) (DefaultImporter) -> (artifact id: '1a682d568fa434ab30a8210e73fe1d5d') in 0.000594 seconds
Start importing Packages/com.unity.test-framework/UnityEditor.TestRunner/TestRunner/Messages using Guid(d9682e749d3efc642af54d789d9090a6) (DefaultImporter) -> (artifact id: '34a2da094325aea95250bbc91b3bacfc') in 0.000548 seconds
Start importing Packages/com.unity.render-pipelines.core/Editor/BuildProcessors/SettingsStrippers using Guid(f9e0abec186274f4f8a49394c1fef24b) (DefaultImporter) -> (artifact id: '28c507c646c61b39d9d919b7ff2b83d5') in 0.0006095 seconds
Start importing Packages/com.unity.render-pipelines.universal/Editor/ShaderGraph/Includes using Guid(f9df817efe7f52045a7cd7ae84fd47ae) (DefaultImporter) -> (artifact id: '06479cd795399b12c4037e15097a4fb6') in 0.0006752 seconds
Start importing Packages/com.unity.cinemachine/Editor/EditorResources/Icons using Guid(2a47d279b040e40478c5fd28969dd431) (DefaultImporter) -> (artifact id: '136d527f2472ddf874a59bc5b02f9ff8') in 0.0005705 seconds
Start importing Packages/com.unity.inputsystem/InputSystem/Actions/Composites using Guid(6adbf65a53ff9b04990c2116b3e4d5b7) (DefaultImporter) -> (artifact id: '731fcbb1800e0536eab648102951f6d9') in 0.000569 seconds
Start importing Packages/com.unity.shadergraph/Editor/Data/Actions using Guid(9abbc5074e3b457c98f721847723bf2e) (DefaultImporter) -> (artifact id: 'fe7d8305a96034bb30ef6b12dae53088') in 0.0005287 seconds
Start importing Packages/com.unity.render-pipelines.universal/Editor/Converter/PPv2 using Guid(aaea8397f87188a4fb3a7451bf0ea320) (DefaultImporter) -> (artifact id: '4444e57dc1735683e84a4c9241e5c5ab') in 0.0006124 seconds
Start importing Packages/com.unity.rendering.light-transport/Runtime/UnifiedRayTracing/Common using Guid(dab83bd6a48c6914e8aa6103773d5bb6) (DefaultImporter) -> (artifact id: '282ae19555659c1d7104cf0a7f3e77be') in 0.0006251 seconds
Start importing Packages/com.unity.render-pipelines.universal/Runtime/Materials/ArnoldStandardSurface using Guid(dadc0db69503dfa4eb1c96a19590f95c) (DefaultImporter) -> (artifact id: 'c4afa0ef24dbf13aad08371995663f40') in 0.0006263 seconds
Start importing Packages/com.unity.render-pipelines.universal/Editor/Overrides/Shaders using Guid(da0f06d1af1e98c48b8ffbe1e6e4df96) (DefaultImporter) -> (artifact id: '77d9edfd77d13472b7f0c72ef9d99487') in 0.0005169 seconds
Start importing Packages/com.unity.splines/Editor/GUI/Editors using Guid(eaa3cd6309cba3244b2a227f3e8e7eb3) (DefaultImporter) -> (artifact id: '5f72a8169ccab197e959c709a8d84c4c') in 0.0005494 seconds
Start importing Packages/com.unity.inputsystem/InputSystem/Plugins/OSX using Guid(ea65eddf43398654fa32b724723c71a4) (DefaultImporter) -> (artifact id: '571838c1903d4b738a6af60b1970370c') in 0.0005586 seconds
Start importing Packages/com.unity.ugui/Editor/TMP/PropertyDrawers using Guid(ea7c31b5b377c314db28ad3fabbbd38d) (DefaultImporter) -> (artifact id: 'ebc92ba84e6406c25f912a00cf612866') in 0.0005985 seconds
Start importing Packages/com.unity.ugui/Tests/Editor/UGUI using Guid(fae3ac1997e164d1eba5fa5c417cbefd) (DefaultImporter) -> (artifact id: 'a65f00dcb82f453aab04a0f34c97e4e8') in 0.0005201 seconds
Start importing Packages/com.unity.shadergraph/Editor/Data/Interfaces using Guid(fa6cfee2afcf9584b9e67fe405662d0e) (DefaultImporter) -> (artifact id: '3802db2e58a2263174b47c8549202657') in 0.0005711 seconds
Start importing Packages/com.unity.render-pipelines.core/Tests/Editor/Analytics using Guid(1b3ed7ed96f03fb41af34f1c2e6a1fff) (DefaultImporter) -> (artifact id: 'c23552cd417d1b7c82afe956df223812') in 0.0005125 seconds
Start importing Packages/com.unity.test-framework/UnityEngine.TestRunner/NUnitExtensions/Commands using Guid(6b72875690e0f7343911e06af3145bd5) (DefaultImporter) -> (artifact id: 'f36e7cf57d57bd868768c4d06537389c') in 0.0005414 seconds
Start importing Packages/com.unity.render-pipelines.universal/Runtime/Decal/Entities using Guid(6b3e7dae1e82a6b448b739d1331813f0) (DefaultImporter) -> (artifact id: 'd08d7f6a9b82462fdd806deca3dab5fd') in 0.0005478 seconds
Start importing Packages/com.unity.shadergraph/Editor/Drawing/Manipulators using Guid(abc41fae76b14617ae2f7d38d3ebef3a) (DefaultImporter) -> (artifact id: '66dd8f5d1b713dd8ee8796dd3f9403bf') in 0.0005158 seconds
Start importing Packages/com.unity.inputsystem/InputSystem/Editor/UITKAssetEditor using Guid(bb0e7cd0be171ca4ca67132e36b7ccb5) (DefaultImporter) -> (artifact id: '78ba98fe5f1f37de20ccd2d6f868901a') in 0.0005311 seconds
Start importing Packages/com.unity.inputsystem/InputSystem/Editor/BuildPipeline using Guid(cb6feb90190641c19dce92f09614edd4) (DefaultImporter) -> (artifact id: '0cb518eb91ef28465cfc9e4a86b288b9') in 0.0007383 seconds
Start importing Packages/com.unity.test-framework/UnityEditor.TestRunner/TestLaunchers/PlatformSetup using Guid(ebc4d20cc106cea49b1df1153f0b3b5e) (DefaultImporter) -> (artifact id: 'b557b5aa3ee3c1d394dd361be2918e20') in 0.0006106 seconds
Start importing Packages/com.unity.render-pipelines.core/Tests/Editor/Utilities using Guid(fba05ad04ca734045bd6708fb9c77773) (DefaultImporter) -> (artifact id: 'c5f3e345aeeb53d52d1dd36547c72a35') in 0.0005236 seconds
Start importing Packages/com.unity.render-pipelines.core/Editor/Resources/Gizmos using Guid(fb53178749687244eaaabbe3e2e40653) (DefaultImporter) -> (artifact id: '6f0d36a3781787893ff93972b04838e1') in 0.0005128 seconds
Start importing Packages/com.unity.render-pipelines.universal/Tests/Editor/PostProcessDataTests using Guid(fb0ec4b8bb8f2d34b91204563167f685) (DefaultImporter) -> (artifact id: '9c15077bc3726049828142e4de8d25df') in 0.0005606 seconds
Start importing Packages/com.unity.test-framework/UnityEngine.TestRunner/NUnitExtensions/Attributes using Guid(0cb14878543cf3d4f8472b15f7ecf0e3) (DefaultImporter) -> (artifact id: '75903ed02331572f0967609c7b7f1e1c') in 0.0005243 seconds
Start importing Packages/com.unity.cinemachine/Editor/Samples/ExposeHDRPInternals using Guid(0c798f601e8d04973bbefdbf7bd6a371) (DefaultImporter) -> (artifact id: 'bb5c67a7966b8ddeb2e60f9bcc0a3989') in 0.0006483 seconds
Start importing Packages/com.unity.render-pipelines.core/Editor/Lighting/ProbeVolume using Guid(0c3c319c56dba374ba288aab4ee70654) (DefaultImporter) -> (artifact id: 'f925f833811df032e191cae05e436801') in 0.0005849 seconds
Start importing Packages/com.unity.inputsystem/InputSystem/Plugins/Linux using Guid(1c597fa0f94a3d54b9c0e85f56e5f821) (DefaultImporter) -> (artifact id: '2d53eac51644e1315e2c4fc2db1dc5f3') in 0.0005278 seconds
Start importing Packages/com.unity.inputsystem/InputSystem/Plugins/PlayerInput using Guid(1cccd07fcea7f491793d4e7a5adc17a2) (DefaultImporter) -> (artifact id: '6a77b4bcfd42614becfa57d256d7fd46') in 0.0005707 seconds
Start importing Packages/com.unity.render-pipelines.core/Tests/Editor/XR using Guid(6c39937ba9ca4a3d9bfd4613712ac88e) (DefaultImporter) -> (artifact id: '6a2585996ca28b7f26a362a991d8bd79') in 0.000518 seconds
Start importing Packages/com.unity.render-pipelines.core/Editor/Volume/Drawers using Guid(8c667ca46d23aa3468b6c4243b135b0d) (DefaultImporter) -> (artifact id: 'a4be2ca8b35fa5bd4af12e6409cd444f') in 0.0005163 seconds
Start importing Packages/com.unity.ai.navigation/Tests/Runtime/OffMeshLinkTests using Guid(9c10f4966eb108848acf7461aaf6057e) (DefaultImporter) -> (artifact id: '81b55707962a68253e4065dd9caf05e1') in 0.000523 seconds
Start importing Packages/com.unity.render-pipelines.core/Runtime/GPUDriven/Utilities using Guid(0d54b02a80b94d94a90b9de832436341) (DefaultImporter) -> (artifact id: 'fc86d2d2acac042d7c81cdb4c8699d88') in 0.000517 seconds
Start importing Packages/com.unity.render-pipelines.universal/Runtime/2D/Rendergraph using Guid(1db62f4f87b95214e98261b68289adba) (DefaultImporter) -> (artifact id: '1117572af99b9df751376dbfffac2c0b') in 0.0005147 seconds
Start importing Packages/com.unity.mathematics/Tests/Tests/Shared using Guid(1d6d62c94d82bf748b95682fa88ef3b9) (DefaultImporter) -> (artifact id: '5089b55838d26600dfb09310e1a12a53') in 0.0005127 seconds
Start importing Packages/com.unity.shadergraph/Editor/Drawing/Inspector using Guid(1d1f4aaa81084a13aaeb78dfaf7d35d7) (DefaultImporter) -> (artifact id: 'c924bf12263d5d6d8af9fe0a2844be00') in 0.0005654 seconds
Start importing Packages/com.unity.render-pipelines.universal/Tests/Editor/URPGlobalSettingsMigrationTests using Guid(2d428e2ad3bcf4344a7b4d4c8a2daa1a) (DefaultImporter) -> (artifact id: '18caa9641a5bcccead458723d3110f24') in 0.0006311 seconds
Start importing Packages/com.unity.ugui/Tests/Editor/TMP using Guid(3ddaad49a7bcb4087b403f2225d54840) (DefaultImporter) -> (artifact id: 'dc3536d35fb2a75d225a6a19a3e6094d') in 0.0005025 seconds
Start importing Packages/com.unity.inputsystem/InputSystem/Editor/Icons using Guid(4dc89088b67654c86810b41295276666) (DefaultImporter) -> (artifact id: 'afde898341aa5796bf4c74f6bd521417') in 0.0004884 seconds
Start importing Packages/com.unity.shadergraph/Editor/Drawing/ViewModels using Guid(4d7c3af94488c9f43bf33aa63a59b2d1) (DefaultImporter) -> (artifact id: '92d9468b9ea212b05848ba33d3248fd9') in 0.0005384 seconds
Start importing Packages/com.unity.test-framework/UnityEditor.TestRunner/TestRunner/Callbacks using Guid(5d7f0d6acfced954682a89e7002c04d9) (DefaultImporter) -> (artifact id: '0dec5c1fe4d62597a6f06205aa5984cd') in 0.0005949 seconds
Start importing Packages/com.unity.test-framework/UnityEditor.TestRunner/TestRun/Tasks using Guid(6dba53789da15814387fa5b1445e81e0) (DefaultImporter) -> (artifact id: '72f33cfefcd167ac88b3efeb6da24af6') in 0.0004994 seconds
Start importing Packages/com.unity.render-pipelines.universal/Editor/VFXGraph/Shaders using Guid(7d77ae3715c5eea4ca5de8d2fe3dfa2c) (DefaultImporter) -> (artifact id: 'caec26be157d70c8dc7d2a401e1ad1eb') in 0.0008145 seconds
Start importing Packages/com.unity.inputsystem/InputSystem/Editor/AssetImporter using Guid(9d7486ba41233414a9ed80716a544026) (DefaultImporter) -> (artifact id: '1275d9cb4dc87f0842d6a153168efa81') in 0.0006165 seconds
Start importing Packages/com.unity.render-pipelines.core/Editor/LookDev/Icons using Guid(9d38fc3327537ec418b043933457c849) (DefaultImporter) -> (artifact id: '6290cfb46e81ee43d3958ac11c04be28') in 0.0005808 seconds
Start importing Packages/com.unity.inputsystem/InputSystem/Editor/DeviceSimulator using Guid(bd293de081caa442dae1595e4c7a6773) (DefaultImporter) -> (artifact id: '821d985727ccb4a0006f1b798e08f98a') in 0.0008027 seconds
Start importing Packages/com.unity.render-pipelines.core/Tests/Runtime/Threading using Guid(cdb007ea9cfd17c49ae406263e8c346d) (DefaultImporter) -> (artifact id: 'ea60e605cd12dcb453d1399c3568fb29') in 0.0006068 seconds
Start importing Packages/com.unity.inputsystem/InputSystem/Plugins/iOS using Guid(cdf0d8abf71784dacb0470320cd8936f) (DefaultImporter) -> (artifact id: '62678bcc85f3723e7a71d36d244f53a2') in 0.0007784 seconds
Start importing Packages/com.unity.inputsystem/InputSystem/Plugins/OnScreen using Guid(0e49b0a8b53e45445979b3fa9604a35c) (DefaultImporter) -> (artifact id: '7ea8412743dcf4709bd89ebf770cfafd') in 0.0006826 seconds
Start importing Packages/com.unity.render-pipelines.universal/Editor/ShaderGraph/Templates using Guid(3efb14e4a7f35d24899cd83aa303d48b) (DefaultImporter) -> (artifact id: '9a3bc1235883858fa36c7b383bb03efd') in 0.0007853 seconds
Start importing Packages/com.unity.render-pipelines.universal/Textures/BlueNoise16/L using Guid(4eb46e164ba847b4396d73b7491c99d3) (DefaultImporter) -> (artifact id: 'd509c32da64ad88b6e8d135930b915bc') in 0.0006671 seconds
Start importing Packages/com.unity.inputsystem/InputSystem/Plugins/DualShock using Guid(6eefa91e7a89647338245ee3818141d1) (DefaultImporter) -> (artifact id: 'c18ff5c4c2c9c2feecd06007584fcf6c') in 0.0006873 seconds
Start importing Packages/com.unity.test-framework/UnityEditor.TestRunner/UnityTestProtocol/Messages using Guid(9ea154c33fd8466f973f004e5c962df7) (DefaultImporter) -> (artifact id: 'd8ce3e034bebd7e36b2b6ecc121483da') in 0.0007417 seconds
Start importing Packages/com.unity.render-pipelines.core/Editor/CommandBuffers/CommandBufferGenerator using Guid(9ee4775791ff6f8448490ba9f74d2f5b) (DefaultImporter) -> (artifact id: '06bea95265cf41ee62a05e38b8e2673a') in 0.0006641 seconds
Start importing Packages/com.unity.render-pipelines.core/Runtime/ShaderLibrary/Sampling using Guid(bea6ca7ad79287c4b8c525b8ffbd5842) (DefaultImporter) -> (artifact id: 'e754b269e6559bf77e55475f683e10e0') in 0.0006769 seconds
Start importing Packages/com.unity.test-framework/UnityEngine.TestRunner/Utils/MonoBehaviourTest using Guid(ce8da628f68c7594b8b9a597fa52db7b) (DefaultImporter) -> (artifact id: '2d38e1309f0ea79159d19d1fe0eb6c3d') in 0.0006497 seconds
Start importing Packages/com.unity.render-pipelines.universal/Runtime/VFXGraph/Utility using Guid(cebf9c6bb6e199e4db858b1ca6525e5d) (DefaultImporter) -> (artifact id: '027bfd2551e6699379ca269566d3826c') in 0.0006462 seconds
Start importing Packages/com.unity.render-pipelines.universal/Editor/Converter/Converters using Guid(de07e00acee5049188d7f5c776e98c91) (DefaultImporter) -> (artifact id: '96b604e4696e24aa08197b9a01f8d564') in 0.0006559 seconds
Start importing Packages/com.unity.render-pipelines.universal/Editor/ShaderGraph/AssetCallbacks using Guid(eea3e26ee6aecd14d8ab3f9b20ccc5d5) (DefaultImporter) -> (artifact id: '5ab38eb6565d85ecc75b6a3073258f12') in 0.0006458 seconds
Start importing Packages/com.unity.ugui/Editor/TMP/HDRP using Guid(eecc124dc0b994047aac97ccf8c8ed0a) (DefaultImporter) -> (artifact id: '5b5397f7d63b0f449a7a5706eccb0297') in 0.0006642 seconds
Start importing Packages/com.unity.render-pipelines.core/Runtime/Debugging/FrameTiming using Guid(0f240cc177d08124a9694021c19c0dc4) (DefaultImporter) -> (artifact id: '9eb3d9d6c684f05e2c563912d525a8b9') in 0.0008188 seconds
Start importing Packages/com.unity.test-framework/UnityEditor.TestRunner/TestRunner/Utils using Guid(1f5bbb88ca730434483440cbc0278ef6) (DefaultImporter) -> (artifact id: 'd5d79cd3d4288070e6bddcbfc9c58d29') in 0.0007075 seconds
Start importing Packages/com.unity.render-pipelines.universal/Editor/BuildProcessors/GraphicsSettingsStrippers using Guid(2f3616b2dfb87f24b87d934d1c8ea882) (DefaultImporter) -> (artifact id: '410263ae6aae53cbbfc8d9419325a75c') in 0.0006841 seconds
Start importing Packages/com.unity.render-pipelines.core/Runtime/Utilities/GPUPrefixSum using Guid(4fd6fd0a85444385a35a13e9adbcb49d) (DefaultImporter) -> (artifact id: '4c82f68ed4d0dd5e32108f3509262f9a') in 0.0006242 seconds
Start importing Packages/com.unity.render-pipelines.universal/Runtime/2D/Shadows using Guid(5f7294749d1800e4daee980df3e624da) (DefaultImporter) -> (artifact id: 'b29fc61f5e8fc2abaa0b6517d6bfb3e3') in 0.0005111 seconds
Start importing Packages/com.unity.shadergraph/Editor/Resources/Styles using Guid(5f393962fcae179489132b01f969bb6e) (DefaultImporter) -> (artifact id: '5899d66945d3e1d7c619847b31712057') in 0.0005157 seconds
Start importing Packages/com.unity.inputsystem/InputSystem/Controls/Processors using Guid(6fde91b0a4ee45cd86be18a8d829dc87) (DefaultImporter) -> (artifact id: '3f311468dd0b50c47976904a5af4a4b0') in 0.0005781 seconds
Start importing Packages/com.unity.shadergraph/Tests/Editor/UnitTests using Guid(7f85ac5340a5dff468e347347435cf68) (DefaultImporter) -> (artifact id: 'ebd829df3026ddbc559bdbd4d980e66d') in 0.00057 seconds
Start importing Packages/com.unity.ugui/Runtime/UGUI/EventSystem using Guid(7f27709c942d91541be1fd6aa5cb3d78) (DefaultImporter) -> (artifact id: 'f0d60c8b7f149f215e5d223617964474') in 0.0005567 seconds
Start importing Packages/com.unity.shadergraph/Editor/Drawing/Colors using Guid(9ff4538fd9b634ffd8b591bd96663d06) (DefaultImporter) -> (artifact id: '9df3cd413671764a252b29141aca6cb9') in 0.0005057 seconds
Start importing Packages/com.unity.inputsystem/InputSystem/Utilities/Observables using Guid(9f8944bd1ba848ab8f95afe7acfb4b79) (DefaultImporter) -> (artifact id: '4b45e311302f219ff3f4e6ba9c8015a5') in 0.0005706 seconds
Start importing Packages/com.unity.render-pipelines.core/Editor/Lighting/Shadow using Guid(9f9a42fd802a4b144b2d7b1a4f4a0463) (DefaultImporter) -> (artifact id: '6cb6f35e218b0425a68b89f4429d2dff') in 0.0005112 seconds
Start importing Packages/com.unity.render-pipelines.universal/Editor/2D/LightBatchingDebugger using Guid(bf4452fea996a7a468c7d5443cf2ff2e) (DefaultImporter) -> (artifact id: '2f73634d5185c547a63fa47f3b71b8f3') in 0.0005453 seconds
Start importing Packages/com.unity.render-pipelines.core/Editor/Settings/PropertyDrawers using Guid(cf844af7c1c69cd42b541bd236fe3e8c) (DefaultImporter) -> (artifact id: 'a3a9c707c35d818d350e5c6ee16680c6') in 0.0005458 seconds
Start importing Packages/com.unity.ugui/Editor/UGUI/Properties using Guid(cf97e54bcd5479a46bdbade48da047cc) (DefaultImporter) -> (artifact id: 'bcc5e4cf73302b79631566aee946fa3b') in 0.0005516 seconds
Start importing Packages/com.unity.inputsystem/InputSystem/Plugins/UnityRemote using Guid(cf0897af2cae4ebbaf8b79eaae98fb08) (DefaultImporter) -> (artifact id: 'dfd6c1a5d2929e358551e02c27b86f01') in 0.0005457 seconds
Start importing Packages/com.unity.render-pipelines.core/Runtime/GPUDriven/Components using Guid(efa82a5fd775b99479c361771fb9e6d1) (DefaultImporter) -> (artifact id: '196acaa875c3fc61e57e455359e32c15') in 0.0005357 seconds
Start importing Packages/com.unity.inputsystem/InputSystem/Plugins/EnhancedTouch using Guid(ef4b66ea93dd243a783c32ab1da39fc4) (DefaultImporter) -> (artifact id: '8c0744b36938aa8a5335b8ec17709615') in 0.0005601 seconds
Start importing Packages/com.unity.ugui/Tests/Runtime/UGUI/Image using Guid(1091bc2ad06e3234aac2b2fa2841c09d) (DefaultImporter) -> (artifact id: '94034d6d07fdc201b83d5943f5af1dca') in 0.0005961 seconds
Start importing Packages/com.unity.shadergraph/Editor/Data/Interfaces/Graph using Guid(20d63795c62940409089af61496db945) (DefaultImporter) -> (artifact id: 'b7e459f513c543a440200c40c9a0a869') in 0.0005457 seconds
Start importing Packages/com.unity.ugui/Tests/Editor/UGUI/RectMask2D using Guid(305ca32be1aa5504aa182f583895dfe4) (DefaultImporter) -> (artifact id: '5feb8431e6a2647400681c0df4eb4982') in 0.0005491 seconds
Start importing Packages/com.unity.rendering.light-transport/Runtime/Sampling/Textures/SobolBlueNoise using Guid(5055d486e2e33654a86c88d9238d3de5) (DefaultImporter) -> (artifact id: 'abbecd7810f6be3d78c44b3d30788a1e') in 0.0005553 seconds
Start importing Packages/com.unity.render-pipelines.core/Editor/Lighting/ProbeVolume/RenderingLayerMask using Guid(6043c984fc486f646b6686af5208025b) (DefaultImporter) -> (artifact id: 'dc9388f1826af9613dbc4ea94e220dea') in 0.0005522 seconds
Start importing Packages/com.unity.render-pipelines.universal/Editor/2D/ShaderGraph/AssetCallbacks using Guid(702cc9b492bf4f6da778b0f5c996b7ad) (DefaultImporter) -> (artifact id: '4db58d58660a86a23d1e027ea4c31d1e') in 0.0007059 seconds
Start importing Packages/com.unity.render-pipelines.universal/Editor/2D/ShaderGraph/Includes using Guid(b0e1457667cf4865bf50a0f8567c4d29) (DefaultImporter) -> (artifact id: 'b434d7ededfa3f369652d468342b9122') in 0.0005925 seconds
Start importing Packages/com.unity.shadergraph/Editor/Generation/Targets/Fullscreen using Guid(b08719eeefb3f464f9c08fa512667b40) (DefaultImporter) -> (artifact id: '652ca7eba1540594fbb60e74af57f149') in 0.0005673 seconds
Start importing Packages/com.unity.searcher/Editor/Resources/FlatSkin/Font using Guid(d0feff57b6f6c594f86fff295ec0fe3f) (DefaultImporter) -> (artifact id: '6c049e1145c9a0f080cdd5f6d6d4749c') in 0.0005127 seconds
Start importing Packages/com.unity.render-pipelines.core/Runtime/Debugging/Prefabs/Fonts using Guid(a11be56b627f5034bbca389c76bd3964) (DefaultImporter) -> (artifact id: '404359462f825bc72bbf4d29b080c2d1') in 0.0005445 seconds
Start importing Packages/com.unity.ugui/Tests/Editor/UGUI/InputField using Guid(c16c54fe03afb5740bcc0a2a295cb79d) (DefaultImporter) -> (artifact id: 'f2549288d5f830259850c3bed852b8b1') in 0.000573 seconds
Start importing Packages/com.unity.ai.navigation/Tests/Runtime/OffMeshLinkTests/SceneSetup using Guid(028144d6018e97b4eabdb685c9fc01a0) (DefaultImporter) -> (artifact id: 'b10002eb36438d6ff18cf1ac6cb42d5c') in 0.0005441 seconds
Start importing Packages/com.unity.render-pipelines.universal/Editor/2D/Resources/InspectorIcons using Guid(02ab4512457271c48afa84879f6d3848) (DefaultImporter) -> (artifact id: '63aa20489b34e854211cfca017e2d8fa') in 0.0005005 seconds
Start importing Packages/com.unity.ugui/Runtime/UGUI/UI/Core using Guid(12c42068351bb084abde965d725b9887) (DefaultImporter) -> (artifact id: 'cacc7f0504c10a89d30473ce3cb13775') in 0.0005013 seconds
Start importing Packages/com.unity.rendering.light-transport/Runtime/UnifiedRayTracing/Common/Utilities using Guid(32f64fed9d745e648a6d1e2ca8c73a03) (DefaultImporter) -> (artifact id: 'f3a17354668f361ca2f206aeee302d39') in 0.0005432 seconds
Start importing Packages/com.unity.render-pipelines.universal/Editor/2D/ShaderGraph/Targets using Guid(6235450d5ad64142aeb12e4f3cac5f72) (DefaultImporter) -> (artifact id: '3995a54594652c481b876e43d5b39d33') in 0.0005957 seconds
Start importing Packages/com.unity.ugui/Tests/Runtime/UGUI/Toggle using Guid(e210c8bf2e9c6514d90a1bd77586af1f) (DefaultImporter) -> (artifact id: 'dbc3a78b1232d980c5eec42316701d59') in 0.0006144 seconds
Start importing Packages/com.unity.render-pipelines.universal/Editor/2D/ShaderGraph/Nodes using Guid(f270bf32cbff4c02ae07004a815c5632) (DefaultImporter) -> (artifact id: 'cde2fd73e298a8aec7c3588d55a6726c') in 0.0006066 seconds
Start importing Packages/com.unity.render-pipelines.universal/Editor/Converter/PPv2/EffectConverters using Guid(036db18d0922d53419a5d769fe345bec) (DefaultImporter) -> (artifact id: 'c094d8ee8dd7fc8a907360b6ab915f43') in 0.0005462 seconds
Start importing Packages/com.unity.rendering.light-transport/Runtime/UnifiedRayTracing/Common/GeometryPool using Guid(23232b60bf4efdb4abc21f1228d359cc) (DefaultImporter) -> (artifact id: 'bc037a5c35e6b18d8a37de6255d76b90') in 0.0005446 seconds
Start importing Packages/com.unity.ugui/Tests/Runtime/UGUI/Button using Guid(239dd6edc8e5cd14585c03e09e86a747) (DefaultImporter) -> (artifact id: 'ac27d701a2faade0a9eb1621f0aeec9d') in 0.0005424 seconds
Start importing Packages/com.unity.ugui/Tests/Runtime/UGUI/ScrollBar using Guid(43b1467da3d29ae4597a733828cdd84a) (DefaultImporter) -> (artifact id: '9d24d5339ee40185803e2696afc4766b') in 0.0005459 seconds
Start importing Packages/com.unity.ugui/Tests/Runtime/UGUI/Graphic using Guid(8313ea704470a264295ec9e09aec6ebc) (DefaultImporter) -> (artifact id: '08e82deac7b1e19a2c784e9398edc209') in 0.0005373 seconds
Start importing Packages/com.unity.render-pipelines.core/Runtime/Debugging/Prefabs/Scripts using Guid(9383aa19796d6e84e8031655b9ac912f) (DefaultImporter) -> (artifact id: '34039360b4a452cef7ead8f56e3d0091') in 0.0005518 seconds
Start importing Packages/com.unity.ugui/Tests/Runtime/UGUI/TextEditor using Guid(93effba7cf7f3824ab0bd048a27a9c02) (DefaultImporter) -> (artifact id: '8eef0647cc6fb4855db6a46795a64f66') in 0.0005324 seconds
Start importing Packages/com.unity.ugui/Runtime/UGUI/EventSystem/EventData using Guid(b3cdabf2f1e76854d8aab5930305d70d) (DefaultImporter) -> (artifact id: '8277f8c996e87ca284549912a55a6cd9') in 0.0004956 seconds
Start importing Packages/com.unity.render-pipelines.universal/Editor/2D/ShapeEditor/Selection using Guid(e37e3e6c318ce764b916b72b7d686499) (DefaultImporter) -> (artifact id: '637ba28baf82d8c324ac38e139130700') in 0.00055 seconds
Start importing Packages/com.unity.shadergraph/Editor/Data/Nodes/Utility using Guid(f3d12703f494d7147b7874aabe94ab18) (DefaultImporter) -> (artifact id: '4a11bdc14abc2ac128a280f2a7d53412') in 0.0006615 seconds
Start importing Packages/com.unity.shadergraph/Editor/Generation/Targets/BuiltIn using Guid(24f978237d7204d78b8266e4b1fd1248) (DefaultImporter) -> (artifact id: '4afcc482731945facb7310e82c006c99') in 0.0005018 seconds
Start importing Packages/com.unity.ugui/Runtime/UGUI/UI/Animation using Guid(5472815444de2ce45bf2053a4af04b9d) (DefaultImporter) -> (artifact id: '41463e8550df76b3752941ecf4af4827') in 0.0005512 seconds
Start importing Packages/com.unity.shadergraph/Editor/Drawing/Inspector/PropertyDrawers using Guid(8488c4add4764941a2d903bf014329b9) (DefaultImporter) -> (artifact id: '161e29b17067a67d7d32c2e9e88261c4') in 0.0005374 seconds
Start importing Packages/com.unity.test-framework/UnityEditor.TestRunner/TestRun/Tasks/Player using Guid(94a6220ee1a442249702c9df66e0fe1b) (DefaultImporter) -> (artifact id: 'f827ae25f95ca0b2387aab13d0de9e87') in 0.0005867 seconds
Start importing Packages/com.unity.render-pipelines.universal/Editor/2D/ShapeEditor/Shapes using Guid(c46211b00cbdbe2498ffac5f139e2454) (DefaultImporter) -> (artifact id: '3da887630f674e46ea73e5f34a57db0c') in 0.0005561 seconds
Start importing Packages/com.unity.shadergraph/Editor/Resources/Styles/Controls using Guid(e4de09b690b402c4bab6110751305df5) (DefaultImporter) -> (artifact id: '8f05c52587442b18fd9d01ca3168c0e1') in 0.0005401 seconds
Start importing Packages/com.unity.inputsystem/InputSystem/Plugins/XR/Controls using Guid(25ea971cc17caa84a8a2fdf9917af7b4) (DefaultImporter) -> (artifact id: '550d46a4f8a6c3ccc74983dd9b1dbf29') in 0.0005402 seconds
Start importing Packages/com.unity.render-pipelines.core/Editor/Icons/MipLevels/RenderGraphViewer using Guid(5536d79734dc8e44e90ec12c771b50cc) (DefaultImporter) -> (artifact id: '8fa99d91f16349a3bb8fb8406d6d4861') in 0.0005508 seconds
Start importing Packages/com.unity.shadergraph/Editor/Data/Nodes/MeshDeformation using Guid(756acc907fa7dec429bae437fab8df69) (DefaultImporter) -> (artifact id: '2fcdeffa818a05167d31a8f5537d06e0') in 0.0005016 seconds
Start importing Packages/com.unity.inputsystem/InputSystem/Plugins/XR/Haptics using Guid(8529451a1ee99484a891bdea2f5219f3) (DefaultImporter) -> (artifact id: '550e71914a9d11dbe52a1c14492c6758') in 0.0005016 seconds
Start importing Packages/com.unity.ugui/Tests/Runtime/UGUI/Slider using Guid(850af9f3bf6d14143baf2ecfbf25db52) (DefaultImporter) -> (artifact id: '437630b46a69623334e22a1b4d23d60a') in 0.0005427 seconds
Start importing Packages/com.unity.render-pipelines.universal/Editor/2D/ShapeEditor/EditorTool using Guid(855fcc903225be64da127bc5c0479551) (DefaultImporter) -> (artifact id: 'd3de5015bb0b0dfac980aa711a5c465b') in 0.0005381 seconds
Start importing Packages/com.unity.render-pipelines.universal/Editor/2D/Resources/SceneViewIcons using Guid(e5f7648dfb00c83428a633efe7759b19) (DefaultImporter) -> (artifact id: '7ad227dc23e833fc459010f71279998b') in 0.0005464 seconds
Start importing Packages/com.unity.render-pipelines.core/Tests/Editor/ShaderStripping/Results using Guid(f5a8b36b9689f8a428381e6fd79a2278) (DefaultImporter) -> (artifact id: 'bb07269894405b815202e84dac73db1d') in 0.000508 seconds
Start importing Packages/com.unity.ugui/Runtime/UGUI/EventSystem/Raycasters using Guid(46646a5562f14984690c85ee7b946bc9) (DefaultImporter) -> (artifact id: 'e72938d8295fecfa581dc14542b5af2f') in 0.0005082 seconds
Start importing Packages/com.unity.cinemachine/Editor/EditorResources/Icons/Dark using Guid(5625c11b940d020418a59e5ad230cdb0) (DefaultImporter) -> (artifact id: 'a94d090aff17cefbbe6c6c877ab7f315') in 0.0005363 seconds
Start importing Packages/com.unity.shadergraph/Editor/Drawing/Views/Slots using Guid(56e544af973b458ea7e8051cd0848d24) (DefaultImporter) -> (artifact id: 'feb08fdcdd66d6ea49567259d202ffb3') in 0.0005379 seconds
Start importing Packages/com.unity.inputsystem/InputSystem/Editor/UITKAssetEditor/Commands using Guid(665321577aaff5344b5a12d626dfcaf7) (DefaultImporter) -> (artifact id: '5b304eab01782439182742f7695f71f1') in 0.0005327 seconds
Start importing Packages/com.unity.render-pipelines.universal/Editor/SceneTemplates/Standard/Materials using Guid(7671b37f9da45644d8d1d917a2cf29d4) (DefaultImporter) -> (artifact id: 'f898962d802215974676d69789937981') in 0.0005384 seconds
Start importing Packages/com.unity.inputsystem/InputSystem/Editor/AssetEditor/Resources using Guid(b6e438aea119e498787eb12dc4094e9c) (DefaultImporter) -> (artifact id: '24d5624ed2e966bf96fbe8e2819ca0d5') in 0.0005607 seconds
Start importing Packages/com.unity.shadergraph/Editor/Data/Nodes/Math using Guid(e63f07e66d070412bb6e9582ca1eba72) (DefaultImporter) -> (artifact id: 'abf9d15501716e51f07c1cc290ddf207') in 0.0005802 seconds
Start importing Packages/com.unity.render-pipelines.core/Runtime/Debugging/Prefabs/Resources using Guid(3774a3e29f7c59445ba79c15769126fd) (DefaultImporter) -> (artifact id: 'c67bc76dfe62718d12a9982f1ef7a7b0') in 0.0005329 seconds
Start importing Packages/com.unity.render-pipelines.universal/Editor/2D/ShapeEditor/GUIFramework using Guid(a7c7330a528534e4a947801ac7b09144) (DefaultImporter) -> (artifact id: '5d4936bc24537a8a90c8ffe85262f804') in 0.0008793 seconds
Start importing Packages/com.unity.ugui/Tests/Editor/UGUI/UI using Guid(e7689eda3a8b1a847a8b197dbe90d9a6) (DefaultImporter) -> (artifact id: '5d2bcf29f5611fa4f2365298e1243e46') in 0.0007743 seconds
Start importing Packages/com.unity.shadergraph/Editor/Data/Nodes/Procedural using Guid(e74e11761cab2b446b96ce63e2d657b3) (DefaultImporter) -> (artifact id: 'c47ca26a69d9e44ec0aac1aaea9e48d6') in 0.0009204 seconds
Start importing Packages/com.unity.render-pipelines.core/Editor/Lighting/Icons/LightUnitIcons using Guid(f7397e6cb98a9fe449a00fd3a1175bdc) (DefaultImporter) -> (artifact id: 'e09dd373379ca7f15c70f70c95437429') in 0.0007592 seconds
Start importing Packages/com.unity.ugui/Tests/Editor/UGUI/EventSystem using Guid(98d14ab1acf42df4f88a0561822ac807) (DefaultImporter) -> (artifact id: 'bcce928e3f5b35dd22455a42941bc8ae') in 0.0008371 seconds
Start importing Packages/com.unity.ugui/Tests/Editor/UGUI/Canvas using Guid(b86b117346968ac4d9cc63e4385becb7) (DefaultImporter) -> (artifact id: '62133acf800fdf2d38044a65fa104ffd') in 0.0005323 seconds
Start importing Packages/com.unity.render-pipelines.core/Editor/Lighting/ProbeVolume/DynamicGI using Guid(c83b9f91aab04264395c477f5f573380) (DefaultImporter) -> (artifact id: '66a10bba0bc17a242918cca192270f5a') in 0.0005535 seconds
Start importing Packages/com.unity.render-pipelines.universal/Runtime/2D/Passes/Utility using Guid(f895f2b1dbb2da84e82eedb22e2620f7) (DefaultImporter) -> (artifact id: '0ee1eba51737275c06afeb2c975af3bb') in 0.0005266 seconds
Start importing Packages/com.unity.cinemachine/Editor/EditorResources/Icons/Light using Guid(19acaed1f8ecfb54ab50e8d87065d38e) (DefaultImporter) -> (artifact id: 'ed02da467882ca63830baa9fb64efb3a') in 0.0005812 seconds
Start importing Packages/com.unity.test-framework/UnityEditor.TestRunner/TestRun/Tasks/Scene using Guid(692476ac695e7b74a8d9eabd48862009) (DefaultImporter) -> (artifact id: 'c93fad50921024025a405a0a862090ff') in 0.000547 seconds
Start importing Packages/com.unity.test-framework/UnityEditor.TestRunner/TestRun/Tasks/Platform using Guid(d973b7805df545bdae3986ab72a6c2e8) (DefaultImporter) -> (artifact id: '20a6de28fd8aedef407457a6ca2d05cd') in 0.0005639 seconds
Start importing Packages/com.unity.ugui/Tests/Editor/UGUI/UnityEvent using Guid(e90cc37a5ccf4a44dbecc5b7172ec512) (DefaultImporter) -> (artifact id: 'a0ce3d4c23b3d1b988cb587e10b1d85e') in 0.0005202 seconds
Start importing Packages/com.unity.shadergraph/Editor/Data/Nodes/UV using Guid(f9c248f478f706147ba7b8a660035472) (DefaultImporter) -> (artifact id: '4b698197e03f9ebb8a2ea045cda85f9d') in 0.000526 seconds
Start importing Packages/com.unity.shadergraph/Editor/Data/Nodes/Input using Guid(0ab9e53346965db4a8ee81a2b978dca5) (DefaultImporter) -> (artifact id: '1852d79028f67411c56ce0c6b0cf4af6') in 0.0005169 seconds
Start importing Packages/com.unity.render-pipelines.core/Tests/Editor/RenderPipeline/SettingsStrippingResults using Guid(1acfae9965174d74086850609850b577) (DefaultImporter) -> (artifact id: '7cbb911163c5dfda8b5311d2caa54b23') in 0.0005314 seconds
Start importing Packages/com.unity.ugui/Tests/Runtime/UGUI/InputField using Guid(2a28c2fab6b1bb745a844ef6b908e7ee) (DefaultImporter) -> (artifact id: '9dad4aba2acb736bb41bd9f498f4a598') in 0.0005314 seconds
Start importing Packages/com.unity.rendering.light-transport/Runtime/UnifiedRayTracing/Compute/RadeonRays using Guid(7ac9b9b2d31a8ad43adbf58478e79a5f) (DefaultImporter) -> (artifact id: '7e4b9f08a6a1214ce55914a4ff1de17c') in 0.0006225 seconds
Start importing Packages/com.unity.inputsystem/InputSystem/Plugins/XR/Devices using Guid(7ada2e545c685b44a8367bdab267f0dc) (DefaultImporter) -> (artifact id: '627ee3817fcb0cf0ee8de9c6e9f272ab') in 0.0005828 seconds
Start importing Packages/com.unity.ugui/Tests/Runtime/UGUI/Canvas using Guid(9a3557da07c729b4eb774b8e30e157a4) (DefaultImporter) -> (artifact id: '81331dc77753752598b07804ea4cff62') in 0.0006642 seconds
Start importing Packages/com.unity.ugui/Tests/Runtime/UGUI/Dropdown using Guid(bae197be297529d4fa735fbe7c91828d) (DefaultImporter) -> (artifact id: '2aa66bb1fd732c209bdffd9958207bc3') in 0.0006345 seconds
Start importing Packages/com.unity.shadergraph/Editor/Generation/Targets/Canvas using Guid(ba9455849cd06164791e7dde58b74d24) (DefaultImporter) -> (artifact id: 'be724e98f85efbc042ce7b5b1fc6c440') in 0.0005591 seconds
Start importing Packages/com.unity.render-pipelines.core/Runtime/PostProcessing/Shaders/ffx using Guid(badda61a05436ff46bc63d5e3182a197) (DefaultImporter) -> (artifact id: '7626eaf7046bbcbf733df6c5eadc9349') in 0.0005524 seconds
Start importing Packages/com.unity.shadergraph/Editor/Resources/UXML/Blackboard using Guid(faa5d782c77ec7b41a65542649dbcc98) (DefaultImporter) -> (artifact id: '2ad354ba296131097266772848008ca5') in 0.0006252 seconds
Start importing Packages/com.unity.render-pipelines.universal/Editor/2D/ShapeEditor/View using Guid(fab7fc33d1067804fb455e3dabe5a039) (DefaultImporter) -> (artifact id: 'bdb3dfe357001e45a2c45ba33a79111b') in 0.0005357 seconds
Start importing Packages/com.unity.ugui/Tests/Runtime/UGUI/MaskClipping using Guid(2bc8a181dfd9de24388de89bb8db7713) (DefaultImporter) -> (artifact id: '0a0c449a5ca7d42ce0c9a97eda0d4d04') in 0.0005193 seconds
Start importing Packages/com.unity.render-pipelines.core/Runtime/Debugging/Prefabs/Widgets using Guid(4b0ba40f636c768488950e485bd520cb) (DefaultImporter) -> (artifact id: '909ba5a1a3645f211f487d808cecb546') in 0.0005169 seconds
Start importing Packages/com.unity.inputsystem/InputSystem/Editor/ControlPicker/Layouts using Guid(5b630b769a2a8aa499ce2d2093f40500) (DefaultImporter) -> (artifact id: '403e46b923f168d79c0a976305679f07') in 0.0005251 seconds
Start importing Packages/com.unity.splines/Editor/Editor Resources/UI/UXML using Guid(8bbc585211e714551a4da7db7e3a6c02) (DefaultImporter) -> (artifact id: 'a9bb06d111e17abefdbfc4e8e32574ce') in 0.0005213 seconds
Start importing Packages/com.unity.ugui/Tests/Runtime/UGUI/ScrollRect using Guid(9bedab6f9886aee42b33e424bffdb640) (DefaultImporter) -> (artifact id: 'a0e08ced210bbca101c3d35c258f23e3') in 0.0005229 seconds
Start importing Packages/com.unity.ugui/Tests/Runtime/UGUI/EventSystem using Guid(ab93e1a81defc3243a6e9cd0df3cb443) (DefaultImporter) -> (artifact id: '642b7155e0374f42426082344e328a0f') in 0.0005155 seconds
Start importing Packages/com.unity.render-pipelines.core/Runtime/Debugging/Prefabs/Textures using Guid(dbf7c066574f12a439bf604f2214a450) (DefaultImporter) -> (artifact id: '70d22414b9becb1760b44adf133d75cb') in 0.0005215 seconds
Start importing Packages/com.unity.inputsystem/InputSystem/Editor/UITKAssetEditor/Resources using Guid(3c708eeb274ccca49b340e1ce52a4851) (DefaultImporter) -> (artifact id: 'ee5bbb92c1bce95b37aaeeea07c9aa13') in 0.0005205 seconds
Start importing Packages/com.unity.ugui/Tests/Editor/UGUI/Slider using Guid(4cfe5ade9a1375e40aed87618b92bd12) (DefaultImporter) -> (artifact id: '91a2980309d6499d37b364770f3dc35d') in 0.0005115 seconds
Start importing Packages/com.unity.inputsystem/InputSystem/Editor/Internal/AdvancedDropdown using Guid(5cdea6ae28e4a4b6ca0bb7506f88764c) (DefaultImporter) -> (artifact id: 'eca336dc6ca2b7d726720885b47884ac') in 0.0005457 seconds
Start importing Packages/com.unity.ugui/Editor/UGUI/UI/PropertyDrawers using Guid(bc9aa6d5a7945f34882c442e9e201537) (DefaultImporter) -> (artifact id: '270b585cc009643c70718bcb5358bab0') in 0.0005177 seconds
Start importing Packages/com.unity.ugui/Tests/Runtime/UGUI/Layout using Guid(cc313cc004395df4a9884390556690a5) (DefaultImporter) -> (artifact id: '563d44d617bb73e3ce0b9367beb9f7f6') in 0.0005135 seconds
Start importing Packages/com.unity.test-framework/UnityEditor.TestRunner/TestRun/Tasks/Events using Guid(cca5935142d6c754f9ecdce1294f7079) (DefaultImporter) -> (artifact id: '1f81049cc8c4f238fec5f2b1ea887709') in 0.0005185 seconds
Start importing Packages/com.unity.inputsystem/InputSystem/Editor/UITKAssetEditor/Views using Guid(2db76e4ad9537964994bd20263e1c379) (DefaultImporter) -> (artifact id: '55b765bc8bef98298d0dce9de6fd088a') in 0.0005375 seconds
Start importing Packages/com.unity.ugui/Tests/Runtime/UGUI/LayoutGroup using Guid(2d9b6ff056b6f484ba6500aa8e06bcf3) (DefaultImporter) -> (artifact id: '1c3147b292d515aadba03fbf6013744b') in 0.0005173 seconds
Start importing Packages/com.unity.ugui/Runtime/UGUI/EventSystem/UIElements using Guid(5dc64c943466a44498be3b620c743b45) (DefaultImporter) -> (artifact id: '96c94b86d87620112b8e860f107d8e93') in 0.000514 seconds
Start importing Packages/com.unity.shadergraph/Editor/Generation/Targets/CustomRenderTexture using Guid(6d5720fee1395a0469d470106d06823e) (DefaultImporter) -> (artifact id: '91650c26b789902fa4b53cd71c7bb238') in 0.0005616 seconds
Start importing Packages/com.unity.shadergraph/Editor/Resources/GraphView/Nodes using Guid(9d93b12df2d043f9876fa00095ab8c99) (DefaultImporter) -> (artifact id: '95a223aff6712833ee640480f5d3b61f') in 0.0005087 seconds
Start importing Packages/com.unity.shadergraph/Editor/Drawing/Inspector/TabbedView using Guid(2e38f5e180a291347b3243609946381c) (DefaultImporter) -> (artifact id: '89f392ba4d72862e53301f4acca3a0b4') in 0.000513 seconds
Start importing Packages/com.unity.shadergraph/Editor/Data/Nodes/Artistic using Guid(8ee6f8ab31f6bf349a63fdd21fc88664) (DefaultImporter) -> (artifact id: '9565e3b46b3b62f01d81901b43d31564') in 0.0007076 seconds
Start importing Packages/com.unity.ugui/Runtime/UGUI/EventSystem/InputModules using Guid(8e78f8a8575e4a04f8337a54e241cdc5) (DefaultImporter) -> (artifact id: 'cf1e069480532a8f3dc9085bfcf71e39') in 0.0005414 seconds
Start importing Packages/com.unity.shadergraph/Editor/Data/Nodes/Channel using Guid(9e3d3d0ce68bbc843b9b8734ab8d4f02) (DefaultImporter) -> (artifact id: '3ab1efd915e2c5c31ddc5d1968b799ea') in 0.0005427 seconds
Start importing Packages/com.unity.ugui/Tests/Editor/UGUI/CanvasRenderer using Guid(ae242449e9279d44789513b922d3178a) (DefaultImporter) -> (artifact id: 'ee5d432a1318ff51cc5f0f75759cfc19') in 0.0005235 seconds
Start importing Packages/com.unity.render-pipelines.universal/Editor/VFXGraph/Shaders/Templates using Guid(ce87f332afb5ca24ca5486d4bf5caa15) (DefaultImporter) -> (artifact id: '51e54a88371dcb578940ebd966e5bb94') in 0.0005204 seconds
Start importing Packages/com.unity.render-pipelines.universal/Runtime/2D/Data/Textures using Guid(fea15e5ce57d36d489e00e9111e1c9ae) (DefaultImporter) -> (artifact id: '431e04ffff941df6fdbeeedd320f5826') in 0.0005209 seconds
Start importing Packages/com.unity.render-pipelines.universal/Runtime/VFXGraph/Utility/PropertyBinders using Guid(fec7a2969fc9f3e428ddfeba3654b66a) (DefaultImporter) -> (artifact id: 'd4868ba1b9f686bf621b665469ae9e78') in 0.000525 seconds
Start importing Packages/com.unity.ugui/Tests/Editor/UGUI/Dropdown using Guid(1f71aeacc4a9f1a40b22a1a590331f6b) (DefaultImporter) -> (artifact id: 'f07cb706910528267c831c49a6968d8c') in 0.0005126 seconds
Start importing Packages/com.unity.ugui/Tests/Editor/UGUI/Text using Guid(4f9ac6e545d53f94b9f09c85b9576f36) (DefaultImporter) -> (artifact id: '5f05d186dcb1976da8af0bac527eb730') in 0.000541 seconds
Start importing Packages/com.unity.render-pipelines.universal/Editor/2D/ShapeEditor/Resources using Guid(6f54797850e5bef43a27f024efe3f96e) (DefaultImporter) -> (artifact id: 'b872343508914508e555f82ee657b554') in 0.0005747 seconds
Start importing Packages/com.unity.render-pipelines.universal/Editor/2D/Shadows/ShadowProvider using Guid(6f2ac257a477638438d93937e28e4e34) (DefaultImporter) -> (artifact id: 'd3c5fb5d6865bdadcfea1a755d5ff0c4') in 0.0005206 seconds
Start importing Packages/com.unity.render-pipelines.universal/Editor/2D/ShapeEditor/EditablePath using Guid(8f29513c816cd7d429633099737385d6) (DefaultImporter) -> (artifact id: 'beba13b34e5581b5d2d4a04f33a59519') in 0.0005478 seconds
Start importing Packages/com.unity.ugui/Tests/Runtime/UGUI/Util using Guid(af30a361ab68260438b6ec3fb7e64500) (DefaultImporter) -> (artifact id: '2b58310aa8804f03a037a2d47189a1c9') in 0.0005321 seconds
Start importing Packages/com.unity.render-pipelines.core/Editor/Lighting/ProbeVolume/VirtualOffset using Guid(dfcc0fb5ecf4d6c4e8654b6853578ceb) (DefaultImporter) -> (artifact id: '58a25bf0d7abaaca600ca22b7e784a05') in 0.0005621 seconds
Start importing Packages/com.unity.ugui/Tests/Runtime/UGUI/NestedLayout using Guid(efad3ddb7270ac241b9b1357ec5ee2f2) (DefaultImporter) -> (artifact id: '8bbb7177cd104b80d48b4cfb1dc88884') in 0.0005349 seconds
Start importing Packages/com.unity.render-pipelines.universal/Runtime/2D/Shadows/ShadowProvider using Guid(ef3fc151f42f1ee4fba8b7729b3237c7) (DefaultImporter) -> (artifact id: '6f4ef5c114a0285e3ef82338bd6e75a2') in 0.0005404 seconds
Start importing Packages/com.unity.shadergraph/Editor/Data/Nodes/Math/Range using Guid(2018cd81f24ba46748d8b85c8f289f4f) (DefaultImporter) -> (artifact id: 'a78759b7d96df7c7f1999dfc760e62a8') in 0.0005448 seconds
Start importing Packages/com.unity.shadergraph/Editor/Data/Nodes/Input/Lighting using Guid(401863ee77eb66240b3581283427644d) (DefaultImporter) -> (artifact id: '1c720fc00ae43c4cdd36e10aa13abfed') in 0.00054 seconds
Start importing Packages/com.unity.shadergraph/Editor/Data/Nodes/Artistic/Filter using Guid(e005d19f5315e44bc9f50b3f6f8e50b2) (DefaultImporter) -> (artifact id: '13bb872c9f855f18b106c8c271a071e9') in 0.0005384 seconds
Start importing Packages/com.unity.rendering.light-transport/Runtime/UnifiedRayTracing/Compute/RadeonRays/kernels using Guid(3181a19f8bf93044398dbf44afdbb548) (DefaultImporter) -> (artifact id: 'abf75188bf0628cbea677039161d4cd1') in 0.0005734 seconds
Start importing Packages/com.unity.shadergraph/Editor/Data/Nodes/Math/Basic using Guid(4120c70d7c1a34d92b74137bf0b1bc67) (DefaultImporter) -> (artifact id: '8f63f525bbee14da57c3fe28b8aaf5d2') in 0.0005619 seconds
Start importing Packages/com.unity.shadergraph/Editor/Generation/Targets/Fullscreen/Templates using Guid(c131f605e2f659045adf332f0f0f876f) (DefaultImporter) -> (artifact id: 'c6bd537e15615d92219e9edfcec10479') in 0.0005456 seconds
Start importing Packages/com.unity.shadergraph/Editor/Data/Nodes/Math/Derivative using Guid(c10838deaed74574a94a340e53c2b229) (DefaultImporter) -> (artifact id: '76dfbca5f4b1295102e8860d4ce3b35c') in 0.0005384 seconds
Start importing Packages/com.unity.shadergraph/Editor/Data/Nodes/Artistic/Utility using Guid(32bf6e8fcb46ec24a9db465ddec10a34) (DefaultImporter) -> (artifact id: '52f824a1946ce02c338e615115983dd6') in 0.0006035 seconds
Start importing Packages/com.unity.render-pipelines.universal/Editor/VFXGraph/Shaders/Templates/ParticleHexahedron using Guid(a2a46415c7cedaf418d42532b73efd24) (DefaultImporter) -> (artifact id: '6ffe3c3cbef152dc3920322660d8ad84') in 0.0007784 seconds
Start importing Packages/com.unity.render-pipelines.universal/Editor/VFXGraph/Shaders/Templates/ParticlePlanarPrimitives using Guid(93a7f042c0fafec41b13ea8cffc632c1) (DefaultImporter) -> (artifact id: '45eca41844facfde3ca5581158ddeabb') in 0.0006859 seconds
Start importing Packages/com.unity.shadergraph/Editor/Data/Nodes/Math/Vector using Guid(c3becf597e5084fe8825c0ec59a22201) (DefaultImporter) -> (artifact id: '80ed563da942273792d0385ae4f65d24') in 0.0008186 seconds
Start importing Packages/com.unity.render-pipelines.universal/Editor/VFXGraph/Shaders/Templates/ParticleMeshes using Guid(e3f2e22f0a32625498c3494d01930342) (DefaultImporter) -> (artifact id: '21deaebee743c7f3e7972f513be3ec9e') in 0.0007877 seconds
Start importing Packages/com.unity.shadergraph/Editor/Data/Nodes/Math/Wave using Guid(24b10579e42f5f845a9f2ab79f921476) (DefaultImporter) -> (artifact id: 'f342af05849653b1731c3b31565492fc') in 0.000883 seconds
Start importing Packages/com.unity.ugui/Tests/Editor/UGUI/UI/PropertyDrawers using Guid(24333a116497b144f9782b1160984b57) (DefaultImporter) -> (artifact id: '38a6a8db8e66efb4b3e00b0b49edce4d') in 0.0005355 seconds
Start importing Packages/com.unity.shadergraph/Editor/Data/Nodes/Procedural/Shape using Guid(74f319061d92c11439d4f7e87c991e89) (DefaultImporter) -> (artifact id: '81651e5ed57fa1ef44549ec5b6d9b348') in 0.0005413 seconds
Start importing Packages/com.unity.shadergraph/Editor/Data/Nodes/Input/Basic using Guid(b43ef3944c134a74995e6582de94d21b) (DefaultImporter) -> (artifact id: '2e7ad70f896015f0ebbc54702ccef8aa') in 0.0005204 seconds
Start importing Packages/com.unity.shadergraph/Editor/Data/Nodes/Math/Interpolation using Guid(458e098c89ad64ed3a48cb5f63a5a498) (DefaultImporter) -> (artifact id: '37afc1b776d82055fd36185adb5e787f') in 0.0005288 seconds
Start importing Packages/com.unity.shadergraph/Editor/Data/Nodes/Artistic/Adjustment using Guid(75cc6d701e07fe246ba5377a454f74c4) (DefaultImporter) -> (artifact id: 'd05752a8b8a3b8b17db1836cb8938290') in 0.0005276 seconds
Start importing Packages/com.unity.inputsystem/InputSystem/Editor/AssetEditor/Resources/personal using Guid(95391b99439094c00a105cd26ba61b1b) (DefaultImporter) -> (artifact id: '4035ef21cafc80447e59ea9645c8f64f') in 0.000538 seconds
Start importing Packages/com.unity.render-pipelines.universal/Runtime/2D/Shadows/ShadowProvider/Providers using Guid(b5fa04dc74317394bb31c148b76a585e) (DefaultImporter) -> (artifact id: '31ad9660de948b5217dee54e7dd69c09') in 0.0005319 seconds
Start importing Packages/com.unity.render-pipelines.universal/Editor/VFXGraph/Shaders/Templates/ParticleMeshesLit using Guid(76287eaf161827c40994b1ba2f2af31f) (DefaultImporter) -> (artifact id: '3cdfcf0d1ff747a3a6339f7fe231f9f7') in 0.0005297 seconds
Start importing Packages/com.unity.ugui/Runtime/UGUI/UI/Core/Utility using Guid(d63dd1a776d383248a21ec2a8a6e7868) (DefaultImporter) -> (artifact id: 'ddf4baa864d390cb48033641e93bc3ab') in 0.0005742 seconds
Start importing Packages/com.unity.shadergraph/Editor/Data/Nodes/Input/Texture using Guid(07cc6493671f2344089936cf4a0ab49b) (DefaultImporter) -> (artifact id: 'b1aaff6bf0c7b4527e623ced762ec3b4') in 0.0005301 seconds
Start importing Packages/com.unity.shadergraph/Editor/Data/Nodes/Input/Matrix using Guid(278936628273864438e48ff64aa20e32) (DefaultImporter) -> (artifact id: '7e3a9bc359e748153865ee597f6b5642') in 0.0006753 seconds
Start importing Packages/com.unity.ugui/Runtime/UGUI/UI/Core/Culling using Guid(27ed3e221887b3544bd9d6505d4a789f) (DefaultImporter) -> (artifact id: 'a8414d4e7a7ce3589ca9a54f2895a3ea') in 0.0005845 seconds
Start importing Packages/com.unity.shadergraph/Editor/Generation/Targets/Fullscreen/Includes using Guid(67b87f1c65c508c429e1d957b33776b3) (DefaultImporter) -> (artifact id: '282c9853b10a3b6de6a975d3736ce7c7') in 0.000563 seconds
Start importing Packages/com.unity.shadergraph/Editor/Data/Nodes/Artistic/Normal using Guid(b7f9e0995756c4a4896912f8873eb63c) (DefaultImporter) -> (artifact id: '145e8970258f8329d1b585af14843037') in 0.0005577 seconds
Start importing Packages/com.unity.render-pipelines.universal/Editor/VFXGraph/Shaders/Templates/ParticleLines using Guid(18a4907a4ab1eb24882f891e45c993db) (DefaultImporter) -> (artifact id: 'f4f72dabe03e198f65d340d9d7ae65eb') in 0.0006268 seconds
Start importing Packages/com.unity.shadergraph/Editor/Data/Nodes/Math/Trigonometry using Guid(28b2b06f6ff88404c8c0d855b9599203) (DefaultImporter) -> (artifact id: '0abd3bcb9f15948b1b5c0022a2de5644') in 0.0007371 seconds
Start importing Packages/com.unity.render-pipelines.universal/Editor/VFXGraph/Shaders/Templates/ParticlePoints using Guid(4880ad95c4d23714986fc0ae33cc43f1) (DefaultImporter) -> (artifact id: '595ec8e03d220e06a35f443c6029dbf2') in 0.000728 seconds
Start importing Packages/com.unity.render-pipelines.universal/Editor/VFXGraph/Shaders/Templates/URPDecal using Guid(e81d9b0cdeff465cb187f5a9bb544aa5) (DefaultImporter) -> (artifact id: 'fbd77c2fde097576b11f85509f984736') in 0.0005902 seconds
Start importing Packages/com.unity.ugui/Runtime/UGUI/UI/Core/SpecializedCollections using Guid(f8ed4321a98682942b9980996131cf26) (DefaultImporter) -> (artifact id: '5a5ef29bec25f7a3bf7676116a5962c1') in 0.0005639 seconds
Start importing Packages/com.unity.shadergraph/Editor/Data/Nodes/Artistic/Blend using Guid(f85e7557d4bb9874882ec3fa3044a53e) (DefaultImporter) -> (artifact id: 'c735ca91f74fe25ac7793dbc0e7d95a5') in 0.0005763 seconds
Start importing Packages/com.unity.shadergraph/Editor/Generation/Targets/Canvas/AssetCallbacks using Guid(094f15b4a6654154bb5755294694cb46) (DefaultImporter) -> (artifact id: 'fcee17633abbb28398036f8b77217ee7') in 0.0005639 seconds
Start importing Packages/com.unity.ugui/Runtime/UGUI/UI/Core/Layout using Guid(1999349e7f492c947bb6eb70f624382e) (DefaultImporter) -> (artifact id: 'a8e41ce3a6fccc9c9b78c2afb86f94a6') in 0.0005523 seconds
Start importing Packages/com.unity.shadergraph/Editor/Data/Nodes/Math/Advanced using Guid(198ec765a01574320a8199338d27d9f1) (DefaultImporter) -> (artifact id: '76c44aff4ef4d745d1f6602cc44b0ad9') in 0.0006294 seconds
Start importing Packages/com.unity.render-pipelines.universal/Editor/VFXGraph/Shaders/Templates/ParticleLinesSW using Guid(792601c2ba0e2bc41986706670f378d4) (DefaultImporter) -> (artifact id: '67abc12ad54081279dc71a4b29e78048') in 0.0006113 seconds
Start importing Packages/com.unity.ugui/Tests/Runtime/UGUI/EventSystem/InputModuleTests using Guid(7a892c920c8ad2848b469ec9579c5219) (DefaultImporter) -> (artifact id: 'ddbbd39c1ecedea9952da13283fac82b') in 0.0005515 seconds
Start importing Packages/com.unity.render-pipelines.universal/Editor/2D/ShapeEditor/Resources/Path using Guid(da71bdc9e230bce449157ba7f69277ec) (DefaultImporter) -> (artifact id: 'ff1d5380e70ef69a9210c8f86e565044') in 0.0005465 seconds
Start importing Packages/com.unity.shadergraph/Editor/Data/Nodes/Utility/Logic using Guid(1c5103f75b5ec7445bb4c7b5a36f6aec) (DefaultImporter) -> (artifact id: '2604281c525d8ba0a22ec95173a1d312') in 0.0005446 seconds
Start importing Packages/com.unity.shadergraph/Editor/Data/Nodes/Input/Gradient using Guid(6c3178830acf943f8bf39e5a651057f2) (DefaultImporter) -> (artifact id: 'db7f38216665322a8e5a5ce01306282d') in 0.0005545 seconds
Start importing Packages/com.unity.ugui/Runtime/UGUI/UI/Core/MaterialModifiers using Guid(7c6295db74da28645bf49db58b7c9c65) (DefaultImporter) -> (artifact id: 'c8309270d25389008b80d2680377db3a') in 0.000591 seconds
Start importing Packages/com.unity.shadergraph/Editor/Data/Nodes/Input/PBR using Guid(bc2d9fef9660c574dad26112f3061731) (DefaultImporter) -> (artifact id: '0ad0143f77d3be19a9418fc9daf652da') in 0.0005686 seconds
Start importing Packages/com.unity.shadergraph/Editor/Data/Nodes/Math/Round using Guid(4da29d4d0744f43f8aaa921918f1f879) (DefaultImporter) -> (artifact id: 'ec49d2869627292cf7abef91f2145a3d') in 0.000549 seconds
Start importing Packages/com.unity.shadergraph/Editor/Generation/Targets/BuiltIn/ShaderLibrary using Guid(6dc0256bde5256e40b2e4aa65249dd1e) (DefaultImporter) -> (artifact id: 'cd272e0523f9514008ec24e1344568a6') in 0.0005434 seconds
Start importing Packages/com.unity.shadergraph/Editor/Generation/Targets/Canvas/Templates using Guid(8d975524f8a3461d922a2e20170a1194) (DefaultImporter) -> (artifact id: '284d64b3671c43365ede4abfda3228c7') in 0.0005386 seconds
Start importing Packages/com.unity.shadergraph/Editor/Data/Nodes/Input/Scene using Guid(ad6f48f5ba4c9a24ab7b9df345b45d6f) (DefaultImporter) -> (artifact id: '2002863ea7a821d4ec3c2cead5cbe834') in 0.0005778 seconds
Start importing Packages/com.unity.shadergraph/Editor/Data/Nodes/Artistic/Mask using Guid(cdb8c403de0823942a95a464c32ad0f0) (DefaultImporter) -> (artifact id: '315ff0612b1fcc3d7617d24867761135') in 0.0005335 seconds
Start importing Packages/com.unity.render-pipelines.universal/Editor/VFXGraph/Shaders/Templates/ParticlePlanarPrimitivesLit using Guid(2eda2aff451e93441b6b576a8db601a3) (DefaultImporter) -> (artifact id: '8c5a94ccae47a2769f52325f4dd4086d') in 0.0005394 seconds
Start importing Packages/com.unity.shadergraph/Editor/Data/Nodes/Input/Geometry using Guid(5e9138df313dc9e4fa20f92625c26b59) (DefaultImporter) -> (artifact id: 'fb14554f246e639541860d6edef39879') in 0.0006301 seconds
Start importing Packages/com.unity.inputsystem/InputSystem/Editor/AssetEditor/Resources/pro using Guid(be2b3c041afc2477ea1f172b6d14c3dc) (DefaultImporter) -> (artifact id: '08b4bf9d1d01c804d61635e1b758a23f') in 0.0005965 seconds
Start importing Packages/com.unity.shadergraph/Editor/Data/Nodes/Procedural/Noise using Guid(3f074934a38b41c4ea34460933733201) (DefaultImporter) -> (artifact id: 'cf3de78c3d907c4626cda83f799a6190') in 0.000678 seconds
Start importing Packages/com.unity.shadergraph/Editor/Generation/Targets/BuiltIn/Editor using Guid(5f2f816913824e14396c945dc22a5ad1) (DefaultImporter) -> (artifact id: 'dc0f5c7974476b20e6ac5231b773902c') in 0.0005485 seconds
Start importing Packages/com.unity.shadergraph/Editor/Data/Nodes/Math/Matrix using Guid(bfc8dbcaa9711c945b8fd983b819335d) (DefaultImporter) -> (artifact id: 'cbb6f8c8febc26e0639d38e14c5d4dc1') in 0.0005513 seconds
Start importing Packages/com.unity.ugui/Runtime/UGUI/UI/Core/VertexModifiers using Guid(cfa73a847eeff06448bb50a8ac6a94e0) (DefaultImporter) -> (artifact id: '4854c52cecabffb60fdd5ed9e9763c1c') in 0.0005514 seconds
Start importing Packages/com.unity.shadergraph/Editor/Generation/Targets/BuiltIn/Editor/ShaderGUI using Guid(045465d8500b94f469580f232db2929f) (DefaultImporter) -> (artifact id: 'fce3883aa16464bcd42ead6194acb245') in 0.0005518 seconds
Start importing Packages/com.unity.shadergraph/Editor/Generation/Targets/BuiltIn/ShaderLibrary/Shim using Guid(78c9ad9712dcd8a4d9ed0770a8fe6cc7) (DefaultImporter) -> (artifact id: 'c253dcc663c9d3d7c13514a1ecd4f5ad') in 0.0005498 seconds
Start importing Packages/com.unity.shadergraph/Editor/Generation/Targets/BuiltIn/Editor/ShaderGraph using Guid(aa741e0e92d3608409867b98aabf2070) (DefaultImporter) -> (artifact id: 'cf681a801cd417be53829fff9652fa69') in 0.0005946 seconds
Start importing Packages/com.unity.shadergraph/Editor/Generation/Targets/BuiltIn/Editor/AssetPostProcessors using Guid(ff73c880c054e8c40b71704dbc0c1beb) (DefaultImporter) -> (artifact id: '2214c13c79dcf19c55c6de22528faf84') in 0.0005497 seconds
Start importing Packages/com.unity.shadergraph/Editor/Generation/Targets/BuiltIn/Editor/ShaderGraph/Templates using Guid(e9e01eb1ed43ca346a8389fc15adb62d) (DefaultImporter) -> (artifact id: 'b485424ba8d48630e34ecf0c9d4a9e78') in 0.0005422 seconds
Start importing Packages/com.unity.shadergraph/Editor/Generation/Targets/BuiltIn/Editor/ShaderGraph/Includes using Guid(0b48c6912333f1a4fa13346aaf390d56) (DefaultImporter) -> (artifact id: 'ea729a8a9a3284a28a5d027a307ef371') in 0.0005852 seconds
Start importing Packages/com.unity.shadergraph/Editor/Generation/Targets/BuiltIn/Editor/ShaderGraph/Targets using Guid(6d8d9b2bfb6f27b478e969b90661882b) (DefaultImporter) -> (artifact id: '19a08b79413cd741d8d82fcac9152c80') in 0.0005434 seconds
Start importing Packages/com.unity.shadergraph/Editor/Generation/Targets/BuiltIn/Editor/ShaderGraph/AssetCallbacks using Guid(cebe13fbe292c6648ae282c4ce3908e8) (DefaultImporter) -> (artifact id: '535c073f6df816f96d32bed8551517ea') in 0.0005761 seconds
Start importing Packages/com.unity.test-framework/Tests/TestNewCustomAssembly/TestNewCustomAssembly.asmdef using Guid(005d90528beb64e71b011a6207806ed5) (AssemblyDefinitionImporter) -> (artifact id: 'fdab9d5d4dfc6a2d471dd347f8a4173e') in 0.0025163 seconds
Start importing Packages/com.unity.ai.navigation/Tests/VerifyEditorInPlaymode/Unity.AI.Navigation.Tests.EditorInPlaymode.asmdef using Guid(100055fbb0e2acd4a835038b0f7cd2f5) (AssemblyDefinitionImporter) -> (artifact id: 'bc800d037327f3aa3de25299032a48e7') in 0.0020587 seconds
Start importing Packages/com.unity.ugui/Runtime/TMP/Unity.TextMeshPro.asmdef using Guid(6055be8ebefd69e48b49212b09b47b2f) (AssemblyDefinitionImporter) -> (artifact id: '4e96139a71d8eeea7a2262da3fc03891') in 0.0023111 seconds
Start importing Packages/com.unity.mathematics/Tests/Unity.Mathematics.Tests.asmdef using Guid(904d80dccad704a3f95e42bd0ad5d960) (AssemblyDefinitionImporter) -> (artifact id: '83da058a45d0931d86d85312db6af234') in 0.0032646 seconds
Start importing Packages/com.unity.test-framework.performance/Runtime/Unity.PerformanceTesting.asmdef using Guid(c0dd0d10738d4ad4a9de57c559d0ca1b) (AssemblyDefinitionImporter) -> (artifact id: '4e47086f024b9314ad13329cb0fdef7a') in 0.0033995 seconds
Start importing Packages/com.unity.collections/Unity.Collections/Unity.Collections.asmdef using Guid(e0cd26848372d4e5c891c569017e11f1) (AssemblyDefinitionImporter) -> (artifact id: '7f0a8b2f27dfe32928c382e08c6aaf28') in 0.0025582 seconds
Start importing Packages/com.unity.splines/Runtime/Unity.Splines.asmdef using Guid(21d1eb854b91ade49bc69a263d12bee2) (AssemblyDefinitionImporter) -> (artifact id: '7b0ed842ad21719ad85ebce862d028c4') in 0.0023282 seconds
Start importing Packages/com.unity.rendering.light-transport/Runtime/Unity.Rendering.LightTransport.Runtime.asmdef using Guid(214c0945bb158c940aada223f3223ee8) (AssemblyDefinitionImporter) -> (artifact id: '7ee3e73276691e82b63869b70d7a76f6') in 0.0022566 seconds
Start importing Packages/com.unity.render-pipelines.universal/Runtime/2D/Unity.RenderPipelines.Universal.2D.Runtime.asmdef using Guid(516a5277b8c3b4f4c8cc86b77b1591ff) (AssemblyDefinitionImporter) -> (artifact id: 'eb008601e4c0539aa50c72ec8a98fa40') in 0.0028908 seconds
Start importing Packages/com.unity.render-pipelines.universal-config/Tests/Editor/Unity.RenderPipelines.Universal.Config.Editor.Tests.asmdef using Guid(71747feda1cfa634686086b1914eacb6) (AssemblyDefinitionImporter) -> (artifact id: '4f6dae6761868279602fcf93e18986ae') in 0.0027931 seconds
Start importing Packages/com.unity.collections/DocCodeSamples.Tests/DocCodeSamples.Tests.asmdef using Guid(d1fecb7e41996c7468b18df518b721d9) (AssemblyDefinitionImporter) -> (artifact id: '1a8619bbc01a5900ee57a31b93035af9') in 0.0024137 seconds
Start importing Packages/com.unity.mathematics/Unity.Mathematics.Editor/Unity.Mathematics.Editor.asmdef using Guid(329b4ccd385744985bf3f83cfd77dfe7) (AssemblyDefinitionImporter) -> (artifact id: '1973905c62ef572f27533f2f433032d1') in 0.0025017 seconds
Start importing Packages/com.unity.cinemachine/Runtime/Unity.Cinemachine.asmdef using Guid(4307f53044263cf4b835bd812fc161a4) (AssemblyDefinitionImporter) -> (artifact id: '931d06a2f8bf1dd7fd01d49f5e571614') in 0.0022932 seconds
Start importing Packages/com.unity.searcher/Tests/Editor/Unity.Searcher.EditorTests.asmdef using Guid(432b70115e987f44abb984cfe7de384f) (AssemblyDefinitionImporter) -> (artifact id: '89ea5603e896e4c9d6b3f507d0b1a9b6') in 0.0025191 seconds
Start importing Packages/com.unity.ugui/Editor/UGUI/UnityEditor.UI.asmdef using Guid(343deaaf83e0cee4ca978e7df0b80d21) (AssemblyDefinitionImporter) -> (artifact id: '2c8983ec2b8c747ca5d46e4cfaa1fb19') in 0.0024108 seconds
Start importing Packages/com.unity.collections/Unity.Collections.PerformanceTests/Unity.Collections.PerformanceTests.asmdef using Guid(64222b0d0713a412f92762e2fccd795a) (AssemblyDefinitionImporter) -> (artifact id: '85687e5429e2e22bffc7a464564f3a88') in 0.0023026 seconds
Start importing Packages/com.unity.render-pipelines.universal/Shaders/Unity.RenderPipelines.Universal.Shaders.asmdef using Guid(b4517ec124862cb4bb3b8b27d72843a6) (AssemblyDefinitionImporter) -> (artifact id: '6191385f0a4f4b3ad31e465dafc68221') in 0.0022923 seconds
Start importing Packages/com.unity.splines/Editor/Unity.Splines.Editor.asmdef using Guid(e43142fc3fec6554980dde6126631f1d) (AssemblyDefinitionImporter) -> (artifact id: '33fd6b0bbf27b40970b58dea7c0f0766') in 0.0025504 seconds
Start importing Packages/com.unity.render-pipelines.universal/Runtime/Unity.RenderPipelines.Universal.Runtime.asmdef using Guid(15fc0a57446b3144c949da3e2b9737a9) (AssemblyDefinitionImporter) -> (artifact id: '7cfd77e290889dcb5e76695cd4e7707d') in 0.0025831 seconds
Start importing Packages/com.unity.ai.navigation/Tests/Runtime/Unity.AI.Navigation.Tests.asmdef using Guid(455cd750f394b1c41b963b3335eae29c) (AssemblyDefinitionImporter) -> (artifact id: 'becc6752e4efb4a6d377a376faf9cff7') in 0.0030431 seconds
Start importing Packages/com.unity.ugui/Editor/TMP/Unity.TextMeshPro.Editor.asmdef using Guid(6546d7765b4165b40850b3667f981c26) (AssemblyDefinitionImporter) -> (artifact id: '1f9e68e65a89d864e608d8f22b5bd4c4') in 0.0029887 seconds
Start importing Packages/com.unity.ugui/Tests/Editor/TMP/Unity.TextMeshPro.Editor.Tests.asmdef using Guid(656e461844099ae43a609ff6109b0877) (AssemblyDefinitionImporter) -> (artifact id: '30072da98643a3dd2fb6cd04c1e7f82b') in 0.0027862 seconds
Start importing Packages/com.unity.inputsystem/InputSystem/Unity.InputSystem.asmdef using Guid(75469ad4d38634e559750d17036d5f7c) (AssemblyDefinitionImporter) -> (artifact id: '1f0f5f44f467f2c91b43eaa077a8c343') in 0.0025681 seconds
Start importing Packages/com.unity.ai.navigation/Editor/ConversionSystem/Unity.AI.Navigation.Editor.ConversionSystem.asmdef using Guid(c57630adab7a340ec94f10e4fcac12f1) (AssemblyDefinitionImporter) -> (artifact id: 'e598b58b76186828c99f16f776b7fbb5') in 0.0026106 seconds
Start importing Packages/com.unity.render-pipelines.universal/Editor/Unity.RenderPipelines.Universal.Editor.asmdef using Guid(c579267770062bf448e75eb160330b7f) (AssemblyDefinitionImporter) -> (artifact id: '40ab1d776ce8d04af32323278a1c07b9') in 0.0025999 seconds
Start importing Packages/com.unity.rendering.light-transport/Tests/Editor/Unity.Rendering.LightTransport.Editor.Tests.asmdef using Guid(e5e50a3b09629a04481c55f78926a9cb) (AssemblyDefinitionImporter) -> (artifact id: '5a4726a813c01997af873da6aa4d343d') in 0.0031343 seconds
Start importing Packages/com.unity.ai.navigation/Editor/Updater/Unity.AI.Navigation.Updater.asmdef using Guid(1664e92176d434ccd902c1705fefe682) (AssemblyDefinitionImporter) -> (artifact id: '8c8fe093821397de6eabebbbee056d8c') in 0.0025826 seconds
Start importing Packages/com.unity.burst/Runtime/Unity.Burst.asmdef using Guid(2665a8d13d1b3f18800f46e256720795) (AssemblyDefinitionImporter) -> (artifact id: '85eefb398227b4dd1c2deef7bd0db3fa') in 0.0026374 seconds
Start importing Packages/com.unity.render-pipelines.universal/Tests/Editor/Unity.RenderPipelines.Universal.Editor.Tests.asmdef using Guid(36d514892e55d4340b470c29fcab8b44) (AssemblyDefinitionImporter) -> (artifact id: 'a5034f13bd06e2fb55eeee0c341de579') in 0.0031279 seconds
Start importing Packages/com.unity.render-pipelines.core/ShaderLibrary/Unity.RenderPipelines.Core.ShaderLibrary.asmdef using Guid(46a67ded66a63de48b9329c593fc08de) (AssemblyDefinitionImporter) -> (artifact id: '88c81854edd64281b7f0d7178ab1a6ed') in 0.00261 seconds
Start importing Packages/com.unity.ai.navigation/Editor/Unity.AI.Navigation.Editor.asmdef using Guid(86c9d8e67265f41469be06142c397d17) (AssemblyDefinitionImporter) -> (artifact id: '546c987ea52dbb85d61b6633478d9319') in 0.0024554 seconds
Start importing Packages/com.unity.render-pipelines.universal-config/Runtime/Unity.RenderPipelines.Universal.Config.Runtime.asmdef using Guid(86bc95e6fdb13ff43aa04316542905ae) (AssemblyDefinitionImporter) -> (artifact id: '9cef1563a20fdccfdcaa571ada2132b3') in 0.0026695 seconds
Start importing Packages/com.unity.collections/Unity.Collections.Editor/Unity.Collections.Editor.asmdef using Guid(c668b7a00ffe56a498ddb1fc9f96f4e6) (AssemblyDefinitionImporter) -> (artifact id: '6bc15c8fa61aa95b440c3e8be43f6378') in 0.002614 seconds
Start importing Packages/com.unity.test-framework/UnityEngine.TestRunner/UnityEngine.TestRunner.asmdef using Guid(27619889b8ba8c24980f49ee34dbb44a) (AssemblyDefinitionImporter) -> (artifact id: '4e99211f6fa79279dcc82bfb5cb90702') in 0.0025766 seconds
Start importing Packages/com.unity.burst/Editor/Unity.Burst.Editor.asmdef using Guid(b75d3cd3037d383a8d1e2f9a26d73d8a) (AssemblyDefinitionImporter) -> (artifact id: 'e46244b77da178d6ef504f177967ff9d') in 0.0024505 seconds
Start importing Packages/com.unity.rendering.light-transport/Editor/Unity.Rendering.LightTransport.Editor.asmdef using Guid(085cb502223da8f46931abfa47535112) (AssemblyDefinitionImporter) -> (artifact id: '6e72a2d9ee8cd6645dae229d9fbad4c6') in 0.0026052 seconds
Start importing Packages/com.unity.ai.navigation/Tests/Runtime/OffMeshLinkTests/Unity.AI.Navigation.LegacyOffMeshLink.Tests.asmdef using Guid(68d7ff144262c9148888e665efa8692c) (AssemblyDefinitionImporter) -> (artifact id: 'd416964d2251ac6e914c20515dcb0f1d') in 0.0028923 seconds
Start importing Packages/com.unity.settings-manager/Tests/Editor/Unity.Settings.Editor.Tests.asmdef using Guid(b8c9b6a82a342504c8e4a2747471d23c) (AssemblyDefinitionImporter) -> (artifact id: 'bbb27501e7a2899a2abdddb263b015f5') in 0.0025837 seconds
Start importing Packages/com.unity.mathematics/Unity.Mathematics/Unity.Mathematics.asmdef using Guid(d8b63aba1907145bea998dd612889d6b) (AssemblyDefinitionImporter) -> (artifact id: '6e50b0b6076b0521e9640933c3861a6b') in 0.0025897 seconds
Start importing Packages/com.unity.inputsystem/InputSystem/Plugins/InputForUI/InputSystemForUI.asmdef using Guid(09dcc9c0126b6b34ab2a877b8f2277f5) (AssemblyDefinitionImporter) -> (artifact id: '909e8380d27ebb14864db4f1d55d8eb9') in 0.0025096 seconds
Start importing Packages/com.unity.settings-manager/Editor/Unity.Settings.Editor.asmdef using Guid(49818357e697641afb75d2f8acaf1861) (AssemblyDefinitionImporter) -> (artifact id: 'cd14d591e73533bf4bff7c159d514bb9') in 0.0025213 seconds
Start importing Packages/com.unity.searcher/Editor/Unity.Searcher.Editor.asmdef using Guid(4988cf9794f41d64c884876ab6574b89) (AssemblyDefinitionImporter) -> (artifact id: 'bb8f3049b4230649a4aedd823dcc1d23') in 0.003036 seconds
Start importing Packages/com.unity.render-pipelines.core/Runtime-PrivateShared/Unity.RenderPipelines.Core.Runtime.Shared.asmdef using Guid(69257879134bba646869b21467b3338d) (AssemblyDefinitionImporter) -> (artifact id: '480ce6acd9d8c4d20976659955f4308e') in 0.0027594 seconds
Start importing Packages/com.unity.ai.navigation/Tests/Editor/Unity.AI.Navigation.Editor.Tests.asmdef using Guid(794824b4a8f003f47a92875e8342f790) (AssemblyDefinitionImporter) -> (artifact id: 'f276d5f01ad4e3459993aefb76744551') in 0.0027052 seconds
Start importing Packages/com.unity.ugui/Tests/Runtime/UGUI/UnityEngine.UI.Tests.asmdef using Guid(e9745f6a32442194c8dc5a43e9ab86f9) (AssemblyDefinitionImporter) -> (artifact id: '671361ac3978847d29e63ee1cf5da131') in 0.0024802 seconds
Start importing Packages/com.unity.test-framework/UnityEditor.TestRunner/UnityEditor.TestRunner.asmdef using Guid(0acc523941302664db1f4e527237feb3) (AssemblyDefinitionImporter) -> (artifact id: 'a37885b78cc3bc346b8ba1ba7dd76b0c') in 0.0027516 seconds
Start importing Packages/com.unity.render-pipelines.core/Editor-PrivateShared/Unity.RenderPipelines.Core.Editor.Shared.asmdef using Guid(2a69708d171a17043a9d0ad45f205cfe) (AssemblyDefinitionImporter) -> (artifact id: '513d6407ee23ffbf8f638a98caffad35') in 0.002868 seconds
Start importing Packages/com.unity.inputsystem/Tests/IntegrationTests/Unity.InputSystem.IntegrationTests.asmdef using Guid(3ae5734e49d646442ad24f37762ebdd2) (AssemblyDefinitionImporter) -> (artifact id: '9abaaed583597bdbc9fadb4bc1dd80ee') in 0.0025945 seconds
Start importing Packages/com.unity.nuget.mono-cecil/Tests/Editor/Unity.Nuget.Mono-Cecil.EditorTests.asmdef using Guid(aaf6804a66b394e9b8c133f80fc0c3e3) (AssemblyDefinitionImporter) -> (artifact id: '0f01c5a4b52c59237af3c894031193e7') in 0.0024902 seconds
Start importing Packages/com.unity.cinemachine/Editor/Unity.Cinemachine.Editor.asmdef using Guid(ba8c092d026123a418fb4bfb797a7bd8) (AssemblyDefinitionImporter) -> (artifact id: 'e4c02fb5e79d330e0474bfb35a551c1d') in 0.0025076 seconds
Start importing Packages/com.unity.ugui/Runtime/UGUI/UnityEngine.UI.asmdef using Guid(2bafac87e7f4b9b418d9448d219b01ab) (AssemblyDefinitionImporter) -> (artifact id: 'ae336cb81789e16129f7ac7efd5e66ac') in 0.0029973 seconds
Start importing Packages/com.unity.collections/Unity.Collections.CodeGen/Unity.Collections.CodeGen.asmdef using Guid(8baa6eabecd47164e94a1eb92b18f394) (AssemblyDefinitionImporter) -> (artifact id: '846177d53e146c4c5e8e8f20dc245d31') in 0.0033407 seconds
Start importing Packages/com.unity.render-pipelines.universal/ShaderLibrary/Unity.RenderPipelines.Universal.ShaderLibrary.asmdef using Guid(ab67fb10353d84448ac887a7367cbda8) (AssemblyDefinitionImporter) -> (artifact id: 'e05756c6f8927df7f54671b595111c66') in 0.0027804 seconds
Start importing Packages/com.unity.ugui/Tests/Runtime/TMP/Unity.TextMeshPro.Tests.asmdef using Guid(bb05cab7d802aa5468f8f2f86840d984) (AssemblyDefinitionImporter) -> (artifact id: '89d48fa439e205f5072672939dd03b3e') in 0.0027607 seconds
Start importing Packages/com.unity.collections/Unity.Collections.Tests/Unity.Collections.Tests.asmdef using Guid(ebbea1c70c20149eea64c53647a70872) (AssemblyDefinitionImporter) -> (artifact id: '3baf4d90a5e8be9292666bcf4bb210a8') in 0.0024486 seconds
Start importing Packages/com.unity.ugui/Tests/Editor/UGUI/UnityEditor.UI.EditorTests.asmdef using Guid(7c04f0dfa9243c04681a55d90d3ff3fc) (AssemblyDefinitionImporter) -> (artifact id: 'b0030b2b8f67d12eacbc22c1af1fbac4') in 0.0023855 seconds
Start importing Packages/com.unity.ai.navigation/Runtime/Unity.AI.Navigation.asmdef using Guid(8c4dd21966739024fbd72155091d199e) (AssemblyDefinitionImporter) -> (artifact id: 'cc5cca0622230da4c134ad5ba351c1cf') in 0.0027101 seconds
Start importing Packages/com.unity.burst/Unity.Burst.CodeGen/Unity.Burst.CodeGen.asmdef using Guid(9c6dda6c7922c624cb7ea9a7f1c7d54a) (AssemblyDefinitionImporter) -> (artifact id: 'eb3bc11260a8fcd65d70d890e37dcb3e') in 0.0029617 seconds
Start importing Packages/com.unity.render-pipelines.universal/Tests/Runtime/Unity.RenderPipelines.Universal.Runtime.Tests.asmdef using Guid(bc3b0daec27db604caf7fec37e54bf6d) (AssemblyDefinitionImporter) -> (artifact id: '0778baf5868c49160ba35ba5b4116a93') in 0.0024311 seconds
Start importing Packages/com.unity.inputsystem/Tests/TestFixture/Unity.InputSystem.TestFramework.asmdef using Guid(dc04f38471c3a459fb4d31124ee9127d) (AssemblyDefinitionImporter) -> (artifact id: 'f7b9ae147baf20ba48e98b1980f6cc2c') in 0.0025591 seconds
Start importing Packages/com.unity.shadergraph/Editor/Utilities/Unity.ShaderGraph.Utilities.asmdef using Guid(ade7125e800904674ba0c115208f7ed5) (AssemblyDefinitionImporter) -> (artifact id: '7d7897f0088946ca627ada83f581e955') in 0.0026432 seconds
Start importing Packages/com.unity.render-pipelines.core/Editor/Unity.RenderPipelines.Core.Editor.asmdef using Guid(3eae0364be2026648bf74846acb8a731) (AssemblyDefinitionImporter) -> (artifact id: '292149eedf6619fa585bc1918e8922cc') in 0.0026968 seconds
Start importing Packages/com.unity.collections/Unity.Collections.Tests.Playmode/Unity.Collections.Tests.Playmode.asmdef using Guid(5e96082520aa86a458e400b89afe93a4) (AssemblyDefinitionImporter) -> (artifact id: '65c569c38afdbfab5216345d05358d3d') in 0.0027245 seconds
Start importing Packages/com.unity.render-pipelines.core/Tests/Editor/Unity.RenderPipelines.Core.Editor.Tests.asmdef using Guid(6e5480588ffa37d4f82fe96c45e8ce9c) (AssemblyDefinitionImporter) -> (artifact id: '2d5c869e2dd027ccd2a7e1074912959e') in 0.002504 seconds
Start importing Packages/com.unity.shadergraph/Editor/Unity.ShaderGraph.Editor.asmdef using Guid(be0903cd8e1546f498710afdc59db5eb) (AssemblyDefinitionImporter) -> (artifact id: '2d8aef6ecc2897bc9629facf58400a6a') in 0.002469 seconds
Start importing Packages/com.unity.shadergraph/ShaderGraphLibrary/Unity.RenderPipelines.ShaderGraph.ShaderGraphLibrary.asmdef using Guid(de1079f91ae5b43499b7c7e4f1269884) (AssemblyDefinitionImporter) -> (artifact id: '82c53abbd4abeb18666172127bbe11c8') in 0.0023562 seconds
Start importing Packages/com.unity.render-pipelines.universal/Editor/Converter/PPv2/PPv2ToURPConvertersDefinition.asmdef using Guid(3fa284cf2189b184e8d506b83da68377) (AssemblyDefinitionImporter) -> (artifact id: '33775e319c60b03ff66fb8982273c15f') in 0.0021443 seconds
Start importing Packages/com.unity.render-pipelines.core/Runtime/GPUDriven/Unity.RenderPipelines.GPUDriven.Runtime.asmdef using Guid(4fd6538c1c56b409fb53fdf0183170ec) (AssemblyDefinitionImporter) -> (artifact id: 'b7f5da54d8e616155ed00ede38c3a237') in 0.0023635 seconds
Start importing Packages/com.unity.collections/Unity.Collections.BurstCompatibilityGen/Unity.Collections.BurstCompatibilityGen.asmdef using Guid(4f5c0c83dfd6a0743834baba2b4de79e) (AssemblyDefinitionImporter) -> (artifact id: '505feba69963f786b63bdb543f411c0d') in 0.0026895 seconds
Start importing Packages/com.unity.test-framework.performance/Editor/Unity.PerformanceTesting.Editor.asmdef using Guid(9f843d4b38153f04b9cee0502d568525) (AssemblyDefinitionImporter) -> (artifact id: '556673bd51d2c92a239d16273424bca9') in 0.0030124 seconds
Start importing Packages/com.unity.render-pipelines.core/Tests/Runtime/Unity.RenderPipelines.Core.Runtime.Tests.asmdef using Guid(bf043f86dbf1bda4398ec83eebe40b8c) (AssemblyDefinitionImporter) -> (artifact id: '1ab1ec1a13e5ce85bba7a7aa360e016c') in 0.0032378 seconds
Start importing Packages/com.unity.shadergraph/Tests/Editor/Unity.ShaderGraph.Editor.Tests.asmdef using Guid(bf9b048907d0a604eab6a5552630c26d) (AssemblyDefinitionImporter) -> (artifact id: '3ecebf84478400b3eadd02de68a58724') in 0.0025263 seconds
Start importing Packages/com.unity.render-pipelines.core/Runtime/Unity.RenderPipelines.Core.Runtime.asmdef using Guid(df380645f10b7bc4b97d4f5eb6303d95) (AssemblyDefinitionImporter) -> (artifact id: '96ecb73c5482e27488de057593aa61e2') in 0.0024779 seconds
Start importing Packages/com.unity.collections/Unity.Collections.PerformanceTests.Internal/Unity.Collections.PerformanceTests.Internal.asmref using Guid(e064d25778ff3b249a575bb25f2eaf3e) (AssemblyDefinitionReferenceImporter) -> (artifact id: 'e570bbcc5979b1f9c0df80f9aef6e44f') in 0.002674 seconds
Start importing Packages/com.unity.cinemachine/Editor/Samples/ExposeHDRPInternals/HDRP-Editor-ref.asmref using Guid(81deefe0c82a24b92a1d585c998fe456) (AssemblyDefinitionReferenceImporter) -> (artifact id: '48fa8e0a35cd348a95f39fcfa497cd88') in 0.00269 seconds
Start importing Packages/com.unity.burst/Runtime/Editor/Unity.Burst.ForEditor.asmref using Guid(268a64be2367b3248a24f317d458861a) (AssemblyDefinitionReferenceImporter) -> (artifact id: '591b7b5414723d61248373c21d2cf837') in 0.0022357 seconds
Start importing Packages/com.unity.modules.ui/package.ModuleCompilationTrigger using Guid(51fa60bb2bd1e5bc74e8cc95a7bfd5b7) (DefaultImporter) -> (artifact id: '237e32f9541121b786ca4b06eace0dfe') in 0.0275271 seconds
Start importing Packages/com.unity.modules.hierarchycore/package.ModuleCompilationTrigger using Guid(d104359075a97392b803d3d5aebc77f7) (DefaultImporter) -> (artifact id: '5f087c93c58d9b1c35f89c539ed3a98d') in 0.0006482 seconds
Start importing Packages/com.unity.modules.ai/package.ModuleCompilationTrigger using Guid(e2d09a26ce46dc617b54e49a534ace20) (DefaultImporter) -> (artifact id: 'a71f1fd08e4e9bf1ecd2d64209645034') in 0.0004931 seconds
Start importing Packages/com.unity.modules.terrain/package.ModuleCompilationTrigger using Guid(23032f4383e95e772bce465c5896d0fd) (DefaultImporter) -> (artifact id: '491a7f75d3e9187fba07a3d515b1da29') in 0.0004875 seconds
Start importing Packages/com.unity.modules.jsonserialize/package.ModuleCompilationTrigger using Guid(e6a135e3ea9cb46795d1b0e05ac3e1e5) (DefaultImporter) -> (artifact id: '8d26f1c211bce77f7cf17eccccd57b0d') in 0.000481 seconds
Start importing Packages/com.unity.modules.uielements/package.ModuleCompilationTrigger using Guid(8a752aaaadd2410dd9a84e01c1bace9f) (DefaultImporter) -> (artifact id: 'ae37e7f0f1483578fc0d8d28fd17e0e2') in 0.0004865 seconds
Start importing Packages/com.unity.modules.physics/package.ModuleCompilationTrigger using Guid(5c1ee4056d0ac7ad3c5a16597fcaa38a) (DefaultImporter) -> (artifact id: '288b7a03d6481d4e92cee0ae908758ad') in 0.0004662 seconds
Start importing Packages/com.unity.modules.imgui/package.ModuleCompilationTrigger using Guid(be13c398521e3c1ad21fb9da30ab2ab6) (DefaultImporter) -> (artifact id: 'ea0574aa05344c7e80357502346d73fc') in 0.0004781 seconds
Refreshing native plugins compatible for Editor in 0.27 ms, found 0 plugins.
Native extension for WindowsStandalone target not found
Assembly reference Packages/com.unity.cinemachine/Editor/Samples/ExposeHDRPInternals/HDRP-Editor-ref.asmref has no target assembly definition
Mono: successfully reloaded assembly
- Finished resetting the current domain, in  1.186 seconds
Domain Reload Profiling: 6163ms
	BeginReloadAssembly (206ms)
		ExecutionOrderSort (0ms)
		DisableScriptedObjects (17ms)
		BackupInstance (0ms)
		ReleaseScriptingObjects (0ms)
		CreateAndSetChildDomain (35ms)
	RebuildCommonClasses (38ms)
	RebuildNativeTypeToScriptingClass (13ms)
	initialDomainReloadingComplete (25ms)
	LoadAllAssembliesAndSetupDomain (4695ms)
		LoadAssemblies (4657ms)
		RebuildTransferFunctionScriptingTraits (0ms)
		AnalyzeDomain (146ms)
			TypeCache.Refresh (104ms)
				TypeCache.ScanAssembly (96ms)
			BuildScriptInfoCaches (30ms)
			ResolveRequiredComponents (11ms)
	FinalizeReload (1187ms)
		ReleaseScriptCaches (0ms)
		RebuildScriptCaches (0ms)
		SetupLoadedEditorAssemblies (1005ms)
			LogAssemblyErrors (0ms)
			InitializePlatformSupportModulesInManaged (13ms)
			SetLoadedEditorAssemblies (3ms)
			BeforeProcessingInitializeOnLoad (140ms)
			ProcessInitializeOnLoadAttributes (769ms)
			ProcessInitializeOnLoadMethodAttributes (75ms)
			AfterProcessingInitializeOnLoad (5ms)
			EditorAssembliesLoaded (0ms)
		ExecutionOrderSort2 (0ms)
		AwakeInstancesAfterBackupRestoration (16ms)
Start importing Library/BuildPlayer.prefs using Guid(00000000000000005000000000000000) (DefaultImporter) -> (artifact id: '083d37eb6b0e82b8f5c1ec86344d848d') in 0.021535 seconds
Start importing Assets/Scenes/Main.unity using Guid(1c526a6b7e1fb6c48a0c34c2eea58f57) (DefaultImporter) -> (artifact id: 'f80583b1c2963faa0b1c5140021565af') in 0.0007835 seconds
Start importing Packages/com.unity.cinemachine/codecov.yml using Guid(fdf98c38f10c342468d1d19ba85e0936) (DefaultImporter) -> (artifact id: 'd43f73d72d9047d1f3c1ad377c49b7ed') in 0.0026199 seconds
Start importing Packages/com.unity.collections/Unity.Collections/NativeText.tt using Guid(50504580bca9eb0409fcceea1af68eb5) (DefaultImporter) -> (artifact id: 'dd6c24322083e9038c2199606e0fac30') in 0.0026866 seconds
Start importing Packages/com.unity.collections/Unity.Collections/FixedList.tt using Guid(f16da17e34bf5f149a196c3f6b32e37f) (DefaultImporter) -> (artifact id: 'a08c252a9e5ea38c58636cb633ba171d') in 0.0006406 seconds
Start importing Packages/com.unity.collections/Unity.Collections/FixedStringFormat.tt using Guid(059659011adc4f67a43b9d9bcc5dfd01) (DefaultImporter) -> (artifact id: 'c2bf2f25fd87d9e9e655855a1a78df75') in 0.0005944 seconds
Start importing Packages/com.unity.collections/Unity.Collections.Tests/NativeSortTests.tt using Guid(175a9e4a17bf01748b02c5c1c653d091) (DefaultImporter) -> (artifact id: '1bf6db908fce13d5a372d3f82daa34e9') in 0.0006046 seconds
Start importing Packages/com.unity.collections/Unity.Collections.Tests/FixedListTests.tt using Guid(775a8d1badc640e45a6030c3822a83d7) (DefaultImporter) -> (artifact id: 'b6f53d34cbfd07c22ecf5258a312e45f') in 0.0005948 seconds
Start importing Packages/com.unity.collections/Unity.Collections/FixedString.tt using Guid(0a845769eb1dc4f459f64e5c840d07de) (DefaultImporter) -> (artifact id: 'ab95ab0e84590c23eccee9d8d93dfeec') in 0.0006269 seconds
Start importing Packages/com.unity.collections/Unity.Collections.Tests.Playmode/FixedListPlayModeTests.tt using Guid(6a88e2cd1798bb445bc5517141684031) (DefaultImporter) -> (artifact id: '6864a3673eab7794683583d65b588122') in 0.0006884 seconds
Start importing Packages/com.unity.collections/Unity.Collections.Tests/FixedStringSizedTests.tt using Guid(0be05385fc513c143a5b5249b7ad6211) (DefaultImporter) -> (artifact id: 'a06b9c84b7d3325c563d6da495050ce2') in 0.0006474 seconds
Start importing Packages/com.unity.collections/Unity.Collections/UnsafeParallelHashSetExtensions.tt using Guid(dbd3ca1753e44d04dbf3e27c3cfa4a1b) (DefaultImporter) -> (artifact id: '2450845c49fc2915713c347301baf1c3') in 0.000853 seconds
Start importing Packages/com.unity.collections/Unity.Collections/FixedStringFormatMethods.tt using Guid(0cdef7b1946241588e9a3b52426940e4) (DefaultImporter) -> (artifact id: '4aaec8cf46a2ac790c1ffb0424c948f1') in 0.0006665 seconds
Start importing Packages/com.unity.ugui/Package Resources/TMP Examples & Extras.unitypackage using Guid(bc00e25696e4132499f56528d3fed2e3) (DefaultImporter) -> (artifact id: '1ce1a29a71d1a5e8b09cc972336e5d7e') in 0.0010686 seconds
Start importing Packages/com.unity.collections/Unity.Collections.Tests/NativeParallelHashSetTests.tt using Guid(edf89c00aa475ae48a7726b87fc0f00c) (DefaultImporter) -> (artifact id: '80855216be0f0b58845ccbe35203f4dc') in 0.000662 seconds
Start importing Packages/com.unity.collections/Unity.Collections.Tests/NativeHashSetTests.tt using Guid(bead43d474a87b742a2b136a8b41e26b) (DefaultImporter) -> (artifact id: 'd77850a3bcfba80d2c1d63a52b83c311') in 0.0006403 seconds
Start importing Packages/com.unity.ugui/Package Resources/TMP Essential Resources.unitypackage using Guid(ce4ff17ca867d2b48b5c8a4181611901) (DefaultImporter) -> (artifact id: 'c9b9d0e8e0d8a5df2fad0e13885ca7c4') in 0.0006695 seconds
Start importing Packages/com.unity.collections/Unity.Collections/NativeParallelHashSetExtensions.tt using Guid(6f9fa81af98728e4f8a0db3762124ff9) (DefaultImporter) -> (artifact id: '72a334b9489f4089aca6e542c7265419') in 0.0006525 seconds
Start importing Packages/com.unity.render-pipelines.universal/Editor/SceneTemplates/Basic.unity using Guid(e026d555eae824f65922633f37a14385) (DefaultImporter) -> (artifact id: '9f1bdaeb34bb7108b0481dfc9aaf52b7') in 0.0006324 seconds
Start importing Assets/Models/Environment/SwampIsland/materials.mtl.bak using Guid(327672cb596c6744d8b4e35e513e757b) (DefaultImporter) -> (artifact id: '922beca418069fcd31cd141a5884d21d') in 0.0025416 seconds
Start importing Packages/com.unity.mathematics/Unity.Mathematics/Noise/README using Guid(16687ba1ea1804a9fb7cb7c2410eab23) (DefaultImporter) -> (artifact id: '2929125107863164c206a89898b66aa5') in 0.0007048 seconds
Start importing Packages/com.unity.ai.navigation/Tests/PrebuiltAssets/TestBundleWithAllLinks.prefab_ using Guid(c62c6d05e86bc124c9f6f5d49c93c158) (DefaultImporter) -> (artifact id: '21f4a55396d1cfd292f7b3ea579e8593') in 0.0054571 seconds
Start importing Packages/com.unity.shadergraph/Editor/Importers/_.sgsubgraphdb using Guid(b7e9b48c3a9534782bdc85af295da963) (DefaultImporter) -> (artifact id: '5e78dbb5d8e92a3919b74b1976316e70') in 0.0033816 seconds
Start importing Packages/com.unity.mathematics/Unity.Mathematics/Noise/LICENSE using Guid(e8895079ca68e498482a3075d7e34508) (DefaultImporter) -> (artifact id: '2ccf915d0b12a895d154feb6c9e1bfa4') in 0.0013355 seconds
Start importing Packages/com.unity.render-pipelines.universal/Editor/Decal/DecalPass.template using Guid(39262bb9f1f65f040aefacd75fbd0e47) (DefaultImporter) -> (artifact id: 'b1f30bfb8df948e8e823c7a1b25ab27d') in 0.002576 seconds
Start importing Packages/com.unity.ai.navigation/Tests/PrebuiltAssets/Test_Links_Created_With_2_0_0.unity using Guid(5ad99e7d0c24c3845a39ca29f7c1c5e6) (DefaultImporter) -> (artifact id: '1b087aaedc6ede58ab89b478d2442f79') in 0.0008327 seconds
Start importing Packages/com.unity.render-pipelines.universal/Editor/SceneTemplates/Standard.unity using Guid(5cae0d87369a2405eaa962b8d920b947) (DefaultImporter) -> (artifact id: '91d3da9002816ae75689a9a8dc0eee03') in 0.0008195 seconds
Start importing Packages/com.unity.render-pipelines.core/Editor/CustomRenderTexture/CustomRenderTextureShader.template using Guid(6e1b69fb677bd95439f31bff8ca1c431) (DefaultImporter) -> (artifact id: '577601bc5d32ed10fd71da48720c6efc') in 0.000768 seconds
Start importing Assets/Models/Environment/SwampIsland/materials.mtl using Guid(4f4d5c177e7481e41afaed4f0323b17e) (DefaultImporter) -> (artifact id: 'b872967ca7ab963257520b05330e6a77') in 0.0029265 seconds
Start importing Packages/com.unity.render-pipelines.universal/Editor/ShaderGraph/Templates/ShaderPass.template using Guid(e0c1f3f375c6ee44da3982445ffb92a4) (DefaultImporter) -> (artifact id: 'e8011ea8bf336bd54fc9c63bdb041838') in 0.0010924 seconds
Start importing Packages/com.unity.render-pipelines.universal/Editor/VFXGraph/Shaders/VFXLit.template using Guid(b182b2f5194c5574eb1983f8bb8b3d04) (DefaultImporter) -> (artifact id: '3762a5ca7bce3c319b7e8c6c3911cabb') in 0.0006823 seconds
Start importing Packages/com.unity.render-pipelines.universal/Editor/VFXGraph/Shaders/VFXDecal.template using Guid(d422a258210649e8bf5d57f759d8e5da) (DefaultImporter) -> (artifact id: '6645d0a26b5dc9f19d0e992c3fa8144a') in 0.0013402 seconds
Start importing Packages/com.unity.render-pipelines.universal/Editor/VFXGraph/Shaders/VFXLitVaryings.template using Guid(56fd66c66c0d99848be7cc4829d45942) (DefaultImporter) -> (artifact id: 'f02bbf5928f76a646d0da95e8afc71e3') in 0.0008692 seconds
Start importing Packages/com.unity.render-pipelines.universal/Editor/VFXGraph/Shaders/VFXVertexProbeSampling.template using Guid(89944a86d17a433682835ec4b89dc07f) (DefaultImporter) -> (artifact id: '414063e63148abdec53b0f1586125383') in 0.0006129 seconds
Start importing Packages/com.unity.render-pipelines.universal/Editor/VFXGraph/Shaders/VFXSGSurfaceData.template using Guid(4c72c43322666bd4dbe58de9815b0639) (DefaultImporter) -> (artifact id: '7b7c96c8cae3620e4a88488b9c195b56') in 0.0095543 seconds
Start importing Packages/com.unity.shadergraph/Editor/Generation/Templates/PassMesh.template using Guid(1d356e56081caed46bb576bcdf392666) (DefaultImporter) -> (artifact id: 'bd0985416b5ae09a3d10e6ede321c63e') in 0.0024597 seconds
Start importing Packages/com.unity.render-pipelines.universal/Editor/VFXGraph/Shaders/VFXPasses.template using Guid(3d707c2c34101af48b8dc0b38ea50a1f) (DefaultImporter) -> (artifact id: '7a6e865ccc0bd135bbcb1c2f114316d9') in 0.0006464 seconds
Start importing Packages/com.unity.render-pipelines.universal/Editor/VFXGraph/Shaders/VFXDecalVaryings.template using Guid(5fa2eae08a4a4852be54781bb3cf5736) (DefaultImporter) -> (artifact id: 'f8c0d5abc5cfec9d7fdc542aa2e93477') in 0.0006991 seconds
Start importing Packages/com.unity.render-pipelines.universal/Editor/VFXGraph/Shaders/Templates/VFXParticleMeshes.template using Guid(e1c9418ea80ea1f438a3b984293b811c) (DefaultImporter) -> (artifact id: '84a0a376d13b393e302487300ecb44f0') in 0.0006219 seconds
Start importing Packages/com.unity.render-pipelines.universal/Editor/VFXGraph/Shaders/Templates/VFXParticleLinesSW.template using Guid(349d67d896d33a54181e800b229b65ec) (DefaultImporter) -> (artifact id: '09c34b7bd80251814a71811c69ad587d') in 0.0006355 seconds
Start importing Packages/com.unity.render-pipelines.universal/Editor/VFXGraph/Shaders/Templates/VFXParticleBasicCube.template using Guid(6400081753199864e8880210a0c8ce24) (DefaultImporter) -> (artifact id: 'e2393cc3df9c4406cf269120455fd39b') in 0.0005871 seconds
Start importing Packages/com.unity.render-pipelines.universal/Editor/VFXGraph/Shaders/Templates/VFXParticleCube.template using Guid(16b454c8be4c1854fab1aa702812af16) (DefaultImporter) -> (artifact id: 'ee68e76b43db32a76c1779907168a5d3') in 0.0005834 seconds
Start importing Packages/com.unity.render-pipelines.universal/Editor/VFXGraph/Shaders/Templates/VFXParticleLitPlanarPrimitive.template using Guid(571ac9b288ab81e4c9c3aad150d6cb3e) (DefaultImporter) -> (artifact id: 'b76aa4ef9fa1d1062e93887e2d1d0883') in 0.0006031 seconds
Start importing Packages/com.unity.render-pipelines.universal/Editor/VFXGraph/Shaders/Templates/VFXParticlePoints.template using Guid(677f238dc37937045b856e9468e21666) (DefaultImporter) -> (artifact id: '3998e5f2e93d0711504d6a38b7c00d7c') in 0.0006342 seconds
Start importing Packages/com.unity.render-pipelines.universal/Editor/VFXGraph/Shaders/Templates/VFXParticleURPDecal.template using Guid(c7a8c3a8c44540639fe72b8ba1c8d176) (DefaultImporter) -> (artifact id: '4b19c7e034c2ebe4961bab1279edceb5') in 0.0005805 seconds
Start importing Packages/com.unity.render-pipelines.universal/Editor/VFXGraph/Shaders/Templates/VFXParticleDecal.template using Guid(b8fd50c1927bb714b8fe5141cb40f34a) (DefaultImporter) -> (artifact id: '573d12330f8280a50e77efd51834763d') in 0.000581 seconds
Start importing Packages/com.unity.render-pipelines.universal/Editor/VFXGraph/Shaders/Templates/VFXParticleLinesHW.template using Guid(1c9e0e166435ac24eacc5a8f047aff75) (DefaultImporter) -> (artifact id: '019d5ce01901152435803675b00f96f5') in 0.0006544 seconds
Start importing Packages/com.unity.render-pipelines.universal/Editor/VFXGraph/Shaders/Templates/VFXParticleLitMesh.template using Guid(7edabebf429ea534a8a5bbdf10b327d1) (DefaultImporter) -> (artifact id: 'c7835fc2e7c51394319b8feba76cc469') in 0.0006882 seconds
Start importing Packages/com.unity.shadergraph/Editor/Generation/Targets/CustomRenderTexture/CustomTextureSubShader.template using Guid(afa536a0de48246de92194c9e987b0b8) (DefaultImporter) -> (artifact id: '66c8f18b2398d97a2da24fa85bfef5b8') in 0.0005889 seconds
Start importing Packages/com.unity.render-pipelines.universal/Editor/VFXGraph/Shaders/Templates/VFXParticlePlanarPrimitive.template using Guid(bf2c8e09bda2786468d6b49e9f5422bb) (DefaultImporter) -> (artifact id: '23af9de992097ef304d75d1c380533df') in 0.0007211 seconds
Start importing Packages/com.unity.render-pipelines.universal/Editor/VFXGraph/Shaders/Templates/URPDecal/PassScreenSpace.template using Guid(4059f0b867f24f38b3d2baed5de3cc8c) (DefaultImporter) -> (artifact id: 'cad93386e90a0755973753697319198d') in 0.0036049 seconds
Start importing Packages/com.unity.render-pipelines.universal/Editor/VFXGraph/Shaders/Templates/ParticlePlanarPrimitivesLit/PassVelocity.template using Guid(40cf578c410cce34895b4a55f12d31d1) (DefaultImporter) -> (artifact id: 'f6f7f4d542a1086c504babab28cab307') in 0.002631 seconds
Start importing Packages/com.unity.render-pipelines.universal/Editor/VFXGraph/Shaders/Templates/ParticlePlanarPrimitives/PassForward2D.template using Guid(60e6c40c533c7ed4fbf6a90081f0e415) (DefaultImporter) -> (artifact id: '970420d39c3869852cdff492506749d1') in 0.0011228 seconds
Start importing Packages/com.unity.render-pipelines.universal/Editor/VFXGraph/Shaders/Templates/ParticlePoints/PassForward2D.template using Guid(909b99072e12b6248b33e572f4c04095) (DefaultImporter) -> (artifact id: '09cc7a28825484331710ceb0967a1ff0') in 0.0105881 seconds
Start importing Packages/com.unity.render-pipelines.universal/Editor/VFXGraph/Shaders/Templates/ParticlePlanarPrimitivesLit/PassSelection.template using Guid(01ac01709d809ff46966b98b9ec1104d) (DefaultImporter) -> (artifact id: '181618a4b5ec974888f42ddd08435b51') in 0.0008436 seconds
Start importing Packages/com.unity.render-pipelines.universal/Editor/VFXGraph/Shaders/Templates/ParticleMeshesLit/PassSelection.template using Guid(915f7a9ae9b5ab542b48b313dbf0489c) (DefaultImporter) -> (artifact id: '935caa3e58fc7b527a8e18dcf804b0d3') in 0.0007223 seconds
Start importing Packages/com.unity.render-pipelines.universal/Editor/VFXGraph/Shaders/Templates/URPDecal/PassDBuffer.template using Guid(b1a0121f4ab34ed9a0480537b0f8e6f5) (DefaultImporter) -> (artifact id: 'bad844d47b87afc232c9852eafbe1644') in 0.0007254 seconds
Start importing Packages/com.unity.render-pipelines.universal/Editor/VFXGraph/Shaders/Templates/ParticleLinesSW/PassForward2D.template using Guid(526188e7c1965614aa36043f95c18390) (DefaultImporter) -> (artifact id: '744592bda9a31e478ebe708b1c98ada8') in 0.0006588 seconds
Start importing Packages/com.unity.render-pipelines.universal/Editor/VFXGraph/Shaders/Templates/URPDecal/PassGBuffer.template using Guid(92bae492fd0c48fca15a3c15dc732416) (DefaultImporter) -> (artifact id: '1f335dec756d8ae8b9834094f0feeb2e') in 0.0006991 seconds
Start importing Packages/com.unity.render-pipelines.universal/Editor/VFXGraph/Shaders/Templates/ParticleMeshesLit/PassDepth.template using Guid(23f922a362522a540b38b85bb2a5353f) (DefaultImporter) -> (artifact id: 'a34a9966cae27d75ed389fa9d3c103a7') in 0.0006612 seconds
Start importing Packages/com.unity.render-pipelines.universal/Editor/VFXGraph/Shaders/Templates/ParticleLines/PassForward2D.template using Guid(f3ec7f3c24cdbba49986aa6478b5867f) (DefaultImporter) -> (artifact id: 'ec9b43fad5b799cabf3a44d12f4ff06d') in 0.0006136 seconds
Start importing Packages/com.unity.render-pipelines.universal/Editor/VFXGraph/Shaders/Templates/ParticlePlanarPrimitivesLit/PassDepthNormal.template using Guid(341677e7847d0874abedb1fc1748b2cf) (DefaultImporter) -> (artifact id: '127407252c4d124a995c72aa66d23d12') in 0.0006369 seconds
Start importing Packages/com.unity.render-pipelines.universal/Editor/VFXGraph/Shaders/Templates/ParticleMeshesLit/PassDepthNormal.template using Guid(75feef1dfebc40e4697124cb20d3f4fe) (DefaultImporter) -> (artifact id: 'c9047ee578ab28f2b0c9bed7a40f2b0b') in 0.0006022 seconds
Start importing Packages/com.unity.render-pipelines.universal/Editor/VFXGraph/Shaders/Templates/ParticleMeshesLit/PassDepthOrMV.template using Guid(a55128324929eba40884977cd5c1669e) (DefaultImporter) -> (artifact id: '2eb695b663da66b107b5d5760731e35d') in 0.000633 seconds
Start importing Packages/com.unity.render-pipelines.universal/Editor/VFXGraph/Shaders/Templates/ParticlePlanarPrimitivesLit/PassDepthOrMV.template using Guid(e54411f64dc2beb43998b9727f62fa32) (DefaultImporter) -> (artifact id: 'de9410bec76677b6112c63eab5683e6d') in 0.0038106 seconds
Start importing Packages/com.unity.render-pipelines.universal/Editor/VFXGraph/Shaders/Templates/ParticleMeshesLit/PassGBuffer.template using Guid(268a144f637cfd343e3952cf770998d5) (DefaultImporter) -> (artifact id: 'cb955d89a268a072656bef7e1eb10a02') in 0.0006632 seconds
Start importing Packages/com.unity.render-pipelines.universal/Editor/VFXGraph/Shaders/Templates/ParticlePlanarPrimitivesLit/PassDepth.template using Guid(37d26d1c1d738be4cba8c98b84ff0da3) (DefaultImporter) -> (artifact id: '0ff8d6c679d16c20d117d61f1495bacb') in 0.0007462 seconds
Start importing Packages/com.unity.render-pipelines.universal/Editor/VFXGraph/Shaders/Templates/ParticleMeshesLit/Pass.template using Guid(77e942a6f106f7746bec78ed934de11a) (DefaultImporter) -> (artifact id: '795c475e9a008dd40323308636df20ae') in 0.000612 seconds
Start importing Packages/com.unity.render-pipelines.universal/Editor/VFXGraph/Shaders/Templates/ParticleMeshesLit/PassForward.template using Guid(286d87cbf8c19c749b69078915c9be88) (DefaultImporter) -> (artifact id: '1d421acf7881af7417c2a9317aa90a67') in 0.0005954 seconds
Start importing Packages/com.unity.render-pipelines.universal/Editor/VFXGraph/Shaders/Templates/ParticleMeshesLit/PassVelocity.template using Guid(4b313a234ad620945b078e06349d46f5) (DefaultImporter) -> (artifact id: '9013b313b9df6bdef8f4451ae6f4a4d7') in 0.0005888 seconds
Start importing Packages/com.unity.render-pipelines.universal/Editor/VFXGraph/Shaders/Templates/URPDecal/PassForwardEmissive.template using Guid(6ca5883cd45940728412e0fa8e22403c) (DefaultImporter) -> (artifact id: '39538623c4c97f2173c2ee02d45b034f') in 0.0005884 seconds
Start importing Packages/com.unity.render-pipelines.universal/Editor/VFXGraph/Shaders/Templates/ParticleMeshes/PassForward2D.template using Guid(ec0dd9ca912a8824590a57224cabd290) (DefaultImporter) -> (artifact id: 'b5f29d0f9148e28ab79d66b2b163c766') in 0.0005983 seconds
Start importing Packages/com.unity.render-pipelines.universal/Editor/VFXGraph/Shaders/Templates/ParticleHexahedron/PassForward2D.template using Guid(2d6519c74f7a7584685798d2431960f2) (DefaultImporter) -> (artifact id: 'd1c3696d1da1ee236da0edf3575f144f') in 0.0005959 seconds
Start importing Packages/com.unity.render-pipelines.universal/Editor/VFXGraph/Shaders/Templates/ParticlePlanarPrimitivesLit/PassShadowCaster.template using Guid(7d07176ae506b05458500c8aa695d90e) (DefaultImporter) -> (artifact id: '29c684e0508e2294bf1e0b591d0488e6') in 0.0005955 seconds
Start importing Packages/com.unity.shadergraph/Editor/Generation/Targets/Fullscreen/Templates/ShaderPass.template using Guid(0ed3a57e16f0259448e5b68a210e991a) (DefaultImporter) -> (artifact id: '299032dff195faf0d9947820819f93d3') in 0.0006108 seconds
Start importing Packages/com.unity.render-pipelines.universal/Editor/VFXGraph/Shaders/Templates/ParticleMeshesLit/PassShadowCaster.template using Guid(9e62eb3c33b50c54badb6f7cd6eb7a8c) (DefaultImporter) -> (artifact id: 'a4b58c87e503ab7fb34a7fe05bd32e4e') in 0.0005952 seconds
Start importing Packages/com.unity.render-pipelines.universal/Editor/VFXGraph/Shaders/Templates/ParticlePlanarPrimitivesLit/PassGBuffer.template using Guid(9efeaf56a8f5826418111f0d669150c1) (DefaultImporter) -> (artifact id: 'fc89012f85c6368a9563668f78a2197f') in 0.0005866 seconds
Start importing Packages/com.unity.shadergraph/Editor/Generation/Targets/Canvas/Templates/PassUI.template using Guid(3fa60ca3757a4221b2b042165c4696fe) (DefaultImporter) -> (artifact id: '5f8b8a0f670909d00aa97419a70d8a2e') in 0.0005961 seconds
Start importing Packages/com.unity.render-pipelines.universal/Editor/VFXGraph/Shaders/Templates/ParticlePlanarPrimitivesLit/PassForward.template using Guid(5fa54a2ce1bced448b6bd9cfcac6c25d) (DefaultImporter) -> (artifact id: '64217ef1cf6f120f0d753dd149b35139') in 0.0005857 seconds
Start importing Packages/com.unity.shadergraph/Editor/Generation/Targets/BuiltIn/Editor/ShaderGraph/Templates/ShaderPass.template using Guid(37dc84a050227a648b8474dd029e1729) (DefaultImporter) -> (artifact id: 'f5837c28a10d811bb5b907e1f7ff828a') in 0.0005924 seconds
Start importing Packages/com.unity.inputsystem/InputSystem/Editor/Icons/ChevronUp@3x.png using Guid(006305b616daf47409935f3dc8a172e2) (TextureImporter) -> (artifact id: '518929b6408ed02bc5c4b5304eb9c57d') in 0.0067643 seconds
Start importing Packages/com.unity.render-pipelines.core/Editor/PostProcessing/LensFlareResource/PolygonFlareThumbnail@2x.png using Guid(0047263fa58f91d49a61936e94358829) (TextureImporter) -> (artifact id: 'c172e96ad84ad7eb5468ee0f5b467c5a') in 0.0041949 seconds
Start importing Packages/com.unity.render-pipelines.core/Editor/Icons/MipLevels/RenderGraphViewer/d_Resources@32.png using Guid(00a734322b2ba1249b58c24b688b3108) (TextureImporter) -> (artifact id: 'c9dbf562537b8c3373d6dd0eb29c784e') in 0.0034641 seconds
Start importing Packages/com.unity.inputsystem/InputSystem/Editor/Icons/d_ChevronDown@2x.png using Guid(0068f400a72d84c92a1b8f5889a574b2) (TextureImporter) -> (artifact id: 'cf5e238a612501d533dfeaad862c7c50') in 0.0033477 seconds
Start importing Packages/com.unity.render-pipelines.universal/Textures/BlueNoise16/L/LDR_LLL1_23.png using Guid(10b6c6d22e73dea46a8ab36b6eebd629) (TextureImporter) -> (artifact id: 'c4d44721f70e3ecc523ffd595d6d4a42') in 0.0029149 seconds
Start importing Packages/com.unity.render-pipelines.universal/Textures/FilmGrain/Medium01.png using Guid(1097e90e1306e26439701489f391a6c0) (TextureImporter) -> (artifact id: 'e9d16c29c59803a2e66e7ca6697e2d4d') in 0.0086592 seconds
Start importing Packages/com.unity.render-pipelines.universal/Editor/2D/Resources/LightCapBottomRight.png using Guid(108e201829ab4214383a5467adbc0086) (TextureImporter) -> (artifact id: '5bc6db5e220f474c50661c2af01b8495') in 0.002848 seconds
Start importing Packages/com.unity.inputsystem/InputSystem/Editor/Icons/Interactive Binding@2x.png using Guid(2027b97fd12d842d7a3169c784502a54) (TextureImporter) -> (artifact id: 'c7c0d3393268e5470f84f70209764e5f') in 0.0030142 seconds
Start importing Packages/com.unity.render-pipelines.core/Editor/LookDev/Icons/CenterLight.png using Guid(3092b2985cafe0b43b1f02ce1d6829d5) (TextureImporter) -> (artifact id: '2930d47cd272642dc249d1d8d5a54142') in 0.004967 seconds
Start importing Packages/com.unity.inputsystem/InputSystem/Editor/Icons/InputSystemUIInputModule@64.png using Guid(3028dc075ba8c584d9bc7d1e0255e038) (TextureImporter) -> (artifact id: 'f9923b7ab6d1266ff47eb3251fb517b2') in 0.0031491 seconds
Start importing Packages/com.unity.render-pipelines.universal/Editor/2D/Resources/SceneViewIcons/ParametricLight.png using Guid(302e68dd45b9b2d4194ff0f7f454436f) (TextureImporter) -> (artifact id: '6c1d9bc0e4cd662c35dce42c887c6152') in 0.0045294 seconds
Start importing Packages/com.unity.render-pipelines.core/Editor/Lighting/Icons/d_LightPlacement_Icon On@64.png using Guid(304e9d79c27b32144a95e43dc6da80a2) (TextureImporter) -> (artifact id: '282c0843489f2a18c965cbdfb54f4933') in 0.0029991 seconds
Start importing Packages/com.unity.inputsystem/InputSystem/Editor/Icons/InputAction.png using Guid(40265a896a0f341bb956e90c59025a29) (TextureImporter) -> (artifact id: 'b40474bcaf49bedb146689f025009ea8') in 0.0056616 seconds
Start importing Packages/com.unity.render-pipelines.universal/Editor/2D/ShapeEditor/Resources/Path/pointHovered.png using Guid(40985c36b6cc53f4a949889c3a3e2f90) (TextureImporter) -> (artifact id: '7a78ab150151fc0fbd578f04a8c9d5a0') in 0.0032792 seconds
Start importing Packages/com.unity.render-pipelines.core/Editor/LookDev/Icons/d_Layout2@2x.png using Guid(50f7a3e9878119a4da02f38cf05d75ba) (TextureImporter) -> (artifact id: 'd8a87d57292d7f5a8f79cd363a6ec38b') in 0.0033885 seconds
Start importing Packages/com.unity.splines/Editor/Editor Resources/Icons/Tangent_Linear On@2x.png using Guid(50dad30bbe8922644a0ce1606ef18295) (TextureImporter) -> (artifact id: '5477b88195ec125fa3dba26bd8a007c9') in 0.0030805 seconds
Start importing Packages/com.unity.shadergraph/Editor/Resources/GraphView/Nodes/NodeChevronRight@2x.png using Guid(50cbcd05e61c4e54ea797ec88e91f1b0) (TextureImporter) -> (artifact id: 'f4bc5f6188cfd511d62d196613e72a57') in 0.0037502 seconds
Start importing Packages/com.unity.render-pipelines.core/Editor/Lighting/Icons/LightUnitIcons/BlueSky.png using Guid(60d4d0573fefbf24198d33863004e7f9) (TextureImporter) -> (artifact id: '6f0f1cadc609fe3eb5194cd07fdecd42') in 0.0031412 seconds
Start importing Packages/com.unity.render-pipelines.core/Editor/Icons/RenderGraphViewer/d_MultipleUsage.png using Guid(60e80b0fa23ea904b92263803d64319c) (TextureImporter) -> (artifact id: 'd82369f38d510d9c02b416a1b8582868') in 0.0033741 seconds
Start importing Packages/com.unity.render-pipelines.core/Editor/LookDev/Icons/d_Camera1@2x.png using Guid(603d01d730be24147adda7897e463598) (TextureImporter) -> (artifact id: 'a52d0f309be2be510e0879b4f20e2762') in 0.0064789 seconds
Start importing Packages/com.unity.render-pipelines.universal/Editor/2D/Resources/SceneViewIcons/SpriteLight.png using Guid(70d16a5f04690d74ab9b1ddcbefd47bb) (TextureImporter) -> (artifact id: '88a58a453d813803eebd96ab1e04c7d3') in 0.0049057 seconds
Start importing Packages/com.unity.splines/Editor/Editor Resources/Icons/ToolHandleParent.png using Guid(70ebf5536475b4f6d837fb3fd1208155) (TextureImporter) -> (artifact id: 'ca0aa781757f4cfafb2b9acdf065ad3e') in 0.0034037 seconds
Start importing Packages/com.unity.render-pipelines.core/Editor/Icons/RenderGraphViewer/Resources@2x.png using Guid(701c4a9737150564681d632d05a7a83e) (TextureImporter) -> (artifact id: '33a6322297e1f9c97955924ad5a4e19e') in 0.0028549 seconds
Start importing Packages/com.unity.render-pipelines.core/Editor/LookDev/Icons/CenterLight@2x.png using Guid(8063050a249eef441beb8cbbd04c086c) (TextureImporter) -> (artifact id: '06f0baa59d84d8d2546b032989a44c9e') in 0.0038204 seconds
Start importing Packages/com.unity.render-pipelines.core/Editor/Lighting/Icons/LightUnitIcons/d_Overcast.png using Guid(80a48b3afafdc644fb4e3319f6f19fc8) (TextureImporter) -> (artifact id: 'e90adcd45c950df635ecffaf442de15a') in 0.0031423 seconds
Start importing Packages/com.unity.render-pipelines.core/Editor/PostProcessing/LensFlareResource/CircleFlareThumbnail.png using Guid(80b74a073fa3027458f3b3ff5346f10b) (TextureImporter) -> (artifact id: '6156e29fa2380088bf7b44ceaa75d209') in 0.0030502 seconds
Start importing Packages/com.unity.ai.navigation/EditorResources/Overlay/d_NavigationOverlay@128.png using Guid(80899a9fbe3d3364eac2c5924c0a28cf) (TextureImporter) -> (artifact id: '267002192f1eb6ce8a812e9419f26cba') in 0.0035427 seconds
Start importing Packages/com.unity.render-pipelines.core/Editor/LookDev/Icons/d_LeftArrow@2x.png using Guid(90335e5423c010749a50f906b965fa54) (TextureImporter) -> (artifact id: '27d395e8daea3d4f70698029b66a96fb') in 0.0036753 seconds
Start importing Packages/com.unity.inputsystem/InputSystem/Editor/Icons/Mouse@4x.png using Guid(a0b78c5ab9d654a9daba91ff774b4931) (TextureImporter) -> (artifact id: 'cd20831f1857ecd65ede744d3d0b0882') in 0.0036593 seconds
Start importing Packages/com.unity.render-pipelines.core/Editor/Lighting/Icons/LightUnitIcons/ClearSky@2x.png using Guid(a01d783415aa03a449e3408eb92d8505) (TextureImporter) -> (artifact id: '17892b2e244523120d07278a61a300bd') in 0.0039776 seconds
Start importing Packages/com.unity.inputsystem/InputSystem/Editor/Icons/InputActionAsset.png using Guid(b025a2a0f9e554d1e88a93b5649dfc3f) (TextureImporter) -> (artifact id: 'd2e74453b5fd5cfe5e99eece4267e616') in 0.0058909 seconds
Start importing Packages/com.unity.ai.navigation/EditorResources/NavigationWindowIcon.png using Guid(b0172c3ab97e219478711e1fbe9630f2) (TextureImporter) -> (artifact id: '9996b546247cbda7d0a4c863ddc46a05') in 0.0036263 seconds
Start importing Packages/com.unity.rendering.light-transport/Runtime/Sampling/Textures/SobolBlueNoise/SobolOwenScrambled256.png using Guid(b068695e42b4d4c3ba751c10a7189033) (TextureImporter) -> (artifact id: '48cdf5c81c624fcc46c76bd5524e5ad8') in 0.0090367 seconds
Start importing Packages/com.unity.inputsystem/InputSystem/Editor/AssetEditor/Resources/pro/propertiesBackground.png using Guid(b02e3f0c0798a4f1789a89a7697660be) (TextureImporter) -> (artifact id: '19964a9952ac355f4d585e41f6af8550') in 0.0027183 seconds
Start importing Packages/com.unity.ai.navigation/EditorResources/Overlay/NavigationOverlay On@256.png using Guid(b05e7d8dc2bdbb14ab5b1da240ac65d5) (TextureImporter) -> (artifact id: '8f319c4566843ec496a797748a551d61') in 0.0038808 seconds
Start importing Packages/com.unity.render-pipelines.core/Editor/Lighting/Icons/LightUnitIcons/Overcast.png using Guid(c0e6cc200fb1dda4388b13d9f5828d06) (TextureImporter) -> (artifact id: 'b5385ae3291d9773e65ff9f11d8ad737') in 0.0027666 seconds
Start importing Packages/com.unity.inputsystem/InputSystem/Editor/AssetEditor/Resources/pro/foldoutBackground.png using Guid(c0996bc290ff74bf4834f4a8b7dc8c3e) (TextureImporter) -> (artifact id: '8cbb201eac9722a679bf36ecb97e48d3') in 0.0025927 seconds
Start importing Packages/com.unity.render-pipelines.universal/Textures/BlueNoise256/LDR_LLL1_2.png using Guid(c06cc21c692f94f5fb5206247191eeee) (TextureImporter) -> (artifact id: '592da237051b487007f996daa8473143') in 0.0042155 seconds
Start importing Packages/com.unity.inputsystem/InputSystem/Editor/Icons/Axis@2x.png using Guid(d0006d51a864248adba0238883f8c71e) (TextureImporter) -> (artifact id: 'a80e666fd31c0950be7d4b828e919d26') in 0.0040977 seconds
Start importing Packages/com.unity.render-pipelines.core/Editor/Lighting/Icons/LightUnitIcons/d_SoftAreaLight@2x.png using Guid(e0171afec971f2343be8d5b4b14ab6eb) (TextureImporter) -> (artifact id: '478ad52ec99ee99d753940937c89d206') in 0.0040306 seconds
Start importing Packages/com.unity.searcher/Editor/Resources/FlatSkin/SearchSmallDownOff.png using Guid(e0f8b9d001b669a43b3c9f7b90891d96) (TextureImporter) -> (artifact id: 'aa69bd8b58fd365a80027788a98f6709') in 0.0032479 seconds
Start importing Packages/com.unity.inputsystem/InputSystem/Editor/Icons/d_Axis@4x.png using Guid(e01ab4b854c6d4fa3a8d869b67ecd643) (TextureImporter) -> (artifact id: 'c1287407aa5747ea03fcee177e910d33') in 0.0030944 seconds
Start importing Packages/com.unity.ugui/Editor Resources/Textures/btn_AlignRight_Light.psd using Guid(e05ace3bd15740cda0bad60d89092a5b) (TextureImporter) -> (artifact id: 'c74da7dc5d392198b5420da7dd6f8136') in 0.0032064 seconds
Start importing Packages/com.unity.render-pipelines.core/Editor/LookDev/Icons/LeftArrow@2x.png using Guid(f0106cef986be534181a8582cffd29da) (TextureImporter) -> (artifact id: 'f391e98ad3eb9ab9d212050f50e8e629') in 0.0030519 seconds
Start importing Packages/com.unity.render-pipelines.core/Editor/PostProcessing/LensFlareResource/PolygonFlareThumbnail.png using Guid(f0326f07dd50365439f552e7f29218e5) (TextureImporter) -> (artifact id: '1373733f939f8a533892177ae3d7e9a8') in 0.0032192 seconds
Start importing Packages/com.unity.render-pipelines.universal/Textures/FilmGrain/Medium02.png using Guid(f0b67500f7fad3b4c9f2b13e8f41ba6e) (TextureImporter) -> (artifact id: 'f96e9dd5bec36ed6a01e870e109841b7') in 0.0081966 seconds
Start importing Packages/com.unity.render-pipelines.core/Editor/Icons/MipLevels/d_VolumeProfile@32.png using Guid(f05a6898ed8b6df43be9b7fbb34d0517) (TextureImporter) -> (artifact id: '86bdd71e449ecece69f305cef6ddfb4f') in 0.0027323 seconds
Start importing Packages/com.unity.collections/Unity.Collections.PerformanceTests/Unity.PerformanceTesting.Benchmark/PerformanceTestFrameworkOutput.png using Guid(0175a7523f9f1754ca406f92afcfcbc6) (TextureImporter) -> (artifact id: 'e9fd62de6dd824435dbb3a98c5d9ba83') in 0.015047 seconds
Start importing Packages/com.unity.render-pipelines.universal/Textures/BlueNoise16/L/LDR_LLL1_2.png using Guid(1134690bf9216164dbc75050e35b7900) (TextureImporter) -> (artifact id: '73d75d93a210e98f0b55f6bdeeeefc63') in 0.0031098 seconds
Start importing Packages/com.unity.render-pipelines.universal/Textures/2D/Sparkle.png using Guid(119f93d0bcbf1e743bf5fcf237507d39) (TextureImporter) -> (artifact id: '9ce81db3ed3cce00d746f5571e4c4ff4') in 0.0075327 seconds
Start importing Packages/com.unity.splines/Editor/Editor Resources/Icons/d_ToolHandleElement@2x.png using Guid(21b205c8578d34e648f27dd6e19b5c9c) (TextureImporter) -> (artifact id: '22a3b8b0cd39e36786acfde2319b2caa') in 0.0037321 seconds
Start importing Packages/com.unity.inputsystem/InputSystem/Editor/Icons/Interactive Binding.png using Guid(2196c18f03faf4184b1aeb2c61d5571d) (TextureImporter) -> (artifact id: 'c0ad1ed4d34dbf7760f481e164454f90') in 0.0029553 seconds
Start importing Packages/com.unity.shadergraph/Editor/Resources/Icons/settings_button.png using Guid(3140f217cba5a6f4ca8d41675ac44819) (TextureImporter) -> (artifact id: 'b766830f890677e06a1fa5ef37db738d') in 0.003585 seconds
Start importing Packages/com.unity.render-pipelines.core/Editor/Icons/RenderGraphViewer/d_Global@2x.png using Guid(31d206dcb4d01ca4295149458ec19c38) (TextureImporter) -> (artifact id: 'c8e16ee7596500e9465923815e1d10eb') in 0.0040216 seconds
Start importing Packages/com.unity.render-pipelines.core/Editor/Lighting/Icons/LightUnitIcons/Moonlight.png using Guid(41c40f1973262eb41a56a66faaf2154d) (TextureImporter) -> (artifact id: '48e2449cde9b45729930f99d97414fa8') in 0.0040281 seconds
Start importing Packages/com.unity.ugui/Editor Resources/Textures/btn_AlignMiddle.psd using Guid(41b96614b2e6494ba995ddcd252d11ae) (TextureImporter) -> (artifact id: '9fbe1ac8d079673abf14aa5986382949') in 0.0034804 seconds
Start importing Packages/com.unity.inputsystem/InputSystem/Editor/Icons/d_Dpad@4x.png using Guid(41edf25d451a744e6ad1172a677603bd) (TextureImporter) -> (artifact id: 'ac10137e40fb36fb7ae2750d6260bf2c') in 0.0032296 seconds
Start importing Packages/com.unity.render-pipelines.core/Editor/Lighting/Icons/d_LightPlacement_Icon.png using Guid(518057398db7dd043928f01f4fbad1b9) (TextureImporter) -> (artifact id: '4197ee9b1035e8e61a95c964b2bb42c2') in 0.0028678 seconds
Start importing Packages/com.unity.render-pipelines.universal/Textures/FilmGrain/Medium05.png using Guid(510a2f57334933e4a8dbabe4c30204e4) (TextureImporter) -> (artifact id: '9069dcc987a70a41cd1f734e1ce25fa6') in 0.0081162 seconds
Start importing Packages/com.unity.render-pipelines.core/Editor/LookDev/Icons/Environment@2x.png using Guid(515b65dc95319f3409d6b0b5f866ac33) (TextureImporter) -> (artifact id: '82c5b4cc57616826cfbbe0d0b09176ef') in 0.003287 seconds
Start importing Packages/com.unity.render-pipelines.universal/Textures/SMAA/SearchTex.tga using Guid(51eee22c2a633ef4aada830eed57c3fd) (TextureImporter) -> (artifact id: 'e2a9c518d6864af5f95e64547fc566b1') in 0.0029016 seconds
Start importing Packages/com.unity.inputsystem/InputSystem/Editor/Icons/Keyboard@3x.png using Guid(6191a40940a3e46899ecf82fa8389d01) (TextureImporter) -> (artifact id: '2c9c260a957aaf86e761399cc2376ecb') in 0.0032888 seconds
Start importing Packages/com.unity.inputsystem/InputSystem/Editor/Icons/d_Mouse@3x.png using Guid(6164e492ad3164525ab8ecd9968c3a64) (TextureImporter) -> (artifact id: '09d83bb812d83ce9389cd54ca4019efd') in 0.0033408 seconds
Start importing Packages/com.unity.render-pipelines.core/Editor/Lighting/Icons/LightUnitIcons/Shade.png using Guid(7146ed2a10f80c340b4c181e2892c87a) (TextureImporter) -> (artifact id: '2f078705e8a778527cee4ffbd6863c49') in 0.0030127 seconds
Start importing Packages/com.unity.shadergraph/Editor/Resources/Icons/sg_graph_icon_gray_dark.png using Guid(7129268cf102b2f45809905bcb27ce8b) (TextureImporter) -> (artifact id: '899d427a1d8f13109c090aab87c6f921') in 0.0074629 seconds
Start importing Packages/com.unity.render-pipelines.core/Editor/Lighting/Icons/LightUnitIcons/d_MoonlessNight.png using Guid(71cd3069e265067478f8e99589235fd6) (TextureImporter) -> (artifact id: '72d1581798d15044fef7ba6455c9524f') in 0.0044436 seconds
Start importing Packages/com.unity.render-pipelines.universal/Textures/BlueNoise16/L/LDR_LLL1_0.png using Guid(81200413a40918d4d8702e94db29911c) (TextureImporter) -> (artifact id: '453cfbb1c1d04713f4086f32f316296d') in 0.0037173 seconds
Start importing Packages/com.unity.render-pipelines.core/Editor/Lighting/Icons/LightUnitIcons/Fluorescent@2x.png using Guid(81321ffad3c324c42806d47efb84d4d1) (TextureImporter) -> (artifact id: 'e22335497145322de01d8d493de569c9') in 0.0043142 seconds
Start importing Packages/com.unity.ugui/Editor Resources/Textures/btn_AlignCenter.psd using Guid(81ed8c76d2bc4a4c95d092c98af4e58f) (TextureImporter) -> (artifact id: '7752a24ab333cda63dcbf552dcbda3ca') in 0.0045677 seconds
Start importing Packages/com.unity.render-pipelines.core/Editor/Icons/MipLevels/VolumeProfile@16.png using Guid(9109dcac13c1b6a4cadf6e9e63be42f7) (TextureImporter) -> (artifact id: '97c7c03cbf7f36a309c043d38cc5e0a7') in 0.0048358 seconds
Start importing Packages/com.unity.render-pipelines.universal/Editor/2D/ShapeEditor/Resources/Path/pointRemovePreview.png using Guid(91da11e81541eec4e8b125dbf7ac18fe) (TextureImporter) -> (artifact id: '760f98460076526cfb20f9b981ef6840') in 0.0039967 seconds
Start importing Packages/com.unity.render-pipelines.universal/Editor/Gizmos/Camera_PostProcessing.png using Guid(916f43e9d8e15c448a2c8a5d30b26dbd) (TextureImporter) -> (artifact id: '43a40fe9372ba07bdb4874b175766e0b') in 0.005256 seconds
Start importing Packages/com.unity.render-pipelines.core/Editor/LookDev/Icons/Duplicate@2x.png using Guid(91ffd37b0545bf6448f8d937736130a1) (TextureImporter) -> (artifact id: '48a4916ebc472cca1a99bf4b6f8eabf8') in 0.0034257 seconds
Start importing Packages/com.unity.inputsystem/InputSystem/Editor/Icons/d_Dpad@3x.png using Guid(a1b7d9ffed68a47128c5622c13ba4752) (TextureImporter) -> (artifact id: 'a122258824ae991986a319f3d969fafc') in 0.0031928 seconds
Start importing Packages/com.unity.render-pipelines.core/Editor/LookDev/Icons/d_CenterLight@2x.png using Guid(a14e6ee680df42f4c99bf69bc3d6b9ca) (TextureImporter) -> (artifact id: 'ac9eeafd8ce58349f0b1471adbcbe8c0') in 0.0037574 seconds
Start importing Packages/com.unity.render-pipelines.core/Editor/Lighting/Icons/UpSnatch.png using Guid(a1fe8ebe91e101d47af42adec440c3e5) (TextureImporter) -> (artifact id: 'd4e75fd9461ac24af0b3de0f2a279add') in 0.0034577 seconds
Start importing Packages/com.unity.render-pipelines.core/Editor/Lighting/Icons/LightUnitIcons/d_InteriorLight@2x.png using Guid(b1a064fab2aa93e47bd8d558a6ca655b) (TextureImporter) -> (artifact id: '6cf8763b70c3eb09012e1160c5684cc7') in 0.0031401 seconds
Start importing Packages/com.unity.shadergraph/Editor/Resources/Icons/SettingsIcons_hover@2x.png using Guid(b1b079d053c3d0c41952dadf32a89ffd) (TextureImporter) -> (artifact id: 'ce283bbbd4b538aa8201493bb07aa90a') in 0.004346 seconds
Start importing Packages/com.unity.render-pipelines.core/Editor/Lighting/Icons/LightUnitIcons/d_MediumAreaLight.png using Guid(b1826d69c1fcad9488491937a1ef4d84) (TextureImporter) -> (artifact id: '0c3fd76b113830a684639c650f95391c') in 0.0030527 seconds
Start importing Packages/com.unity.render-pipelines.core/Editor/Icons/MipLevels/Volume@256.png using Guid(b1737e8dd5ce0104ca1f1c05b481fad9) (TextureImporter) -> (artifact id: 'b0d1f4b69e7e4014351abd8469779fb5') in 0.0042708 seconds
Start importing Packages/com.unity.render-pipelines.core/Editor/Icons/MipLevels/RenderPipelineResources@64.png using Guid(b1c49d259b9089743b6272150f77b8fe) (TextureImporter) -> (artifact id: 'd9eb0f3f9facf008a7ea262a52419411') in 0.0044927 seconds
Start importing Packages/com.unity.render-pipelines.core/Editor/Lighting/Icons/LightUnitIcons/SoftAreaLight@2x.png using Guid(b14c34aa843e4a14e957505ae407e8c3) (TextureImporter) -> (artifact id: 'cd2c4a05ed0742c2b8eb791ce56871aa') in 0.0035457 seconds
Start importing Packages/com.unity.ai.navigation/EditorResources/Overlay/NavigationOverlay On.png using Guid(c136efa5cc6d99a4d9e7bad0209aea25) (TextureImporter) -> (artifact id: '5bf99379c1cff5abd4c1abd37352e420') in 0.0034018 seconds
Start importing Packages/com.unity.render-pipelines.core/Editor/Lighting/Icons/LightPlacement_Icon@128.png using Guid(c1c8308c6609eff48841494a187bfb72) (TextureImporter) -> (artifact id: '935f98eeb02087837205d8b786757db3') in 0.0039687 seconds
Start importing Packages/com.unity.render-pipelines.core/Editor/Lighting/Icons/Advanced_Pressed_mini.png using Guid(c1d870384c7ed3c49b30d01278bf3949) (TextureImporter) -> (artifact id: 'b6168f49c23a12875e3d1f5197533862') in 0.0028397 seconds
Start importing Packages/com.unity.render-pipelines.core/Editor/Lighting/Icons/LightPlacement_Icon@2x.png using Guid(c179f13951d25f646887d38fa53e6e65) (TextureImporter) -> (artifact id: '70d6f3c6a761b5e34f482e7196e85752') in 0.0030149 seconds
Start importing Packages/com.unity.render-pipelines.universal/Textures/SMAA/AreaTex.tga using Guid(d1f1048909d55cd4fa1126ab998f617e) (TextureImporter) -> (artifact id: '57c1f95c82d7819bff7016735324a408') in 0.0038445 seconds
Start importing Packages/com.unity.render-pipelines.universal/Textures/BlueNoise16/L/LDR_LLL1_26.png using Guid(d18a24d7b4ed50f4387993566d9d3ae2) (TextureImporter) -> (artifact id: '4dd06ffaffc6879fa564a3364f2df2ae') in 0.0028569 seconds
Start importing Packages/com.unity.inputsystem/InputSystem/Editor/Icons/ChevronDown@4x.png using Guid(d1acbe0a708dc40dc80254764e67ecfa) (TextureImporter) -> (artifact id: '0807509c8101e3163dc1d055546fec62') in 0.0029135 seconds
Start importing Packages/com.unity.render-pipelines.core/Editor/Lighting/Icons/LightUnitIcons/d_DecorativeLight@2x.png using Guid(e194061ed57dcf6478bc4a4079ac3998) (TextureImporter) -> (artifact id: '2b2757671064b60fee85973760363f5d') in 0.0032449 seconds
Start importing Packages/com.unity.render-pipelines.core/Editor/LookDev/Icons/RightArrow@2x.png using Guid(e194270977977b24da0c6e1c962a5ce9) (TextureImporter) -> (artifact id: 'ade41bc67dc50cb8f8f5b2036ddab24a') in 0.0059672 seconds
Start importing Packages/com.unity.cinemachine/Editor/EditorResources/Icons/Dark/FOV.png using Guid(e19681a513069400aa38220f89283d8d) (TextureImporter) -> (artifact id: 'ca61677c944dbccc0d94845082cfb10b') in 0.0058711 seconds
Start importing Packages/com.unity.inputsystem/InputSystem/Editor/Icons/d_Position@3x.png using Guid(e1da124f7cbda41a4925397406076a42) (TextureImporter) -> (artifact id: 'cdf103a4ad2cb9019a2439e081fab963') in 0.0052968 seconds
Start importing Packages/com.unity.render-pipelines.core/Editor/Lighting/Icons/LightUnitIcons/SoftAreaLight.png using Guid(e10d9c07adc061a448e00b3e33fad966) (TextureImporter) -> (artifact id: '2dc76489c036ab6a6ce4e0e4e0caed17') in 0.002742 seconds
Start importing Packages/com.unity.render-pipelines.universal/Editor/2D/Resources/SceneViewIcons/PointLight.png using Guid(e1feb27120f96ae4ea48e922cbfd93da) (TextureImporter) -> (artifact id: 'f271432d42ab4924c484fd8f4a398fd2') in 0.0049725 seconds
Start importing Packages/com.unity.splines/Editor/Editor Resources/Icons/Tangent_Linear@2x.png using Guid(f1367877887d28641a98258c207c3bfd) (TextureImporter) -> (artifact id: '7157231d00f3f8e1bc1d389f80067bfd') in 0.003104 seconds
Start importing Packages/com.unity.inputsystem/InputSystem/Editor/Icons/d_Keyboard@2x.png using Guid(f14e3a4027f834f16b235498ac15bb3f) (TextureImporter) -> (artifact id: '9ceaab01e18e83b1f4dc0ae9fffdb9b9') in 0.0027644 seconds
Start importing Packages/com.unity.render-pipelines.universal/Editor/2D/Resources/LightCapDown.png using Guid(02232385c7b444348987d74db8dd7b2e) (TextureImporter) -> (artifact id: '1310c9fa11d626d47b411f9828641c57') in 0.0029942 seconds
Start importing Packages/com.unity.render-pipelines.universal/Editor/2D/ShapeEditor/Resources/Path/tangentNormal.png using Guid(02831714bf266174cbf2a363196c49dc) (TextureImporter) -> (artifact id: '8558df997ccd149d2ab26754a2db2fb6') in 0.0033186 seconds
Start importing Packages/com.unity.render-pipelines.core/Editor/Lighting/Icons/IESProfile.png using Guid(0283fe60f65159b4a86ebabf444e23f9) (TextureImporter) -> (artifact id: '4fc56664e92cb2b56f6e524a7c291714') in 0.0038074 seconds
Start importing Packages/com.unity.render-pipelines.core/Editor/LookDev/Icons/d_LayoutVertical.png using Guid(02c3588c32f640d47bb70ee3fa774fce) (TextureImporter) -> (artifact id: '27eb23e03bf52df12129daf2511f85dd') in 0.0031005 seconds
Start importing Packages/com.unity.render-pipelines.core/Runtime/Debugging/Prefabs/Textures/White1px.png using Guid(127279d577f25ac4ea17dae3782e5074) (TextureImporter) -> (artifact id: 'bd81cda12aaadb842e5ee5aabbcade32') in 0.0036659 seconds
Start importing Packages/com.unity.ugui/Editor Resources/Textures/btn_AlignLeft_Light.psd using Guid(12736c98af174f91827a26b66d2b01b9) (TextureImporter) -> (artifact id: '165d6b58eb62b6c92dadfd18d9763d96') in 0.003856 seconds
Start importing Packages/com.unity.inputsystem/InputSystem/Editor/Icons/d_Keyboard@4x.png using Guid(123b6218ad27a41af933311ee524dcdc) (TextureImporter) -> (artifact id: '17ba38e7bb6bdfc8450823e4cd464249') in 0.0036397 seconds
Start importing Packages/com.unity.render-pipelines.core/Editor/Icons/RenderGraphViewer/d_Texture@2x.png using Guid(126e291066d6c934e99b244ec88e813a) (TextureImporter) -> (artifact id: '5bccb94c546d421ea7a07ecd2b3058f7') in 0.0029501 seconds
Start importing Packages/com.unity.cinemachine/Editor/EditorResources/Icons/Light/FarNearClip.png using Guid(22b1f48a2b5804151ae7f1171cc64c8c) (TextureImporter) -> (artifact id: '411af87fcdd64bbfe2f5f040105e8b7e') in 0.0040839 seconds
Start importing Packages/com.unity.cinemachine/Editor/EditorResources/Icons/Light/FOV.png using Guid(2298d7737762c4efbbac29ffd335454a) (TextureImporter) -> (artifact id: 'e79b00dde0bc1672e21a5aef6fbc1116') in 0.0047113 seconds
Start importing Packages/com.unity.render-pipelines.core/Editor/Icons/MipLevels/d_Volume@256.png using Guid(32b23d5d74f3aee4f9364e34e2f59379) (TextureImporter) -> (artifact id: '335865171686e0442d8079700c2b29e1') in 0.0036133 seconds
Start importing Packages/com.unity.splines/Editor/Editor Resources/Icons/d_KnotPlacementTool@2x.png using Guid(327ae0ec745f75b4b8ef5f30a3328a85) (TextureImporter) -> (artifact id: '90f29062b35d40f314ba247eb3f7bcc6') in 0.0026785 seconds
Start importing Packages/com.unity.render-pipelines.core/Editor/Icons/RenderGraphViewer/Buffer@2x.png using Guid(42f2be07082fcb641bfabb2ccd126ac0) (TextureImporter) -> (artifact id: '5319111abfbf3158820987b9b6108387') in 0.0026342 seconds
Start importing Packages/com.unity.render-pipelines.core/Editor/Lighting/Icons/LightUnitIcons/BlueSky@2x.png using Guid(42382485181c7b4429560828f54a2bae) (TextureImporter) -> (artifact id: '3fa473d064a38c382eb189dd0bb59442') in 0.0027934 seconds
Start importing Packages/com.unity.render-pipelines.universal/Editor/SceneTemplates/Standard/ReflectionProbe-0.exr using Guid(42c8d975867dbb34299217c9b3a62677) (TextureImporter)Starting cubemap convolution for '' (size 128)
...took 0.088 seconds
 -> (artifact id: 'f2170a1baf2aa0a8828be13a893dd350') in 0.2731358 seconds
Start importing Packages/com.unity.inputsystem/InputSystem/Editor/Icons/d_Orientation@3x.png using Guid(424bff4d3ea64400e9b384cb8bebfb96) (TextureImporter) -> (artifact id: 'e7dcb2fa5b7f1e0685aa9f6a2f1217a5') in 0.0034992 seconds
Start importing Packages/com.unity.ai.navigation/EditorResources/d_NavigationWindowIcon.png using Guid(425f55e9ef81a5e48b87c5d6b1bbf35c) (TextureImporter) -> (artifact id: 'de3f22529c92591439d96ba8546851af') in 0.0040501 seconds
Start importing Packages/com.unity.render-pipelines.core/Editor/LookDev/Icons/Camera1@2x.png using Guid(52b3ad4181ffbec4cad6eb26d07127f6) (TextureImporter) -> (artifact id: '153cebf6eaf15ee1dd4b514878743bb5') in 0.0044807 seconds
Start importing Packages/com.unity.render-pipelines.core/Editor/Lighting/Icons/LightUnitIcons/Fluorescent.png using Guid(52dd14d6fa6ca2d46b942c8289a898eb) (TextureImporter) -> (artifact id: '5e2f4ee9fa8d70b38ceb62b0e678def5') in 0.0040191 seconds
Start importing Packages/com.unity.inputsystem/InputSystem/Editor/Icons/Stick.png using Guid(6234dae5cf6f04acb9a51e04d448e444) (TextureImporter) -> (artifact id: '9f05e22372a42286b0056a4c43258df2') in 0.0038959 seconds
Start importing Packages/com.unity.inputsystem/InputSystem/Editor/Icons/d_Axis@3x.png using Guid(62c846073cb844a2b926e4bbd3189647) (TextureImporter) -> (artifact id: '1a57eb3c0a390f2a0c89efac65622e70') in 0.003832 seconds
Start importing Packages/com.unity.inputsystem/InputSystem/Editor/Icons/Orientation@2x.png using Guid(62f8dda50382d487597224e197cbd34f) (TextureImporter) -> (artifact id: '83ef21ce4c5de02fabc73f3009ca2d0c') in 0.0039214 seconds
Start importing Packages/com.unity.inputsystem/InputSystem/Editor/Icons/InputControl@2x.png using Guid(62ce957ca99fe4fcba573a5b141eb113) (TextureImporter) -> (artifact id: '99f1411c51021a6dd044c3581611a939') in 0.0037055 seconds
Start importing Packages/com.unity.render-pipelines.core/Editor/LookDev/Icons/Layout1@2x.png using Guid(8263f1f26524404498d51bfe0b819925) (TextureImporter) -> (artifact id: 'e0e7f7ac71dcc121757a9506fe893be3') in 0.0042498 seconds
Start importing Packages/com.unity.render-pipelines.universal/Editor/2D/ShapeEditor/Resources/Path/pointSelected.png using Guid(826595754b0623345a972ceb7f0d16c5) (TextureImporter) -> (artifact id: '6b2b1f68e9403112fc14b10c56ce8245') in 0.0042428 seconds
Start importing Packages/com.unity.shadergraph/Editor/Resources/Icons/sg_subgraph_icon_gray_light.png using Guid(82b6560ff26e58d48aa33e2869ad14e4) (TextureImporter) -> (artifact id: '2e665c0dc0fc66553845f7e04aa02c84') in 0.0047036 seconds
Start importing Packages/com.unity.inputsystem/InputSystem/Editor/Icons/Touch@2x.png using Guid(82073a8bfd6b8488a89b8796d500d12d) (TextureImporter) -> (artifact id: '026321bc17329afa3f5f9a68a86e32dc') in 0.0048999 seconds
Start importing Packages/com.unity.splines/Editor/Editor Resources/Icons/d_SplineEditMode-Info.png using Guid(8288e6110e30c49fe94fa5891135b64d) (TextureImporter) -> (artifact id: '3a3031c4b605176ec1920d85ac4011e3') in 0.0060895 seconds
Start importing Packages/com.unity.ugui/Editor Resources/Textures/btn_AlignJustified.psd using Guid(92027f7f8cfc4feaa477da0dc38d3d46) (TextureImporter) -> (artifact id: '725363225d32312249e1e4c908979434') in 0.0065795 seconds
Start importing Packages/com.unity.render-pipelines.core/Editor/Icons/MipLevels/RenderPipelineResources@16.png using Guid(9204b01f48caab948aca3a4531851d40) (TextureImporter) -> (artifact id: '52c345a384f814af9c0e2860c3535db7') in 0.0120553 seconds
Start importing Packages/com.unity.ai.navigation/Gizmos/NavMeshLink Icon.png using Guid(92f4afa3e25264f5b964937ccea49ff2) (TextureImporter) -> (artifact id: 'd09433ec39c4e796290434e9786f2a5d') in 0.0067898 seconds
Start importing Packages/com.unity.ugui/Editor Resources/Textures/btn_AlignLeft.psd using Guid(9288066c33474b94b6ee5465f4df1cc0) (TextureImporter) -> (artifact id: '4f2eb0e5a814240a6deef3961913ab70') in 0.0038446 seconds
Start importing Packages/com.unity.splines/Editor/Editor Resources/Icons/d_SplineEditMode-Info@2x.png using Guid(92d8b52044d794450a4f29aec979a34a) (TextureImporter) -> (artifact id: '62a7d8d48538fce47e6739fb8189586d') in 0.0037114 seconds
Start importing Packages/com.unity.ai.navigation/EditorResources/Overlay/d_NavigationOverlay On@2x.png using Guid(a206ff0ddc681e642a2e62fc57a7d51c) (TextureImporter) -> (artifact id: '5218e5de1e030b89b358877dab619a7e') in 0.0036282 seconds
Start importing Packages/com.unity.cinemachine/Editor/EditorResources/Icons/Dark/CmCamera@256.png using Guid(a297feea4ef24434e8c5465fdf835a77) (TextureImporter) -> (artifact id: '0d69cde9dc811dea3575d8e83c2d2038') in 0.0066636 seconds
Start importing Packages/com.unity.render-pipelines.core/Editor/Lighting/Icons/LightUnitIcons/d_IntenseAreaLight.png using Guid(a20ce10a62e5d924a84f1a723e96c07e) (TextureImporter) -> (artifact id: 'be134ca9574c69aefe38d8c8cdf00b21') in 0.0040888 seconds
Start importing Packages/com.unity.render-pipelines.universal/Textures/BlueNoise16/L/LDR_LLL1_24.png using Guid(a2ec5cbf5a9b64345ad3fab0912ddf7b) (TextureImporter) -> (artifact id: '1629a090ca1a5d81761c2da500cc2bb9') in 0.00397 seconds
Start importing Packages/com.unity.ugui/Editor Resources/Textures/btn_AlignMidLine.psd using Guid(c2f7f6a88b4c4f20a53deb72f3d9144c) (TextureImporter) -> (artifact id: '9290cd277c7cb6366753b0e5ab7597c1') in 0.0042579 seconds
Start importing Packages/com.unity.inputsystem/InputSystem/Editor/Icons/Joystick.png using Guid(c28849deb3e3b45c98965e7efd26f7be) (TextureImporter) -> (artifact id: '03ab82f12b0f602c9f610140dcc7d0fe') in 0.0040605 seconds
Start importing Packages/com.unity.render-pipelines.core/Editor/Icons/RenderGraphViewer/d_Refresh@2x.png using Guid(d285b5fd5692f2546884cd28a928e1da) (TextureImporter) -> (artifact id: '1fd4b01ed52c5771e5e5cb6887764781') in 0.0039666 seconds
Start importing Packages/com.unity.inputsystem/InputSystem/Editor/Icons/d_InputControl@4x.png using Guid(e2078613efd9e410c8771cbd2717f4e7) (TextureImporter) -> (artifact id: '63008901f35ad0582c1e8a31e13d191e') in 0.0041272 seconds
Start importing Packages/com.unity.render-pipelines.core/Editor/Lighting/Icons/d_LightPlacement_Icon@64.png using Guid(e20f6d92d0ae13040bfcbe8ef57da036) (TextureImporter) -> (artifact id: '12c62d0e8963501684ff6dac85c918b1') in 0.0038121 seconds
Start importing Packages/com.unity.render-pipelines.core/Runtime/Debugging/Prefabs/Textures/UIArrowDown.png using Guid(f224bfd122877a34aa49c63693fc317b) (TextureImporter) -> (artifact id: '90383e90d39df52ca57de12e449de478') in 0.0043074 seconds
Start importing Packages/com.unity.inputsystem/InputSystem/Editor/Icons/d_Stick@4x.png using Guid(f2fd4d7aa99c94a67a6a137fe979a760) (TextureImporter) -> (artifact id: '312d9adf883bb893227e8485f577ce94') in 0.0042383 seconds
Start importing Packages/com.unity.cinemachine/Editor/EditorResources/Icons/Dark/CmExtension@256.png using Guid(032119d7426fa4256a408afec1829ac7) (TextureImporter) -> (artifact id: 'daca6082609f2414a205f3e7f56c9556') in 0.0071213 seconds
Start importing Packages/com.unity.inputsystem/InputSystem/Editor/Icons/d_Stick@3x.png using Guid(03c3559bb64164f7785cd1250e475250) (TextureImporter) -> (artifact id: '43e90c3970125d81f3c5d39f30f6d321') in 0.0040747 seconds
Start importing Packages/com.unity.shadergraph/Editor/Resources/GraphView/Nodes/PreviewCollapse.png using Guid(03d3df9748467354ab39a973710a3a30) (TextureImporter) -> (artifact id: '6779e6b19e298560a22431cadcfe8bdc') in 0.0038604 seconds
Start importing Packages/com.unity.inputsystem/InputSystem/Editor/Icons/d_Button.png using Guid(0309256f03c114697813e2296f0a1f18) (TextureImporter) -> (artifact id: 'b384fe37168f00a3d07abeb0c3e6cb4d') in 0.0033256 seconds
Start importing Packages/com.unity.render-pipelines.core/Editor/Lighting/Icons/LightUnitIcons/DirectSunlight@2x.png using Guid(03ea000956f47584c872d8b4df47f5ee) (TextureImporter) -> (artifact id: 'cf602fd0a36ec892aab4758be5d2a282') in 0.0037112 seconds
Start importing Packages/com.unity.render-pipelines.core/Editor/Lighting/Icons/LightUnitIcons/d_Overcast@2x.png using Guid(036f58abb8f232d41b3928a31433cf81) (TextureImporter) -> (artifact id: '1f61f3cbd8ccb4ca14db6d0969d34c91') in 0.0033838 seconds
Start importing Packages/com.unity.render-pipelines.core/Editor/Icons/MipLevels/VolumeProfile@128.png using Guid(13d6273ce5597af4f841001aa751c423) (TextureImporter) -> (artifact id: '75ae904aac88493e3b27fdfb2a928730') in 0.0038705 seconds
Start importing Packages/com.unity.cinemachine/Editor/EditorResources/Icons/Dark/CmComponent@256.png using Guid(13a8f64bcf72e441e89a7114d5ab78c2) (TextureImporter) -> (artifact id: '64a64d3bf06a32d8090ffc39c2cb49a9') in 0.0065843 seconds
Start importing Packages/com.unity.inputsystem/InputSystem/Editor/Icons/Pen@2x.png using Guid(13fb345befe624412ac0bd0138d7bcf2) (TextureImporter) -> (artifact id: '64450a5a3f0aaa1aa8501d5f8f6f49b2') in 0.0056531 seconds
Start importing Packages/com.unity.render-pipelines.core/Editor/Icons/RenderGraphViewer/Global@2x.png using Guid(13acc8e36620f0c499762b092afc9538) (TextureImporter) -> (artifact id: 'c26c85a2e3d993af0d3670c6c9635e20') in 0.0059276 seconds
Start importing Packages/com.unity.render-pipelines.core/Editor/LookDev/Icons/Camera1.png using Guid(2384eb5de05269b44a58f8dd1d83d725) (TextureImporter) -> (artifact id: 'e2dcd54f072c098816589acfe7665775') in 0.0052309 seconds
Start importing Packages/com.unity.render-pipelines.core/Editor/Icons/RenderGraphViewer/Import@2x.png using Guid(23d6b8595de0e04429daf108638fe785) (TextureImporter) -> (artifact id: 'e2914584d9eaff0d1928a21f7a5fa99c') in 0.0032653 seconds
Start importing Packages/com.unity.render-pipelines.universal/Textures/BlueNoise256/LDR_LLL1_5.png using Guid(3302065f671a8450b82c9ddf07426f3a) (TextureImporter) -> (artifact id: '12e4bea4e5c3b09e01a25d1fd368e712') in 0.0063025 seconds
Start importing Packages/com.unity.inputsystem/InputSystem/Editor/AssetEditor/Resources/blue.png using Guid(33f32142c2c2d4662be5f5274db27158) (TextureImporter) -> (artifact id: '1376d3aeb9c87f0b0292624cc1fae556') in 0.0033028 seconds
Start importing Packages/com.unity.ai.navigation/EditorResources/Overlay/NavigationOverlay On@2x.png using Guid(334589c596cc053418f700189f91111c) (TextureImporter) -> (artifact id: '0f0432e0a8a3efbd50a8edb01b95f8e0') in 0.0046962 seconds
Start importing Packages/com.unity.cinemachine/Editor/EditorResources/Icons/Light/CmExtension@256.png using Guid(3327a326efc0c4079a8eada111b11d29) (TextureImporter) -> (artifact id: '0b851ec63c09d81f6d119587e777f4df') in 0.0056997 seconds
Start importing Packages/com.unity.render-pipelines.core/Editor/Lighting/Icons/LightUnitIcons/Candlelight@2x.png using Guid(3387986904fe97b4cb1a1b607d1e7039) (TextureImporter) -> (artifact id: '07b12a5e559c2f7836f4f33fff2c189c') in 0.0039633 seconds
Start importing Packages/com.unity.render-pipelines.core/Editor/Icons/RenderGraphViewer/d_Import@2x.png using Guid(33191aa3ed97cff4aa04bf4719f713ed) (TextureImporter) -> (artifact id: 'cb1c5704c483c47be48fbb7968d01177') in 0.004128 seconds
Start importing Packages/com.unity.render-pipelines.universal/Textures/BlueNoise256/LDR_LLL1_7.png using Guid(331c5658939a2461d8c7a0b3691eb7d5) (TextureImporter) -> (artifact id: '10ada3ecfa69a5ca07678059b40b6a6a') in 0.005126 seconds
Start importing Packages/com.unity.render-pipelines.core/Editor/Icons/RenderGraphViewer/dash.png using Guid(33ff6e2aa12671544bb4df30e6443789) (TextureImporter) -> (artifact id: '251f03bcbb7cf2de57c12b2c933a90cd') in 0.0035807 seconds
Start importing Packages/com.unity.rendering.light-transport/Runtime/Sampling/Textures/SobolBlueNoise/RankingTile256SPP.png using Guid(5307d6e84442b0849b7ee235964e578d) (TextureImporter) -> (artifact id: '8d04f543c729dd7588497c0a56612c79') in 0.0077809 seconds
Start importing Packages/com.unity.shadergraph/Editor/Resources/Icons/SettingsIcons.png using Guid(53bf71ace226b574d88c828e8b631aae) (TextureImporter) -> (artifact id: '32ae24a14b58201d100eec9f7f183a2f') in 0.0035152 seconds
Start importing Packages/com.unity.splines/Editor/Editor Resources/Icons/d_Tangent_Linear On.png using Guid(63d6e4c877b21dc4d8ab48925ba1ad41) (TextureImporter) -> (artifact id: '78963bf0217fba9a48bdf2214404689d') in 0.0044535 seconds
Start importing Packages/com.unity.ai.navigation/EditorResources/Overlay/NavigationOverlay@16.png using Guid(731522d95656bec42a5fc0bdc672ebe9) (TextureImporter) -> (artifact id: 'b2809b2164afd82476bf5b882f3b1296') in 0.0035063 seconds
Start importing Packages/com.unity.render-pipelines.core/Editor/Lighting/Icons/LightUnitIcons/d_DecorativeLight.png using Guid(73e9cf59769215c4892d0a8008f39737) (TextureImporter) -> (artifact id: '90c09478be75e4c9f6b8afaa8d09f194') in 0.0032594 seconds
Start importing Packages/com.unity.render-pipelines.core/Runtime/Debug/ProbeVolumeNumbersDisplayTex.png using Guid(73fe53b428c5b3440b7e87ee830b608a) (TextureImporter) -> (artifact id: '0c882164616e9f670c432c6449d4bbd4') in 0.0071814 seconds
Start importing Packages/com.unity.inputsystem/InputSystem/Editor/Icons/d_Gamepad@4x.png using Guid(83438053370c84456a73f7f95ef821fb) (TextureImporter) -> (artifact id: 'b9d41afeed71c712b6b948b249c1e558') in 0.0043875 seconds
Start importing Packages/com.unity.inputsystem/InputSystem/Editor/Icons/d_Keyboard.png using Guid(83382fb171da648c594229ca6fa7ad94) (TextureImporter) -> (artifact id: '52b844431c7ab2855652d3dc36c605ff') in 0.004828 seconds
Start importing Packages/com.unity.render-pipelines.core/Editor/LookDev/Icons/d_LayoutHorizontal.png using Guid(83cbec96661199e408a744d4c3e586e2) (TextureImporter) -> (artifact id: 'bd4386f698f77c849f42d60112c29be8') in 0.0061858 seconds
Start importing Packages/com.unity.inputsystem/InputSystem/Editor/Icons/Position@2x.png using Guid(a3fa73829479e4b41965e749fcca7c12) (TextureImporter) -> (artifact id: '0d576251ff1b9953a47c1f7913d18d24') in 0.0075156 seconds
Start importing Packages/com.unity.cinemachine/Editor/EditorResources/Icons/Dark/CmTrack@256.png using Guid(a3aeb1e9df0434782ba09fdf32c56611) (TextureImporter) -> (artifact id: '115b7f4df2b67a0f882301931effd3c1') in 0.0091449 seconds
Start importing Packages/com.unity.render-pipelines.core/Editor/Lighting/Icons/LightUnitIcons/ExteriorLight@2x.png using Guid(a3fe770bc25a98540958d57e10f2a5fd) (TextureImporter) -> (artifact id: '7a76329f87b6d54c39a8f3a8ce047902') in 0.0111875 seconds
Start importing Packages/com.unity.render-pipelines.core/Runtime/Debugging/Prefabs/Textures/UICheckMark.png using Guid(b346b2a2df1d290438be3287b6419408) (TextureImporter) -> (artifact id: 'b427723643ba99590b0007df3de26bae') in 0.0041473 seconds
Start importing Packages/com.unity.render-pipelines.core/Editor/Lighting/Icons/Advanced_UnPressed_mini.png using Guid(b356b95f05b77cf49a1b8241134f44c4) (TextureImporter) -> (artifact id: '9683fe970cef1514736d08fb0ed471e2') in 0.0043545 seconds
Start importing Packages/com.unity.render-pipelines.universal/Editor/2D/Resources/InspectorIcons/PointLight.png using Guid(b3ab972b21db85d48ade9657efdd4771) (TextureImporter) -> (artifact id: '3153454062f6e09076867062619244f7') in 0.0033127 seconds
Start importing Packages/com.unity.ai.navigation/EditorResources/Overlay/d_NavigationOverlay On@64.png using Guid(b3cd430fb0ffe164fa829262bb9e1d4b) (TextureImporter) -> (artifact id: '18886549037a195063a4f5af92f1588c') in 0.0043657 seconds
Start importing Packages/com.unity.render-pipelines.core/Editor/Lighting/Icons/LightUnitIcons/CloudySky@2x.png using Guid(c30d00a81d6542c40ae1837621e3969e) (TextureImporter) -> (artifact id: 'fb642e2381ec5de98548e0ad110938c0') in 0.0053277 seconds
Start importing Packages/com.unity.render-pipelines.core/Editor/Icons/MipLevels/Volume@32.png using Guid(d35462a3f88c67241b7b7cd6dc624ccb) (TextureImporter) -> (artifact id: 'ec3ef4562ec79b4ae433aa8b748d0dbc') in 0.004177 seconds
Start importing Packages/com.unity.render-pipelines.universal/Textures/BlueNoise16/L/LDR_LLL1_18.png using Guid(d36f0fe53425e08499a2333cf423634c) (TextureImporter) -> (artifact id: '86f11faca548bb1087da82a4a8daef0d') in 0.0045574 seconds
Start importing Packages/com.unity.ugui/Editor Resources/Textures/SectionHeader_Light.psd using Guid(e3b0f810fdea84e40ab4ba20f256f7e8) (TextureImporter) -> (artifact id: '6a8bcf51421c7fdf4c9f8b9a2cb095c3') in 0.0051719 seconds
Start importing Packages/com.unity.ai.navigation/EditorResources/Overlay/NavigationOverlay.png using Guid(e3f0b16456276c94aab8bd6664208dc3) (TextureImporter) -> (artifact id: 'a447e165a05446af2501dd66af844dcb') in 0.0035097 seconds
Start importing Packages/com.unity.render-pipelines.universal/Textures/BlueNoise256/LDR_LLL1_4.png using Guid(e32226222ff144b24bf3a5a451de54bc) (TextureImporter) -> (artifact id: '26bdf00c1f5e25f5fce48e56354c0045') in 0.00727 seconds
Start importing Packages/com.unity.render-pipelines.universal/Textures/BlueNoise64/L/LDR_LLL1_0.png using Guid(e3d24661c1e055f45a7560c033dbb837) (TextureImporter) -> (artifact id: '7d4b47f1f1b01577b9a653885159efae') in 0.0035811 seconds
Start importing Packages/com.unity.render-pipelines.universal/Editor/Gizmos/Camera_UI.png using Guid(e3c6759aa8004ae458959d7fe48d6a74) (TextureImporter) -> (artifact id: '13aee60dd9d839bbd1d0e1fb97382a13') in 0.0081577 seconds
Start importing Packages/com.unity.render-pipelines.universal/Editor/2D/ShapeEditor/Resources/TangentContinuous.png using Guid(f3d009ca5277c90499f90541e08d8021) (TextureImporter) -> (artifact id: '42b4a432316592a115ca39cc8109c516') in 0.0031966 seconds
Start importing Packages/com.unity.searcher/Editor/Resources/FlatSkin/SearchSmallDownOn.png using Guid(f353e9d22eb9164499dd70cb41b00244) (TextureImporter) -> (artifact id: '7708a870fe7036132f6286b71ecf1834') in 0.0029537 seconds
Start importing Packages/com.unity.render-pipelines.core/Editor/LookDev/Icons/LayoutHorizontal@2x.png using Guid(f3fe1e478135ed34db9a1f6707f52c6a) (TextureImporter) -> (artifact id: '99feeabc1a64f39e715842e43e263bc5') in 0.0033432 seconds
Start importing Packages/com.unity.render-pipelines.core/Editor/Lighting/Icons/LightUnitIcons/d_IntenseAreaLight@2x.png using Guid(0493fb4c3bbfd6a4396f7f221b5ce034) (TextureImporter) -> (artifact id: '9dd2711cba9f0cca8cdf91644c8e1358') in 0.0032842 seconds
Start importing Packages/com.unity.render-pipelines.core/Editor/Lighting/Icons/LightUnitIcons/BrightSky@2x.png using Guid(04c70b69874deb746a4c63f1a29f7715) (TextureImporter) -> (artifact id: '3ad4f446a59a074fedce3bcd41be77b7') in 0.0034064 seconds
Start importing Packages/com.unity.render-pipelines.core/Editor/LookDev/Icons/Remove@2x.png using Guid(049c8a7821177594692244298d82e4af) (TextureImporter) -> (artifact id: 'a0840918c3d589b5baff9a0d19fe16cc') in 0.0035584 seconds
Start importing Packages/com.unity.ai.navigation/EditorResources/Overlay/NavigationOverlay@256.png using Guid(1497075210b6dcd4c8f31ecfc6c5c79c) (TextureImporter) -> (artifact id: 'd561964fa4bea350fa45f330e04ef19d') in 0.0042487 seconds
Start importing Packages/com.unity.render-pipelines.universal/Textures/BlueNoise16/L/LDR_LLL1_17.png using Guid(14381521ff11cb74abe3fe65401c23be) (TextureImporter) -> (artifact id: '7ab82138fbd43972ba862b609155c46e') in 0.0031588 seconds
Start importing Packages/com.unity.render-pipelines.universal/Editor/Gizmos/Camera_Base.png using Guid(24b1fe14c2b41d6489a7e7819483df6b) (TextureImporter) -> (artifact id: 'a797834aefbf6bfc7b6d27b15c41acdb') in 0.0048028 seconds
Start importing Packages/com.unity.inputsystem/InputSystem/Editor/Icons/d_Axis.png using Guid(34f9452ba2ee14c0b9c976800caef571) (TextureImporter) -> (artifact id: '4c9ad795912f6a6fbf4993c61d373cef') in 0.0036869 seconds
Start importing Packages/com.unity.ugui/Editor Resources/Textures/btn_AlignRight.psd using Guid(342a0f8aca7f4f0691338912faec0494) (TextureImporter) -> (artifact id: '48995def8b4a9435a301d0aecfda989f') in 0.003856 seconds
Start importing Packages/com.unity.ai.navigation/EditorResources/Overlay/NavigationOverlay On@128.png using Guid(44837f46c53a42246a6de7fa161e0d00) (TextureImporter) -> (artifact id: 'acd951b20091524c11aaf037dbfb53f5') in 0.003854 seconds
Start importing Packages/com.unity.render-pipelines.core/Editor/Lighting/Icons/d_LightPlacement_Icon On@256.png using Guid(4439e27e7ae7188468effbc23418e0e1) (TextureImporter) -> (artifact id: '07cfd5dd1c592fb8fb7a12617994e4c4') in 0.0058134 seconds
Start importing Packages/com.unity.inputsystem/InputSystem/Editor/Icons/d_Interactive Binding@3x.png using Guid(542599ad529004327a7b18f7b2a4aeb8) (TextureImporter) -> (artifact id: '28dfabf936a3bacc8b8bef252fa77754') in 0.0038324 seconds
Start importing Packages/com.unity.render-pipelines.universal/Editor/2D/ShapeEditor/Resources/Path/pointPreview.png using Guid(6420d2b2a65130f4396f11f0a46d8c2e) (TextureImporter) -> (artifact id: '799835472c96261225a3473f8c6f905c') in 0.0038083 seconds
Start importing Packages/com.unity.ugui/Editor Resources/Textures/btn_AlignFlush_Light.psd using Guid(64b9fad609434c489c32b1cdf2004a1c) (TextureImporter) -> (artifact id: '332d8a7fcb40e220743bd6b8a651ed83') in 0.0039669 seconds
Start importing Packages/com.unity.ai.navigation/EditorResources/Overlay/d_NavigationOverlay On@256.png using Guid(642f7453935154b44afc516c07b1d009) (TextureImporter) -> (artifact id: '062b2fe043e9d1c73cc7b4cd74bdbdbf') in 0.0054285 seconds
Start importing Packages/com.unity.splines/Editor/Editor Resources/Icons/SplineComponent@2x.png using Guid(74e0f4cadf762ff468bb8bb11c2ca3c7) (TextureImporter) -> (artifact id: '87fe6e3a9409d9abe58462e2c45378de') in 0.0037611 seconds
Start importing Packages/com.unity.render-pipelines.core/Editor/Lighting/Icons/PresetFill_Left.png using Guid(84767f608f72f5a4090837fc328dd75f) (TextureImporter) -> (artifact id: '9f0d07927c6a44011dcaa75a29208a22') in 0.0043299 seconds
Start importing Packages/com.unity.render-pipelines.core/Editor/LookDev/Icons/d_LeftArrow.png using Guid(84189b4c7caeef3419b6b031b8812685) (TextureImporter) -> (artifact id: 'da50d4477f1ef9ba279ae8edec0a784a') in 0.0034633 seconds
Start importing Packages/com.unity.shadergraph/Editor/Resources/GraphView/Nodes/NodeChevronUp@2x.png using Guid(94c5e3f4e8affed4285a0c674a431b9e) (TextureImporter) -> (artifact id: 'a37ac8d5b4af8aa66a42834cfe061097') in 0.0038124 seconds
Start importing Packages/com.unity.render-pipelines.core/Editor/Lighting/Icons/LightUnitIcons/d_SoftAreaLight.png using Guid(940a20d919196f1408474a7b7057f4b9) (TextureImporter) -> (artifact id: 'e135eb8524d5b35a20bfd489a97369de') in 0.0037724 seconds
Start importing Packages/com.unity.inputsystem/InputSystem/Editor/Icons/d_Touch.png using Guid(94fa2e214a138425e8afbbe1329e0b55) (TextureImporter) -> (artifact id: 'da44e3b642e11ca51e9bb064a2b7ff5b') in 0.0035357 seconds
Start importing Packages/com.unity.render-pipelines.core/Editor/LookDev/Icons/d_Link.png using Guid(94ec4fdf9502c3747b5c0754ca18919e) (TextureImporter) -> (artifact id: '9102c8700a2e1a990837b3e1b7e7a753') in 0.0064748 seconds
Start importing Packages/com.unity.inputsystem/InputSystem/Editor/AssetEditor/Resources/pro/actionTreeBackgroundWithoutBorder.png using Guid(943deaaee9c9347e0a455aa208526c42) (TextureImporter) -> (artifact id: '0c175c66d0a173dfef2945ad4dfefd47') in 0.0123338 seconds
Start importing Packages/com.unity.inputsystem/InputSystem/Editor/Icons/Joystick@3x.png using Guid(a4610f64a5a4e4625b1ddbd44b04c5a6) (TextureImporter) -> (artifact id: '51e7eeee866988351c7dac04a7ec7817') in 0.0035983 seconds
Start importing Packages/com.unity.render-pipelines.core/Editor/LookDev/Icons/d_Environment@2x.png using Guid(a4638c6b8e07c0b49822ed7a91a96d0a) (TextureImporter) -> (artifact id: 'c86470ea821cc3ab59ee69ccd59f5f3a') in 0.0049415 seconds
Start importing Packages/com.unity.inputsystem/InputSystem/Editor/Icons/TrackedPoseDriver.png using Guid(a4d5a38cb01e9c54aa75431f797059cb) (TextureImporter) -> (artifact id: '699524aa77c8764785ce3e333a5f4e87') in 0.0035519 seconds
Start importing Packages/com.unity.inputsystem/InputSystem/Editor/Icons/d_Add Binding.png using Guid(a4bbff684804d4c84b61cd0256cd2360) (TextureImporter) -> (artifact id: 'e28cf80c3e4c24475ca43bb391e64650') in 0.0081732 seconds
Start importing Packages/com.unity.inputsystem/InputSystem/Editor/Icons/Position@3x.png using Guid(a43c2c10c85c448b584c8f2840f86915) (TextureImporter) -> (artifact id: '17f7e7bc1d31cc13b49e291cfb7be890') in 0.0034892 seconds
Start importing Packages/com.unity.inputsystem/InputSystem/Editor/Icons/Stick@3x.png using Guid(a4deca3e01bf64bfc9136f4cb3b41c9f) (TextureImporter) -> (artifact id: 'ab28a6804d7427ea266f34e31be5b192') in 0.0033979 seconds
Start importing Packages/com.unity.render-pipelines.core/Editor/Resources/Gizmos/ProbeVolume.png using Guid(a4aff83690b661e4fab719effabef2a9) (TextureImporter) -> (artifact id: '82976ecbefc59a60cd2b8d79233b744c') in 0.0053598 seconds
Start importing Packages/com.unity.render-pipelines.universal/Textures/FilmGrain/Medium06.png using Guid(b4db8180660810945bf8d55ab44352ad) (TextureImporter) -> (artifact id: 'f08cd8356e7f14bb35ffb8dda2d176ea') in 0.0118572 seconds
Start importing Packages/com.unity.render-pipelines.universal/Editor/2D/Resources/LightCapTopRight.png using Guid(b42c95bdd7efefc43900dbbedc4a39f8) (TextureImporter) -> (artifact id: 'd82414a328632183043c4fa8ea96c908') in 0.0033654 seconds
Start importing Packages/com.unity.inputsystem/InputSystem/Editor/Icons/d_InputControl@2x.png using Guid(c4235c4abfa134435bd4c8c1f8fd8c56) (TextureImporter) -> (artifact id: '6b6f425e2811f0e6d03427c1f7c970ca') in 0.0037718 seconds
Start importing Packages/com.unity.inputsystem/InputSystem/Editor/AssetEditor/Resources/pro/actionTreeBackground.png using Guid(c4b66e31395c54087a2fbc13ae7e0f3c) (TextureImporter) -> (artifact id: '62110eeaf7a45b54fc148fdcab768c50') in 0.0036866 seconds
Start importing Packages/com.unity.inputsystem/InputSystem/Editor/Icons/ChevronUp@4x.png using Guid(c4f7551c56dfb47a7a105b6579646d2f) (TextureImporter) -> (artifact id: 'ae62466604af35a3153dc44c4ffede0b') in 0.0040397 seconds
Start importing Packages/com.unity.render-pipelines.core/Editor/Lighting/Icons/d_LightPlacement_Icon@32.png using Guid(c4f74ec1885109d438846c229989bcf9) (TextureImporter) -> (artifact id: '78b34fd23871ae521eec7fbf1746b130') in 0.0039438 seconds
Start importing Packages/com.unity.render-pipelines.universal/Textures/BlueNoise16/L/LDR_LLL1_19.png using Guid(d4044ea2490d63b43aa1765f8efbf8a9) (TextureImporter) -> (artifact id: 'c556bdb52c539413f58c8bc805d51375') in 0.003773 seconds
Start importing Packages/com.unity.render-pipelines.core/Editor/Icons/MipLevels/VolumeProfile@32.png using Guid(d437cf5f006f8e74eb25c84d04daa681) (TextureImporter) -> (artifact id: 'cd1e73497f9dc1b1f58eae347d13c51c') in 0.0038215 seconds
Start importing Packages/com.unity.render-pipelines.core/Runtime/Debugging/Prefabs/Textures/UIElement8px.png using Guid(d49e78756811bfa4aafb8b6535417991) (TextureImporter) -> (artifact id: '97e5e8a4a569906d2ea95ed6d705397d') in 0.0041455 seconds
Start importing Packages/com.unity.splines/Editor/Editor Resources/Icons/ToolHandleParent@2x.png using Guid(d4cfecd590dd84bae905de63a1fc94ae) (TextureImporter) -> (artifact id: 'f3b100ee8cb3397193014fcba2f8d6ac') in 0.0043984 seconds
Start importing Packages/com.unity.render-pipelines.core/Editor/Lighting/Icons/LightUnitIcons/IntenseAreaLight.png using Guid(d4df75c76c1661847b6902f889b44bcb) (TextureImporter) -> (artifact id: '83d75ec5c55c396475831cf47b7d8cc3') in 0.0039401 seconds
Start importing Packages/com.unity.render-pipelines.core/Editor/Lighting/Icons/LightUnitIcons/d_VeryBrightSun@2x.png using Guid(e4e685bec200b3c45a29e88e2eeb8ddb) (TextureImporter) -> (artifact id: '5ff40b659c6dc001c61798623d5fadfb') in 0.004058 seconds
Start importing Packages/com.unity.ai.navigation/Gizmos/NavMeshSurface Icon.png using Guid(e4f97225bcfb64760a1c81f460837f01) (TextureImporter) -> (artifact id: '872b3fc5b0feac53e4a7e5119fd4078c') in 0.0073185 seconds
Start importing Packages/com.unity.inputsystem/InputSystem/Editor/Icons/d_ChevronUp@4x.png using Guid(e46ad23216d074f828f3437b21912c64) (TextureImporter) -> (artifact id: '0c3e68501e841dbc07f7572e72d5ca8b') in 0.0040464 seconds
Start importing Packages/com.unity.inputsystem/InputSystem/Editor/Icons/d_Interactive Binding@4x.png using Guid(f4e6ca70dd9734da1a812be882c6364e) (TextureImporter) -> (artifact id: '43b3cd5d008e017e2806372e457b3d02') in 0.0039303 seconds
Start importing Packages/com.unity.render-pipelines.universal/Editor/2D/Resources/LightCapTopLeft.png using Guid(f4f779c88fa8c514d970afbd68ff6b3f) (TextureImporter) -> (artifact id: '17928bb111e87ee413c1e534f1dcf4e9') in 0.0037486 seconds
Start importing Packages/com.unity.render-pipelines.core/Editor/Lighting/Icons/DownSnatch.png using Guid(f4efccbcc00042141b8f7f63392439b5) (TextureImporter) -> (artifact id: 'e64b39702405019b4827bcde7abf974a') in 0.0047151 seconds
Start importing Packages/com.unity.inputsystem/InputSystem/Editor/Icons/Mouse@3x.png using Guid(05bbafd21bf3c4cca93cb8ddfbbd4070) (TextureImporter) -> (artifact id: '666f0f5a0415682ddda4325da9f9b23f') in 0.0051864 seconds
Start importing Packages/com.unity.ai.navigation/EditorResources/Overlay/NavigationOverlay On@64.png using Guid(151753cf3d5916d4fbf624668c268675) (TextureImporter) -> (artifact id: 'fad6b605de7faaddd3fc5796012a48ae') in 0.0041096 seconds
Start importing Packages/com.unity.inputsystem/InputSystem/Editor/Icons/ChevronDown@2x.png using Guid(153c8e15f7f6c452ca50f6795813ed39) (TextureImporter) -> (artifact id: 'b18f4b599d5aac28c157c893cc8ef857') in 0.0042944 seconds
Start importing Packages/com.unity.inputsystem/InputSystem/Editor/Icons/d_Position@2x.png using Guid(2552e303d22424da2ad62552efbd06e8) (TextureImporter) -> (artifact id: '3534cef6bfbdad94a90fb14ffd4c1c46') in 0.0038127 seconds
Start importing Packages/com.unity.render-pipelines.universal/Editor/2D/ShapeEditor/Resources/ShapeTool.png using Guid(357468e90e97b1f48af3e576fd164ceb) (TextureImporter) -> (artifact id: 'd721448361ff6480b141a9339ed25295') in 0.0036518 seconds
Start importing Packages/com.unity.render-pipelines.core/Editor/Icons/RenderGraphViewer/FramebufferFetch@2x.png using Guid(35a75acf988224d4da424a5a42cdaaf9) (TextureImporter) -> (artifact id: '6a4f628a8a9e5578d136e867e18c648a') in 0.0039538 seconds
Start importing Packages/com.unity.render-pipelines.core/Editor/Icons/RenderGraphViewer/Refresh@2x.png using Guid(35eb147be8b67e341a52b0c1d3b4a600) (TextureImporter) -> (artifact id: '747eaa85b4119c936c4dca7bae210e58') in 0.0037747 seconds
Start importing Packages/com.unity.render-pipelines.core/Editor/LookDev/Icons/Layout2@2x.png using Guid(356caeb1305bf794e94ecd5161f8e6e3) (TextureImporter) -> (artifact id: '8575277a9500f9d40756e2981348d17f') in 0.0057017 seconds
Start importing Packages/com.unity.render-pipelines.core/Editor/LookDev/Icons/Duplicate.png using Guid(352dd7fc77ee28c479bf6504efe94f16) (TextureImporter) -> (artifact id: 'c1081c840e261b545668543fce4212fd') in 0.0069839 seconds
Start importing Packages/com.unity.ugui/Editor Resources/Textures/btn_AlignCenterGeo_Light.psd using Guid(35ff0937876540d3bd4b6a941df62a92) (TextureImporter) -> (artifact id: '917f3126ca8441525e128f217f5b1dfb') in 0.0036874 seconds
Start importing Packages/com.unity.render-pipelines.core/Editor/LookDev/Icons/Link.png using Guid(45751a4124f67c443bf96ed1df7c550b) (TextureImporter) -> (artifact id: 'c24e2eaffb4bd7bc1a9e02a07d84f2df') in 0.0041886 seconds
Start importing Packages/com.unity.inputsystem/InputSystem/Editor/Icons/d_Stick.png using Guid(55040e210fa9b426b861a26909ab4de7) (TextureImporter) -> (artifact id: 'c0917d12352de3e9352b8a934faaf930') in 0.0122039 seconds
Start importing Packages/com.unity.render-pipelines.universal/Textures/FilmGrain/Thin01.png using Guid(654c582f7f8a5a14dbd7d119cbde215d) (TextureImporter) -> (artifact id: '5f9d183a7bf3e16d839c22b44471d932') in 0.0186241 seconds
Start importing Packages/com.unity.inputsystem/InputSystem/Editor/Icons/Gamepad@4x.png using Guid(7543bb6341c2140f292c8c852e7a3bbf) (TextureImporter) -> (artifact id: '07ee30c0999b721271b79750df3cb864') in 0.0071563 seconds
Start importing Packages/com.unity.render-pipelines.core/Editor/LookDev/Icons/LookDev.png using Guid(85099cb723efe4444a23b08281d721c2) (TextureImporter) -> (artifact id: '3def38e01e7b37a6b0e894f6d8d82776') in 0.0038802 seconds
Start importing Packages/com.unity.shadergraph/Editor/Resources/GraphView/Nodes/NodeChevronRight.png using Guid(951848ba8b6205940a9bd1b8fdd4d796) (TextureImporter) -> (artifact id: 'a304cad8e0553a4b9633599d7086c2dc') in 0.0035981 seconds
Start importing Packages/com.unity.splines/Editor/Editor Resources/Icons/KnotPlacementTool.png using Guid(954ac4bd24b73a540a2e84414caf856c) (TextureImporter) -> (artifact id: 'acb8df1e955a347716394f0b082975b1') in 0.0032038 seconds
Start importing Packages/com.unity.inputsystem/InputSystem/Editor/Icons/Add Binding.png using Guid(958a10dec4f3a4764bb345b0aa03510b) (TextureImporter) -> (artifact id: '709a7018c53bc0df739110bf14f6cb2d') in 0.0031727 seconds
Start importing Packages/com.unity.shadergraph/Editor/Resources/Icons/blackboard.png using Guid(954de74b6fa234cfbb474898019e0acf) (TextureImporter) -> (artifact id: 'ae923c7053106ad31ab0da15e9f07089') in 0.003365 seconds
Start importing Packages/com.unity.render-pipelines.core/Editor/Lighting/Icons/LightUnitIcons/d_BrightSky.png using Guid(a543c2d2147884347a1846e862efa72f) (TextureImporter) -> (artifact id: 'bc3553d77a5a4eadfdf1940e0fd50e55') in 0.0034693 seconds
Start importing Packages/com.unity.render-pipelines.core/Editor/LookDev/Icons/Remove.png using Guid(a5c48bfebeb031a4b8d66da4be0e27b9) (TextureImporter) -> (artifact id: '66d6681cad94d1f58577f47063ec9762') in 0.003652 seconds
Start importing Packages/com.unity.splines/Editor/Editor Resources/Icons/d_Tangent_Linear.png using Guid(a5a8010c3424a6241a13d7eba13aa4f2) (TextureImporter) -> (artifact id: 'b423bc55b696c9f0afac5ab93866d572') in 0.0035809 seconds
Start importing Packages/com.unity.splines/Editor/Editor Resources/Icons/AutoSmoothKnot On.png using Guid(a52f5403392ac46e991381bec69935a7) (TextureImporter) -> (artifact id: '65ac418a73af80e8e50d390857b200f4') in 0.0046773 seconds
Start importing Packages/com.unity.render-pipelines.universal/Editor/2D/Resources/LightCapUp.png using Guid(a58fea03b14b2be4295b11f21a57a6f7) (TextureImporter) -> (artifact id: '8cfbd4d34e6688c5fafc4b64c87c08a3') in 0.0039245 seconds
Start importing Packages/com.unity.render-pipelines.core/Editor/Lighting/Icons/LightUnitIcons/d_InteriorLight.png using Guid(b5a2e773c2799aa42a4e99429158896e) (TextureImporter) -> (artifact id: '70f3e4ff973027a6762dff3e652fedd9') in 0.0040527 seconds
Start importing Packages/com.unity.searcher/Editor/Resources/FlatSkin/SearchSmallDownOn@2x.png using Guid(c5b36095078d8694ba9e3ae3fd867b2e) (TextureImporter) -> (artifact id: 'a9160fe0582bd9385205a6a20ace8c81') in 0.0043868 seconds
Start importing Packages/com.unity.render-pipelines.core/Editor/Lighting/Icons/HorizontalGradient.png using Guid(c56daa0c35d8542449aea902efda87ce) (TextureImporter) -> (artifact id: 'ad73cc4971fac6d4a33155de1177653c') in 0.0042228 seconds
Start importing Packages/com.unity.inputsystem/InputSystem/Editor/Icons/d_Position.png using Guid(c5bdeae4dabac4bf19f7a1afcf5ca678) (TextureImporter) -> (artifact id: '774cbcae0d332c6d9c9abfd13af3a88a') in 0.0035603 seconds
Start importing Packages/com.unity.render-pipelines.universal/Textures/BlueNoise16/L/LDR_LLL1_13.png using Guid(d512512f4af60a442ab3458489412954) (TextureImporter) -> (artifact id: '766540973fdebef2fe87128050cbc3cd') in 0.0034971 seconds
Start importing Packages/com.unity.render-pipelines.universal/Textures/BlueNoise16/L/LDR_LLL1_21.png using Guid(d5c9b274310e5524ebe32a4e4da3df1f) (TextureImporter) -> (artifact id: 'baaebaf9edf0217f0f3114d42311370a') in 0.003677 seconds
Start importing Packages/com.unity.render-pipelines.core/Editor/Lighting/Icons/LightUnitIcons/d_MoonlessNight@2x.png using Guid(d56ac7ee03f65c7408f8f3d5aeecdb86) (TextureImporter) -> (artifact id: '93a075124c0c048a70c17f2467bd5960') in 0.0042499 seconds
Start importing Packages/com.unity.render-pipelines.universal/Textures/BlueNoise16/L/LDR_LLL1_1.png using Guid(d50c5e07c9911a74982bddf7f3075e7b) (TextureImporter) -> (artifact id: 'e3d58c64e43904f718bfafaf22c9eea7') in 0.0036982 seconds
Start importing Packages/com.unity.splines/Editor/Editor Resources/Icons/d_SplineContext.png using Guid(e566554616ca9a13a89d5af56bb7a8e6) (TextureImporter) -> (artifact id: 'a680fe597ca2d88b5e756a648e46a614') in 0.0036798 seconds
Start importing Packages/com.unity.render-pipelines.core/Editor/Lighting/Icons/d_LightPlacement_Icon On@2x.png using Guid(e59f66416f4ecf3429053a0274b589a0) (TextureImporter) -> (artifact id: '5c0ffe10abafa07db32f40631c59bed2') in 0.0036952 seconds
Start importing Packages/com.unity.render-pipelines.core/Editor/Lighting/Icons/LightUnitIcons/d_Moonlight@2x.png using Guid(f520337c0c5dde34fa2d4207d953a31f) (TextureImporter) -> (artifact id: 'bee8011fa4d3a524441a20244ec80fa9') in 0.0041592 seconds
Start importing Packages/com.unity.render-pipelines.core/Editor/Lighting/Icons/d_LightPlacement_Icon On@32.png using Guid(f5d08e5c109deb84a9fcf7b2365cb537) (TextureImporter) -> (artifact id: 'f501f718561149ba5aa72a988f38e26e') in 0.0039396 seconds
Start importing Packages/com.unity.render-pipelines.core/Editor/Lighting/Icons/LightUnitIcons/MoonlessNight.png using Guid(f50a266376427a041b4e1b629d07611d) (TextureImporter) -> (artifact id: '59d737547d75d8df4af50d7bee5e5e33') in 0.0042873 seconds
Start importing Packages/com.unity.inputsystem/InputSystem/Editor/Icons/Joystick@4x.png using Guid(f58c918f135bd4b8abe5fdb06bda7f4d) (TextureImporter) -> (artifact id: '40a3a2ec7a3b4f347ec4510dfc365c1b') in 0.0041904 seconds
Start importing Packages/com.unity.inputsystem/InputSystem/Editor/Icons/Stick@4x.png using Guid(f5ace3d653812436a812bebfe7f9a242) (TextureImporter) -> (artifact id: '6c5e23b8c24cb16b12995598eb5e4303') in 0.0039718 seconds
Start importing Packages/com.unity.ai.navigation/EditorResources/Overlay/d_NavigationOverlay@256.png using Guid(f5dd88efd8622424998bf5326c5421eb) (TextureImporter) -> (artifact id: '32d0d88a9b4a124392772e06374e035d') in 0.0055832 seconds
Start importing Packages/com.unity.render-pipelines.core/Editor/LookDev/Icons/d_LookDev.png using Guid(0615fe8910911be4299d5604a54db99a) (TextureImporter) -> (artifact id: 'e84a70bf165a207e2b5110724e2bcce9') in 0.0040138 seconds
Start importing Packages/com.unity.ugui/Editor Resources/Textures/btn_AlignMiddle_Light.psd using Guid(066619c9c9c84f89acb1b48c11a7efe2) (TextureImporter) -> (artifact id: '9614d6160579d9605945f09a36bf9bcf') in 0.0039951 seconds
Start importing Packages/com.unity.inputsystem/InputSystem/Editor/Icons/d_ChevronDown.png using Guid(06ad495fb07444736b59782982d96250) (TextureImporter) -> (artifact id: '411c0375d438b682c6d9a11acd1d2b5b') in 0.0038716 seconds
Start importing Packages/com.unity.render-pipelines.core/Editor/LookDev/Icons/d_Add.png using Guid(160b197aba549514286b94426ceae589) (TextureImporter) -> (artifact id: '3a8aa472e9d190c0862be4cee4f8e6b2') in 0.0054897 seconds
Start importing Packages/com.unity.render-pipelines.universal/Textures/DebugFont.tga using Guid(26a413214480ef144b2915d6ff4d0beb) (TextureImporter) -> (artifact id: 'c93b0007b45568483017bc8d5815a81e') in 0.0066572 seconds
Start importing Packages/com.unity.cinemachine/Editor/EditorResources/Icons/Light/CmComponent@256.png using Guid(26663a5ec9987421996161615506b6c5) (TextureImporter) -> (artifact id: 'f73167f05ae935416adb1728baa6a2c6') in 0.0068242 seconds
Start importing Packages/com.unity.inputsystem/InputSystem/Editor/Icons/d_Mouse.png using Guid(264ffc05d7d2841d5a6065854b6282ca) (TextureImporter) -> (artifact id: 'b121a89c0db4e0e92b6f7e74e8f76408') in 0.0083446 seconds
Start importing Packages/com.unity.render-pipelines.universal/Textures/BlueNoise256/LDR_LLL1_0.png using Guid(36f118343fc974119bee3d09e2111500) (TextureImporter) -> (artifact id: '6fa4f86086ee76b57d480c9ac16a188d') in 0.0133563 seconds
Start importing Packages/com.unity.splines/Editor/Editor Resources/Icons/d_Tangent_Linear On@2x.png using Guid(46d8205276dc66f46ba61fb807f9dc62) (TextureImporter) -> (artifact id: '4ca4a9a9c5768cdfad8277d591b45568') in 0.0056521 seconds
Start importing Packages/com.unity.shadergraph/Editor/Resources/GraphView/Nodes/BlackboardFieldPillBackground.png using Guid(56603bbe7a2b54640bbd90104bea4981) (TextureImporter) -> (artifact id: 'a480237daba7d5fdd152c69de2163861') in 0.0084407 seconds
Start importing Packages/com.unity.render-pipelines.core/Editor/LookDev/Icons/d_Camera1.png using Guid(56c35c86bb44b0e4e84a22db56968157) (TextureImporter) -> (artifact id: '156b243f60fc4cd72c6773a61bfb4295') in 0.0040887 seconds
Start importing Packages/com.unity.inputsystem/InputSystem/Editor/Icons/Position.png using Guid(5684eb521fa99491e9061de682d1622e) (TextureImporter) -> (artifact id: '6473da68aa4f9fa4fd0c9ccd5f82888f') in 0.0036918 seconds
Start importing Packages/com.unity.render-pipelines.universal/Textures/BlueNoise256/LDR_LLL1_6.png using Guid(56a77a3e8d64f47b6afe9e3c95cb57d5) (TextureImporter) -> (artifact id: 'aea77b15e1b04a160cd48e04fe7f1604') in 0.0062354 seconds
Start importing Packages/com.unity.render-pipelines.universal/Runtime/2D/Data/Textures/FalloffLookupTexture.png using Guid(5688ab254e4c0634f8d6c8e0792331ca) (TextureImporter) -> (artifact id: 'b1583175193910d6d462effc2ee77478') in 0.0142081 seconds
Start importing Packages/com.unity.shadergraph/Editor/Resources/Icons/SettingsIcons@2x.png using Guid(66e0f20149bec7a4eaee2f2d8aec158a) (TextureImporter) -> (artifact id: '88687ae21668b13a12e80d610af105e2') in 0.0042859 seconds
Start importing Packages/com.unity.render-pipelines.core/Editor/Lighting/Icons/LightUnitIcons/d_ClearSky.png using Guid(76c10465276fcb9498b1fd312e3f74ed) (TextureImporter) -> (artifact id: '41880e83884be838e3b7d0c187e6aa4d') in 0.0050227 seconds
Start importing Packages/com.unity.render-pipelines.core/Editor/Icons/MipLevels/d_RenderPipelineResources@256.png using Guid(76e81564bded5e442a18ce6964cdaef3) (TextureImporter) -> (artifact id: '35a811690c1bf6b83a01091e906a0ee2') in 0.0045845 seconds
Start importing Packages/com.unity.inputsystem/InputSystem/Editor/Icons/d_Gamepad.png using Guid(76dc61ff6c2d84b24b0a2ce01dc2842d) (TextureImporter) -> (artifact id: 'e8a5a8769c50263164c7db7acb2cdc33') in 0.0038013 seconds
Start importing Packages/com.unity.render-pipelines.core/Editor/Lighting/Icons/LightUnitIcons/d_DirectSunlight.png using Guid(76bf11a78c4428b4eb6b567a160a0c83) (TextureImporter) -> (artifact id: '50bc630534d014f455e3d1ee97d41a9a') in 0.0038638 seconds
Start importing Packages/com.unity.inputsystem/InputSystem/Editor/Icons/Add Binding@4x.png using Guid(862c5ca31844d4a6d9aa804af982ce65) (TextureImporter) -> (artifact id: '9e9ac6fa321a2253d6ef979c438bc631') in 0.0037665 seconds
Start importing Packages/com.unity.render-pipelines.core/Editor/Lighting/Icons/LightUnitIcons/DirectSunlight.png using Guid(863ef838c25e51b4790fd6ac881ba895) (TextureImporter) -> (artifact id: 'bef34083c6e6f73a9233dd8d9eda1387') in 0.0036884 seconds
Start importing Packages/com.unity.inputsystem/InputSystem/Editor/Icons/d_Pen@2x.png using Guid(96f7582a52a6843c09e0c71617e94f2d) (TextureImporter) -> (artifact id: '2ffa78c344cae9bd61552386a4da0ef9') in 0.0037786 seconds
Start importing Packages/com.unity.ai.navigation/EditorResources/Overlay/d_NavigationOverlay On@16.png using Guid(96c9a57d95a712d44978703ea9dd7f4e) (TextureImporter) -> (artifact id: '947ededfa70970e5babcd49e76673288') in 0.0035555 seconds
Start importing Packages/com.unity.render-pipelines.universal/Textures/BlueNoise16/L/LDR_LLL1_10.png using Guid(96aaab9cc247d0b4c98132159688c1af) (TextureImporter) -> (artifact id: '6b44471a3afb6901adae2b8afe925bb7') in 0.0057857 seconds
Start importing Packages/com.unity.render-pipelines.core/Runtime/Debugging/Prefabs/Textures/UIFoldoutOpened.png using Guid(a674720496c1ed248a5b7ea3e22a11fd) (TextureImporter) -> (artifact id: '51aa85a066b56a9ca8e1b0eb632a51d4') in 0.0041062 seconds
Start importing Packages/com.unity.shadergraph/Editor/Resources/Icons/Settings_Flyout_9slice@2x.png using Guid(a6abafca3e442ca4d970a1f8a2c70b0a) (TextureImporter) -> (artifact id: 'b9421f5be26d87fbfbc6e769e0193a42') in 0.0063276 seconds
Start importing Packages/com.unity.collections/Unity.Collections.PerformanceTests/PerformanceTestFrameworkOutputListAdd.png using Guid(a6ecd2aa79759e64ba59ab5f51d661ac) (TextureImporter) -> (artifact id: '1b9c40bffdfc12be90a93c48bfca6c94') in 0.0205824 seconds
Start importing Packages/com.unity.ai.navigation/Gizmos/NavMeshModifier Icon.png using Guid(b642c6bf23e624e23ad11b3e1d471932) (TextureImporter) -> (artifact id: 'a0fc3550500bc997be1fcce0ec6bcaef') in 0.0077573 seconds
Start importing Packages/com.unity.render-pipelines.core/Editor/Icons/MipLevels/RenderPipelineResources@256.png using Guid(b645d34d84db58a45ac9775bb9a9bc48) (TextureImporter) -> (artifact id: 'afdcce068b6346444a45a2ceb87dfdee') in 0.0052726 seconds
Start importing Packages/com.unity.inputsystem/InputSystem/Editor/Icons/d_Dpad.png using Guid(b60b9eb0384c345c89435d0982a6e4fd) (TextureImporter) -> (artifact id: '88a538844c7a57419cf14c200d206398') in 0.0039302 seconds
Start importing Packages/com.unity.splines/Editor/Editor Resources/Icons/Tangent_Continuous On.png using Guid(d64c7205ca5bb264892c91598b5e1402) (TextureImporter) -> (artifact id: '59ffb85342741ed7ea652e196eea9d3b') in 0.0035725 seconds
Start importing Packages/com.unity.render-pipelines.universal/Textures/BlueNoise16/L/LDR_LLL1_5.png using Guid(e63eef8f54aa9dc4da9a5ac094b503b5) (TextureImporter) -> (artifact id: 'c313e195c7e395319efbb667ac3f5824') in 0.0037729 seconds
Start importing Packages/com.unity.render-pipelines.core/Editor/Lighting/Icons/LightUnitIcons/d_Moonlight.png using Guid(f64528e1d51f6d74c9f7a1738deaa602) (TextureImporter) -> (artifact id: '4dc25c5180cfbd37ffe9fe901aeea642') in 0.0038577 seconds
Start importing Packages/com.unity.render-pipelines.universal/Textures/BlueNoise16/L/LDR_LLL1_22.png using Guid(f69770e54f2823f43badf77916acad83) (TextureImporter) -> (artifact id: 'd1323edff03581b41d81e4ed477e729c') in 0.0045413 seconds
Start importing Packages/com.unity.render-pipelines.core/Editor/Lighting/Icons/DownSnatchFocused.png using Guid(f6ca176a623705248878abeaf560002a) (TextureImporter) -> (artifact id: 'b5b43b29a1d201484cfcf218598ddd1b') in 0.0038132 seconds
Start importing Packages/com.unity.splines/Editor/Editor Resources/Icons/d_AutoSmoothKnot.png using Guid(f6adb0b82e1af42789fe5f59234e3a1b) (TextureImporter) -> (artifact id: '60372a197d9afba9e2a0ed4dad3fd576') in 0.0035971 seconds
Start importing Packages/com.unity.render-pipelines.universal/Editor/2D/ShapeEditor/Resources/Path/pointNormal.png using Guid(f66f743b1d8e82f44a027852526a2b93) (TextureImporter) -> (artifact id: 'c23085847569a6bc24cb1765b052790a') in 0.0038498 seconds
Start importing Packages/com.unity.splines/Editor/Editor Resources/Icons/AutoSmoothKnot.png using Guid(07322254109944bb4b45b7b3e0131c6d) (TextureImporter) -> (artifact id: '51b8aa91676a9cd016e83b3347866f99') in 0.003518 seconds
Start importing Packages/com.unity.render-pipelines.core/Editor/Icons/MipLevels/d_RenderPipelineResources@128.png using Guid(07d524f53c3f0a24b952dad4f0d95192) (TextureImporter) -> (artifact id: '7ae8f4282365332651875f69491f3c87') in 0.0037805 seconds
Start importing Packages/com.unity.render-pipelines.universal/Editor/2D/ShapeEditor/Resources/TangentContinuousPro.png using Guid(071cd56d8f85dc247838300862f43e2f) (TextureImporter) -> (artifact id: '54bef1a8691592ae341bd39c83bf454d') in 0.0038647 seconds
Start importing Packages/com.unity.collections/Unity.Collections.PerformanceTests/PerformanceTestFrameworkOutputFixedSize.png using Guid(079c3d43b74823a41bb33198b8221c23) (TextureImporter) -> (artifact id: 'f6a1102e2d92228d38b817eee526998c') in 0.0316116 seconds
Start importing Packages/com.unity.render-pipelines.universal/Textures/BlueNoise16/L/LDR_LLL1_9.png using Guid(071e954febf155243a6c81e48f452644) (TextureImporter) -> (artifact id: '604ee61488ce4440b81f8b027ffe9c1a') in 0.0037604 seconds
Start importing Packages/com.unity.inputsystem/InputSystem/Editor/Icons/d_Pen@3x.png using Guid(17b3fef87d666459d860ad88452862da) (TextureImporter) -> (artifact id: '7d83b9607bee3d9d179b9c0fd3f7966b') in 0.0038714 seconds
Start importing Packages/com.unity.inputsystem/InputSystem/Editor/Icons/Gamepad.png using Guid(17c8753d0e5e24194b06404851be7f13) (TextureImporter) -> (artifact id: '344672747e9d1b30ff347b9026c4f247') in 0.003783 seconds
Start importing Packages/com.unity.shadergraph/Editor/Resources/Icons/sg_graph_icon.png using Guid(170afdc32bbba284e8d0740a464b9fbd) (TextureImporter) -> (artifact id: '751cdd1b78fd0e12e097358e688dd61c') in 0.0041517 seconds
Start importing Packages/com.unity.render-pipelines.core/Editor/Icons/MipLevels/RenderGraphViewer/d_PassInspector@16.png using Guid(179c26b8104e4a84bb9ba82aa6ec463b) (TextureImporter) -> (artifact id: '7036f87a05e8623de80d8db898429b28') in 0.0039022 seconds
Start importing Packages/com.unity.render-pipelines.universal/Textures/BlueNoise16/L/LDR_LLL1_31.png using Guid(179f794063d2a66478e6e726f84a65bc) (TextureImporter) -> (artifact id: '8e42ce452509c0eacdbc30e99376616b') in 0.0032631 seconds
Start importing Packages/com.unity.splines/Editor/Editor Resources/Icons/d_KnotPlacementTool.png using Guid(2724a405674e9f74ca4ce8f69245a8ec) (TextureImporter) -> (artifact id: 'cfcd38deed6300fc2f8ddcee17189321') in 0.0035484 seconds
Start importing Packages/com.unity.inputsystem/InputSystem/Editor/Icons/d_Axis@2x.png using Guid(27163f3cda5b9431d928f2b33eeb5cf1) (TextureImporter) -> (artifact id: 'd35655618dd6c430e0136fe502932e7e') in 0.0033612 seconds
Start importing Packages/com.unity.inputsystem/InputSystem/Editor/Icons/d_Joystick@2x.png using Guid(27fa98be5deb54cbf9c11ffc540272b2) (TextureImporter) -> (artifact id: '4b78ed0d9ea737409cec6f8238ad33df') in 0.0035981 seconds
Start importing Packages/com.unity.render-pipelines.core/Editor/Lighting/Icons/d_LightPlacement_Icon On@16.png using Guid(27ddd7fccc437254da38f2ffe1983567) (TextureImporter) -> (artifact id: '1eab8d74b0cf90e47e3f6613fb82ad6c') in 0.0035578 seconds
Start importing Packages/com.unity.splines/Editor/Editor Resources/Icons/SplineComponent.png using Guid(3735bf6bd1171ad43896aaea4a3b417f) (TextureImporter) -> (artifact id: 'e46cf7407c57449cbb0282791f4d0efc') in 0.0035869 seconds
Start importing Packages/com.unity.render-pipelines.core/Editor/PostProcessing/LensFlareResource/CircleFlareThumbnail@2x.png using Guid(37e93113453ac0d46863acd4090899c8) (TextureImporter) -> (artifact id: '050b1d8b6c9b987adc1c917fd7ba25f4') in 0.0043319 seconds
Start importing Packages/com.unity.render-pipelines.core/Editor/Lighting/Icons/LightUnitIcons/VeryBrightSun@2x.png using Guid(37ca6c7ad753f1648a24db2b740ba2ca) (TextureImporter) -> (artifact id: '8de0906b873d6d77f0879664f54ce961') in 0.00397 seconds
Start importing Packages/com.unity.render-pipelines.universal/Textures/BlueNoise16/L/LDR_LLL1_14.png using Guid(47a45908f6db0cb44a0d5e961143afec) (TextureImporter) -> (artifact id: '5e9248f556c61caf26fecf588c7d91ed') in 0.0034871 seconds
Start importing Packages/com.unity.render-pipelines.core/Editor/LookDev/Icons/d_LayoutVertical@2x.png using Guid(472b4042959bbd844b8fd760bddd7a47) (TextureImporter) -> (artifact id: '22634eeb1161c387460cdec2d079f109') in 0.0040781 seconds
Start importing Packages/com.unity.inputsystem/InputSystem/Editor/AssetEditor/Resources/yellow.png using Guid(47cf506b4219343519083fe1c0b8fc9c) (TextureImporter) -> (artifact id: '3b00cdda0939707a953dc634225347e2') in 0.0038945 seconds
Start importing Packages/com.unity.shadergraph/Editor/Resources/Icons/Settings_Flyout_9slice.png using Guid(57517c89a809f44458493cef0310e46f) (TextureImporter) -> (artifact id: '30291bb4a012a7365c705c3478fab6d1') in 0.0046985 seconds
Start importing Packages/com.unity.splines/Editor/Editor Resources/Icons/AutoSmoothKnot@2x.png using Guid(5703201e903d44191959e7b8d400f961) (TextureImporter) -> (artifact id: '27a1ef08d551899243d4efc2bd36561b') in 0.0039644 seconds
Start importing Packages/com.unity.cinemachine/Editor/EditorResources/Icons/Light/CmCamera@256.png using Guid(57da91ef0c2a5489891995dc81537253) (TextureImporter) -> (artifact id: '4906dfa5f0b7f6b0c71d817004870148') in 0.0070165 seconds
Start importing Packages/com.unity.inputsystem/InputSystem/Editor/Icons/ChevronUp@2x.png using Guid(57dfdce0eaf2f48a9bd9e60e920e446b) (TextureImporter) -> (artifact id: '1d6b8d6c6a20a2fa8c2066f296d2abb5') in 0.0040182 seconds
Start importing Packages/com.unity.splines/Editor/Editor Resources/Icons/d_AutoSmoothKnot On.png using Guid(67f8499b5fecb4d56acff5d9ff6e15bf) (TextureImporter) -> (artifact id: '2d8a6f531ecb83b1882b81417ede2c32') in 0.00385 seconds
Start importing Packages/com.unity.render-pipelines.core/Editor/Icons/MipLevels/d_Volume@32.png using Guid(675ff9ea9d96a004a85fc91680242734) (TextureImporter) -> (artifact id: '6f171b16831ef42b931695f962924d2b') in 0.0042546 seconds
Start importing Packages/com.unity.render-pipelines.core/Editor/Lighting/Icons/LightPlacement_Icon.png using Guid(77f3e0d20577fcd4ebb29c14ff5d58c7) (TextureImporter) -> (artifact id: 'b37e3c7fc649926c30d023f0fded6462') in 0.0040692 seconds
Start importing Packages/com.unity.cinemachine/Editor/EditorResources/Icons/Light/CmSplineRollTool@256.png using Guid(771e00b87e3d3e24d9c0816149884055) (TextureImporter) -> (artifact id: '002c5248690e31469afa9148fc3003a8') in 0.0061045 seconds
Start importing Packages/com.unity.inputsystem/InputSystem/Editor/Icons/Keyboard@2x.png using Guid(87ae93efe5d3b4262995b0acdc987d88) (TextureImporter) -> (artifact id: 'e75b83e8302660aeb84e997e716a0ec6') in 0.0038541 seconds
Start importing Packages/com.unity.inputsystem/InputSystem/Editor/Icons/Mouse@2x.png using Guid(9721efa02e520488d96c36460fe7e4a6) (TextureImporter) -> (artifact id: '065a889a81877042cec26cf49093c528') in 0.0036533 seconds
Start importing Packages/com.unity.ugui/Editor Resources/Gizmos/TMP - Dropdown Icon.psd using Guid(a7ec9e7ad8b847b7ae4510af83c5d868) (TextureImporter) -> (artifact id: 'd736f2e10111faff0f10b44f89f730bf') in 0.0048595 seconds
Start importing Packages/com.unity.render-pipelines.core/Editor/LookDev/Icons/d_LayoutCustom@2x.png using Guid(b753c88a6aeb2674fa1d4f0a4c0a285a) (TextureImporter) -> (artifact id: 'df517ebd46ea47df2d5b6bca05b88f52') in 0.0042358 seconds
Start importing Packages/com.unity.splines/Editor/Editor Resources/Icons/SplineEditMode-Info@2x.png using Guid(b7fc12931c76a4c09b3ca863ae523672) (TextureImporter) -> (artifact id: 'f046a422f02562e262bb5eb04db0c498') in 0.0043578 seconds
Start importing Packages/com.unity.ugui/Editor Resources/Textures/btn_AlignCenterGeo.psd using Guid(c76700ea0062413d9f69409b4e9e151b) (TextureImporter) -> (artifact id: '3ba3c5a8d00e2cbc3cdfa9c8533aaf5c') in 0.004034 seconds
Start importing Packages/com.unity.render-pipelines.core/Editor/Lighting/Icons/d_LightPlacement_Icon@128.png using Guid(c7cdaebf43bf99948bf392ce8f4088af) (TextureImporter) -> (artifact id: '5dd9f0700d3cd54bce830c896432a6a8') in 0.004345 seconds
Start importing Packages/com.unity.inputsystem/InputSystem/Editor/AssetEditor/Resources/pink.png using Guid(d7b144323984d4298924c65ed071dea1) (TextureImporter) -> (artifact id: '38d5708792cdb457f145b2976889b4c1') in 0.0038526 seconds
Start importing Packages/com.unity.render-pipelines.core/Editor/Icons/MipLevels/d_Volume@128.png using Guid(d765b90a4ccbfae4ba0b8512144b99f0) (TextureImporter) -> (artifact id: '17db11e9262b430fabc43e2face8a0bf') in 0.0040987 seconds
Start importing Packages/com.unity.inputsystem/InputSystem/Editor/Icons/Dpad@4x.png using Guid(d7073cfe15a1a48bfb7ff59225052484) (TextureImporter) -> (artifact id: '3f5aaa85b222b2346d00c7cacab3e801') in 0.0039872 seconds
Start importing Packages/com.unity.render-pipelines.core/Editor/PostProcessing/LensFlareResource/Flare128.png using Guid(d7b90718ad2a7af4aab8546a0897d5db) (TextureImporter) -> (artifact id: 'c2fdfabdab0cdd021a7cbe4cac5d893f') in 0.004703 seconds
Start importing Packages/com.unity.render-pipelines.core/Editor/Lighting/Icons/LightUnitIcons/d_SunriseSunset@2x.png using Guid(e737fd1dd31046c4da43e8ba94fdaf63) (TextureImporter) -> (artifact id: '8f27d77bab986a07931149370d59d607') in 0.0039931 seconds
Start importing Packages/com.unity.inputsystem/InputSystem/Editor/Icons/d_Touch@3x.png using Guid(e77ee65b5139048949dc0ac5614efeec) (TextureImporter) -> (artifact id: '1a13f70772b2a985622410573c8beb2c') in 0.00401 seconds
Start importing Packages/com.unity.inputsystem/InputSystem/Editor/Icons/Dpad.png using Guid(e76f0489d4db34a2fbc3532e07f2848a) (TextureImporter) -> (artifact id: '25c499960ca13c4b1bbbbeb94834bded') in 0.0037227 seconds
Start importing Packages/com.unity.ai.navigation/EditorResources/Overlay/NavigationOverlay On@32.png using Guid(f7a3e2b3beab29040bc1a68f0ad0045c) (TextureImporter) -> (artifact id: 'e136c0c0adaf003c34d862d6cdf57039') in 0.0037917 seconds
Start importing Packages/com.unity.render-pipelines.core/Editor/Lighting/Icons/d_LightPlacement_Icon@16.png using Guid(f75902f05f887d847bd7573bdac61eca) (TextureImporter) -> (artifact id: '68cec9d3354e8c2028792d659ebfaaf8') in 0.0041132 seconds
Start importing Packages/com.unity.render-pipelines.core/Editor/Lighting/Icons/LightUnitIcons/d_CloudySky@2x.png using Guid(088373792f5db604fa5b045cb5dff9c9) (TextureImporter) -> (artifact id: '8b0e77c43c982438118b0429e6313c53') in 0.0038997 seconds
Start importing Packages/com.unity.render-pipelines.core/Editor/Lighting/Icons/LightUnitIcons/d_VeryBrightSun.png using Guid(083778a134a402a4f82b55a98ac21530) (TextureImporter) -> (artifact id: '105cee915166683b9403e929de199bfe') in 0.0038293 seconds
Start importing Packages/com.unity.inputsystem/InputSystem/Editor/Icons/InputControl@4x.png using Guid(08c99f7c2a7fa410d8567323e32ad5f5) (TextureImporter) -> (artifact id: 'ef27043aab56d10f3dee2ed1116eab08') in 0.0040323 seconds
Start importing Packages/com.unity.inputsystem/InputSystem/Editor/Icons/Joystick@2x.png using Guid(18e45e1f11fae429c80c200cca8e0b4c) (TextureImporter) -> (artifact id: '06d82b17deda4f3da66dfa0021ae157d') in 0.0040371 seconds
Start importing Packages/com.unity.shadergraph/Editor/Resources/Icons/sg_subgraph_icon_gray_dark.png using Guid(18c6490536702e840b89a326d93a92a1) (TextureImporter) -> (artifact id: 'f3e588ae0b7c055fe1041d0eab9119c9') in 0.0039338 seconds
Start importing Packages/com.unity.ugui/Editor Resources/Textures/btn_AlignBaseLine_Light.psd using Guid(18775b51e3bd42299fd30bd036ea982f) (TextureImporter) -> (artifact id: 'be3f6ac44ebb4ce42265943a52f8aef2') in 0.0041133 seconds
Start importing Packages/com.unity.render-pipelines.core/Editor/LookDev/Icons/d_Camera2.png using Guid(281160d54742cbb44a88a61bf8ccfb16) (TextureImporter) -> (artifact id: '253d1529596fa8ed294e17232b80c4f0') in 0.0041344 seconds
Start importing Packages/com.unity.render-pipelines.core/Editor/LookDev/Icons/Camera2@2x.png using Guid(28f2917353630ce4fa307eeceadcd26d) (TextureImporter) -> (artifact id: 'a3c46a8268d8c6bbc938767e4f66b8f2') in 0.0388077 seconds
Start importing Packages/com.unity.render-pipelines.core/Editor/LookDev/Icons/d_RightArrow@2x.png using Guid(28d47cbaafc98254f8d4f6184dff22cd) (TextureImporter) -> (artifact id: 'bde6187857f0767c0d559a16afccca8e') in 0.0045371 seconds
Start importing Packages/com.unity.render-pipelines.core/Editor/Icons/MipLevels/d_VolumeProfile@64.png using Guid(2889bb1951831234789d947901bce53e) (TextureImporter) -> (artifact id: 'a1c9a06ee63c34765ced572f53a568a1') in 0.0037839 seconds
Start importing Packages/com.unity.render-pipelines.core/Editor/Icons/RenderGraphViewer/Texture@2x.png using Guid(38d7c20ac7a9de246a75479d66d518fd) (TextureImporter) -> (artifact id: '1672e26e5f25712fcf2910346b011903') in 0.0036908 seconds
Start importing Packages/com.unity.ugui/Editor Resources/Textures/btn_AlignTop.psd using Guid(48d034c499ee4697af9dd6e327110249) (TextureImporter) -> (artifact id: '4985ace63894018fecd6b8fa82032e7a') in 0.0043874 seconds
Start importing Packages/com.unity.splines/Editor/Editor Resources/Icons/d_AutoSmoothKnot@2x.png using Guid(485306800ba13455ca2c05a5fb6b1309) (TextureImporter) -> (artifact id: '22430edc161eae15b51c79387d318bdd') in 0.0045726 seconds
Start importing Packages/com.unity.render-pipelines.core/Editor/Icons/MipLevels/RenderGraphViewer/PassInspector@16.png using Guid(48b566d9e8cf828409d6879b70fe00b5) (TextureImporter) -> (artifact id: '5a6cb81dbfbca320998e7dc472ebf103') in 0.0040728 seconds
Start importing Packages/com.unity.render-pipelines.universal/Editor/2D/ShapeEditor/Resources/TangentLinear.png using Guid(4867cb38cc0872c45b205c593c4ce5c0) (TextureImporter) -> (artifact id: '06c2a03496c6f589fe3f8ae4b7d0d456') in 0.0037867 seconds
Start importing Packages/com.unity.inputsystem/InputSystem/Editor/Icons/Touch.png using Guid(588041e6f0efb43489b38677e0aac58f) (TextureImporter) -> (artifact id: '7e5476f0840df9f3787ca7ec67948bfb') in 0.003806 seconds
Start importing Packages/com.unity.inputsystem/InputSystem/Editor/Icons/Stick@2x.png using Guid(5881d226463a047cb8db57c9cb0ebc0f) (TextureImporter) -> (artifact id: '084814cc3f7bea293fc085d895539b73') in 0.0046503 seconds
Start importing Packages/com.unity.inputsystem/InputSystem/Editor/Icons/Dpad@2x.png using Guid(5806833d077654e5784b7cbf3e722f58) (TextureImporter) -> (artifact id: 'b32a449c7ac5d9ee0bb47bf52a62b3ad') in 0.0039575 seconds
Start importing Packages/com.unity.ugui/Editor Resources/Textures/btn_AlignBottom_Light.psd using Guid(585b70cb75dd43efbfead809c30a1731) (TextureImporter) -> (artifact id: '8836d604c5d911ccd479a7a78692ab39') in 0.004748 seconds
Start importing Packages/com.unity.render-pipelines.universal/Editor/2D/Resources/InspectorIcons/FreeformLight.png using Guid(68e5bb6e60bebc046b26d3c3100a523b) (TextureImporter) -> (artifact id: 'af68a424694f03ff39e4cb518bcc7234') in 0.003905 seconds
Start importing Packages/com.unity.render-pipelines.core/Editor/Icons/RenderGraphViewer/AccelerationStructure@2x.png using Guid(78c530431f09533469990aeb78f31210) (TextureImporter) -> (artifact id: '35e9c75ccf5b25f8c7341934dc37493c') in 0.0042613 seconds
Start importing Packages/com.unity.render-pipelines.universal/Editor/2D/Resources/InspectorIcons/SpriteLight.png using Guid(8839c54710da3374f994e12f39b6d65f) (TextureImporter) -> (artifact id: 'fc0abf99a6559281dea02dad9126214f') in 0.0040337 seconds
Start importing Packages/com.unity.shadergraph/Editor/Resources/GraphView/Nodes/PreviewExpand@2x.png using Guid(88995b00867befb41adaada22f8abc21) (TextureImporter) -> (artifact id: '97843ffebe122e8b3a31123d660db0cc') in 0.003925 seconds
Start importing Packages/com.unity.render-pipelines.core/Editor/Icons/RenderGraphViewer/PassInspector@2x.png using Guid(881eb9c95b9a018479a89b9218d61928) (TextureImporter) -> (artifact id: '8b3a937ddbe99aebf1b0f9a573c7e9ea') in 0.0041596 seconds
Start importing Packages/com.unity.render-pipelines.core/Editor/Icons/MipLevels/d_VolumeProfile@128.png using Guid(98c28ecf0d815cc49b6868def3e52f49) (TextureImporter) -> (artifact id: '64d20be696df16727aa9c849912cfd37') in 0.0045179 seconds
Start importing Packages/com.unity.render-pipelines.core/Editor/Icons/RenderGraphViewer/d_FramebufferFetch@2x.png using Guid(986528338c7e82b42b466e23ac6fbb96) (TextureImporter) -> (artifact id: 'eed695abf07bc8f18500e2f1eb01bcce') in 0.0045079 seconds
Start importing Packages/com.unity.render-pipelines.core/Editor/LookDev/Icons/d_Layout2.png using Guid(98b5b3e7c51d32547b9b09232034b5d5) (TextureImporter) -> (artifact id: 'f8e547763fe99d1e7c9a0a9c0e2b55d2') in 0.0044414 seconds
Start importing Packages/com.unity.inputsystem/InputSystem/Editor/Icons/ChevronDown@3x.png using Guid(985cbca1705a64c80b370afdb30b3ee7) (TextureImporter) -> (artifact id: '753387cb3917b4f089c839e258b543cf') in 0.0036844 seconds
Start importing Packages/com.unity.render-pipelines.core/Editor/LookDev/Icons/d_Environment.png using Guid(98cefb354c00bc44cb31fffd52dc4650) (TextureImporter) -> (artifact id: '0090d2c3b4afba129bc8f8c6bd775f58') in 0.0044134 seconds
Start importing Packages/com.unity.splines/Editor/Editor Resources/Icons/Tangent_Linear.png using Guid(a8b749c29dc36654894d508b9258a560) (TextureImporter) -> (artifact id: '205736c2bd19c7b089b0b919bf69b51d') in 0.0044101 seconds
Start importing Packages/com.unity.inputsystem/InputSystem/Editor/Icons/d_ChevronUp@2x.png using Guid(a89bfcdeffde84e7ebf930d44b695435) (TextureImporter) -> (artifact id: '88a9fa449109e02e2e2aaf268d98eb57') in 0.0036324 seconds
Start importing Packages/com.unity.cinemachine/Editor/EditorResources/Icons/Light/TrackedObjectOffset.png using Guid(b880c0b2ad1ba404391179484fbf51bf) (TextureImporter) -> (artifact id: 'ff37f7b956096fafb6cda782d46b728d') in 0.0053333 seconds
Start importing Packages/com.unity.ai.navigation/EditorResources/Overlay/d_NavigationOverlay On@32.png using Guid(b8a654e77ffbbcd4abdda7fdb70fbb9e) (TextureImporter) -> (artifact id: '73893debd6de25415aa9714dde6086b9') in 0.0047023 seconds
Start importing Packages/com.unity.render-pipelines.core/Editor/Icons/MipLevels/RenderGraphViewer/Resources@16.png using Guid(b8c995bb50a162c44b289f34d129328f) (TextureImporter) -> (artifact id: '55c085ef27edda68cfb596d37c5e0b4e') in 0.0059235 seconds
Start importing Packages/com.unity.shadergraph/Editor/Resources/Icons/settingsbutton.png using Guid(c881a10bb6578f04ba6d52f6c3f0c9d6) (TextureImporter) -> (artifact id: '9b0eb8fbd7edc062b3cd34eee08230c2') in 0.0069501 seconds
Start importing Packages/com.unity.render-pipelines.core/Editor/Lighting/Icons/PresetFill_Right.png using Guid(c8e3d80f5ead8d4409a54da768cc431d) (TextureImporter) -> (artifact id: '0c43a83d9efe83cfd31657d6647c7d6c') in 0.0057835 seconds
Start importing Packages/com.unity.render-pipelines.universal/Editor/2D/Resources/SceneViewIcons/FreeformLight.png using Guid(c89564426827c76479d8772adb43e6e4) (TextureImporter) -> (artifact id: '0fcdb282bf9c2915878fce9c6cb4736a') in 0.0098122 seconds
Start importing Packages/com.unity.inputsystem/InputSystem/Editor/Icons/d_Joystick@4x.png using Guid(d88596134c72c47b99d7d55583f4c6bf) (TextureImporter) -> (artifact id: '6afdcb1fa511bd0623dd65a8b1ab0ed7') in 0.0048711 seconds
Start importing Packages/com.unity.render-pipelines.core/Editor/Lighting/Icons/LightUnitIcons/Moonlight@2x.png using Guid(d8bb1a60805d8d241acc12f74cd3b2d5) (TextureImporter) -> (artifact id: '41a43281619ce0b21fd3ea0fe65c2d0d') in 0.004336 seconds
Start importing Packages/com.unity.render-pipelines.core/Editor/Lighting/Icons/LightUnitIcons/SunriseSunset.png using Guid(d8ee4aa2fab810242a1ff465e662bc09) (TextureImporter) -> (artifact id: 'f38e30572c7f084ac10ba4b47eca3767') in 0.0041665 seconds
Start importing Packages/com.unity.splines/Editor/Editor Resources/Icons/d_Tangent_Linear@2x.png using Guid(e835be9bc0b39f640aaa4ac10f744f9f) (TextureImporter) -> (artifact id: 'ed1bab9e8c4b058e24f85166accd07be') in 0.0038696 seconds
Start importing Packages/com.unity.render-pipelines.core/Editor/LookDev/Icons/Camera2.png using Guid(e89a31db98e403b40af1a8f0ef9ae1ef) (TextureImporter) -> (artifact id: 'b78bd1c2fbb94f214c7e270d04642b1a') in 0.0049112 seconds
Start importing Packages/com.unity.render-pipelines.core/Editor/Lighting/Icons/d_LightPlacement_Icon@256.png using Guid(e8daef37e2419284e8b319261203d5c3) (TextureImporter) -> (artifact id: '5db9537019f06bc0a931021ed73a69ea') in 0.0062578 seconds
Start importing Packages/com.unity.splines/Editor/Editor Resources/Icons/ToolHandleElement.png using Guid(0951c7499e9b5445a87a82bdb1e7e691) (TextureImporter) -> (artifact id: '810c43cbe6fb73a6b96ee4f3d8e35b69') in 0.00699 seconds
Start importing Packages/com.unity.inputsystem/InputSystem/Editor/Icons/d_Button@2x.png using Guid(0962795d1cafc460b9027de55b1c0a80) (TextureImporter) -> (artifact id: '4d0654165d45f825039c39928a3839dc') in 0.004316 seconds
Start importing Packages/com.unity.inputsystem/InputSystem/Editor/Icons/d_Mouse@4x.png using Guid(1918e7bff8ff44878a0003977ca03971) (TextureImporter) -> (artifact id: '59038dd22cdf8b1e158c4f9349e77a8c') in 0.0057107 seconds
Start importing Packages/com.unity.render-pipelines.core/Editor/Lighting/Icons/LightPlacement_Icon@32.png using Guid(396033515c05b1441a3451ea18bb8e27) (TextureImporter) -> (artifact id: '3df8782a2272df227434e85ad00cce06') in 0.0066136 seconds
Start importing Packages/com.unity.render-pipelines.core/Editor/Icons/MipLevels/RenderPipelineResources@32.png using Guid(39013bef60270164e94ccd21c1edb486) (TextureImporter) -> (artifact id: '531140be1c09ffd9a2bf92536a1b92f1') in 0.0040492 seconds
Start importing Packages/com.unity.render-pipelines.core/Editor/Lighting/Icons/LightUnitIcons/d_DirectSunlight@2x.png using Guid(392581b798d70d0408e104d352ffb20b) (TextureImporter) -> (artifact id: '6123d533b2a8697a50199a924c3dd39e') in 0.0042434 seconds
Start importing Packages/com.unity.render-pipelines.universal/Textures/BlueNoise16/L/LDR_LLL1_6.png using Guid(39451254daebd6d40b52899c1f1c0c1b) (TextureImporter) -> (artifact id: 'bc0dc9f104b7af497c11b8ee047340d7') in 0.0038861 seconds
Start importing Packages/com.unity.inputsystem/InputSystem/Editor/Icons/d_InputControl.png using Guid(399cd90f4e31041e692a7d3a8b1aa4d0) (TextureImporter) -> (artifact id: '63c81bf209dd4aebb9d2de33b82023a5') in 0.0097088 seconds
Start importing Packages/com.unity.render-pipelines.core/Editor/Lighting/Icons/LightUnitIcons/d_Shade@2x.png using Guid(49e4a0929afd1ae4283e4657bc636f9e) (TextureImporter) -> (artifact id: '827a2225441ad4df7b5ca2882a465d21') in 0.0037297 seconds
Start importing Packages/com.unity.ugui/Editor Resources/Textures/btn_AlignCapLine_Light.psd using Guid(49679f302ac6408697f6b9314a38985c) (TextureImporter) -> (artifact id: 'a6a8f324d5cee0baae32d0bed800bbc8') in 0.0042718 seconds
Start importing Packages/com.unity.render-pipelines.core/Editor/Lighting/Icons/LightUnitIcons/d_ClearSky@2x.png using Guid(490d69b278eff784b85feca736d57389) (TextureImporter) -> (artifact id: '2c1d62e392222462e1a9637f69e75e7b') in 0.0044676 seconds
Start importing Packages/com.unity.shadergraph/Editor/Resources/GraphView/Nodes/NodeChevronUp.png using Guid(59e85404e1156534e84e3f06ad9d3bff) (TextureImporter) -> (artifact id: '50617019e720b8e86212884741e294a2') in 0.0040719 seconds
Start importing Packages/com.unity.render-pipelines.core/Editor/Icons/MipLevels/d_Volume@16.png using Guid(6941712a966fa924d92b6855f339379e) (TextureImporter) -> (artifact id: '7808074157553fa4b2ab5c946b2d8776') in 0.0037995 seconds
Start importing Packages/com.unity.ugui/Editor Resources/Textures/btn_AlignFlush.psd using Guid(691475c57a824010be0c6f474caeb7e1) (TextureImporter) -> (artifact id: '0327ad779a9babd6d679946842ef2c64') in 0.0046077 seconds
Start importing Packages/com.unity.splines/Editor/Editor Resources/Icons/d_Tangent_Continuous.png using Guid(7950340077b4bfa4b8e61a4bc56f6b2e) (TextureImporter) -> (artifact id: '42b25993d97c9991b1a7553ff18d7df6') in 0.0039212 seconds
Start importing Packages/com.unity.render-pipelines.core/Editor/Lighting/Icons/LightUnitIcons/d_MediumAreaLight@2x.png using Guid(79474406bb16ef9439655eb4b419b6a8) (TextureImporter) -> (artifact id: 'b381e9160b5cdeb108dcdecbc473b1e1') in 0.009902 seconds
Start importing Packages/com.unity.render-pipelines.core/Editor/LookDev/Icons/Add@2x.png using Guid(79aba0b290c471c4ba3d3f818d4e9b15) (TextureImporter) -> (artifact id: '20dc089078730fe31a0339cf2359e426') in 0.0038756 seconds
Start importing Packages/com.unity.splines/Editor/Editor Resources/Icons/Tangent_Continuous.png using Guid(791ecff9a0b9fc1439e92e50ceb81dbb) (TextureImporter) -> (artifact id: '19158cf9a077172352ed181d19854b26') in 0.0035815 seconds
Start importing Packages/com.unity.render-pipelines.core/Editor/LookDev/Icons/RenderDoc@2x.png using Guid(89608b060fc7279479398a62e245a409) (TextureImporter) -> (artifact id: '8223c2701852ebdc83c84649453f6d5b') in 0.0040906 seconds
Start importing Packages/com.unity.render-pipelines.core/Editor/Lighting/Icons/LightUnitIcons/d_BlueSky.png using Guid(8991eaef2ed56cc45b9a80b50fbca5e2) (TextureImporter) -> (artifact id: '8c16776196e39996187db53841c3bd2c') in 0.0037742 seconds
Start importing Packages/com.unity.render-pipelines.core/Editor/Lighting/Icons/d_LightPlacement_Icon On@128.png using Guid(89282aabe914d244b839ba4652477f23) (TextureImporter) -> (artifact id: '90760c818a960aca6087025418ea20bf') in 0.0039846 seconds
Start importing Packages/com.unity.render-pipelines.universal/Textures/BlueNoise16/L/LDR_LLL1_30.png using Guid(896d9004736809c4fb5973b7c12eb8b9) (TextureImporter) -> (artifact id: 'c783887484befe97e3864f8fe49b4aaa') in 0.0030852 seconds
Start importing Packages/com.unity.render-pipelines.universal/Textures/FilmGrain/Medium03.png using Guid(9930fb4528622b34687b00bbe6883de7) (TextureImporter) -> (artifact id: '1c8a52e4d77dc31c46b3db8871edc2cc') in 0.0087572 seconds
Start importing Packages/com.unity.render-pipelines.universal/Editor/Gizmos/Camera_Offscreen.png using Guid(99c1f1ec31ff9924e9a75aff82e6b986) (TextureImporter) -> (artifact id: '55c1dd6f0548d08c053601fc14a6426c') in 0.0048507 seconds
Start importing Packages/com.unity.render-pipelines.core/Editor/LookDev/Icons/d_RightArrow.png using Guid(99e5d180080c96940a65c6d906ff9131) (TextureImporter) -> (artifact id: 'cab2b2101a36a37684543a9fefa429b1') in 0.004034 seconds
Start importing Packages/com.unity.render-pipelines.core/Editor/LookDev/Icons/d_Camera2@2x.png using Guid(99d7e777338ab8f4ba890cc738794dba) (TextureImporter) -> (artifact id: '3e5d60fc40ac528d257a8ccec6fd3635') in 0.0041938 seconds
Start importing Packages/com.unity.splines/Editor/Editor Resources/Icons/Tangent_Continuous@2x.png using Guid(990a7dc69d2190e4794d6c36679a4f2e) (TextureImporter) -> (artifact id: 'e78697c2f7a70d121e0f73fc763262a5') in 0.0032052 seconds
Start importing Packages/com.unity.inputsystem/InputSystem/Editor/Icons/Axis@4x.png using Guid(a940917cc397643afb071010cb2143d9) (TextureImporter) -> (artifact id: '7e20db750ee77fc54343e57a60d8eeb9') in 0.003293 seconds
Start importing Packages/com.unity.splines/Editor/Editor Resources/Icons/d_ToolHandleParent.png using Guid(a922762599641445b9b96fc3bcafcf8b) (TextureImporter) -> (artifact id: '732298e2ff46a5c2e464b888185bcb3a') in 0.003618 seconds
Start importing Packages/com.unity.inputsystem/InputSystem/Editor/Icons/ChevronUp.png using Guid(a9fe7c3d19af4432b9ae2a5172f4ea72) (TextureImporter) -> (artifact id: '28ce61c724d18b34f93b5759cc787aa4') in 0.0037465 seconds
Start importing Packages/com.unity.render-pipelines.core/Editor/Lighting/Icons/LightUnitIcons/d_Fluorescent.png using Guid(b95665ddb99de4945b528a188a1c41c7) (TextureImporter) -> (artifact id: 'ea7ae9839f1698d3192f9c3547599a4f') in 0.0035406 seconds
Start importing Packages/com.unity.render-pipelines.core/Editor/Lighting/Icons/LightUnitIcons/BrightSky.png using Guid(b93b6450b9bd1f44da176ac4a821c3e8) (TextureImporter) -> (artifact id: 'c78560fbed8f89e5d9f20f41c1ef5c46') in 0.0035761 seconds
Start importing Packages/com.unity.render-pipelines.core/Editor/Icons/MipLevels/RenderGraphViewer/PassInspector@32.png using Guid(b9ac6ad13d9312941912fc855a3bcc41) (TextureImporter) -> (artifact id: 'be11c7cf58176913809379591eef74d6') in 0.0031928 seconds
Start importing Packages/com.unity.render-pipelines.core/Editor/Icons/MipLevels/RenderGraphViewer/d_PassInspector@32.png using Guid(b98f3689f42be914d9c9db64ff280951) (TextureImporter) -> (artifact id: 'fd9a2c527ad612f2cc9f8839fb093c4f') in 0.0032554 seconds
Start importing Packages/com.unity.shadergraph/Editor/Resources/GraphView/Nodes/NodeChevronDown@2x.png using Guid(c951fed1cf039c7439a755e2ca108e4a) (TextureImporter) -> (artifact id: 'ea238a200a96d1788eadada7e2fdc8e7') in 0.0035056 seconds
Start importing Packages/com.unity.inputsystem/InputSystem/Editor/Icons/d_Orientation.png using Guid(c933c2bcad7ef46309fde7c1cf11b39a) (TextureImporter) -> (artifact id: '8b3b913f1ea154564f1390541f623399') in 0.0037492 seconds
Start importing Packages/com.unity.inputsystem/InputSystem/Editor/Icons/Position@4x.png using Guid(c998b283038914e699477f514ecb31ac) (TextureImporter) -> (artifact id: 'd0620b23d4c864d033323101d06bc15a') in 0.0038277 seconds
Start importing Packages/com.unity.render-pipelines.universal/Textures/BlueNoise16/L/LDR_LLL1_27.png using Guid(c989e1ed85cf7154caa922fec53e6af6) (TextureImporter) -> (artifact id: '8b8bd0e7e2041ab64b24191afbed6b4d') in 0.0039602 seconds
Start importing Packages/com.unity.render-pipelines.universal/Textures/BlueNoise16/L/LDR_LLL1_7.png using Guid(c94ad916058dff743b0f1c969ddbe660) (TextureImporter) -> (artifact id: '780fb0a9a13663e8b61e89d718cf0f31') in 0.0036611 seconds
Start importing Packages/com.unity.render-pipelines.universal/Textures/BlueNoise16/L/LDR_LLL1_20.png using Guid(c9bd74624d8070f429e3f46d161f9204) (TextureImporter) -> (artifact id: '037a25cbc7cd92758f3ab0131af6b951') in 0.0045132 seconds
Start importing Packages/com.unity.render-pipelines.core/Editor/LookDev/Icons/Layout2.png using Guid(d9658be087f390f46bfefa8cb32bbaa6) (TextureImporter) -> (artifact id: '371b7ce5a317eedc363df1e661672299') in 0.0039056 seconds
Start importing Packages/com.unity.render-pipelines.universal/Editor/2D/Resources/InspectorIcons/ParametricLight.png using Guid(e957854850ccb7140a538f7a93f8761b) (TextureImporter) -> (artifact id: '370a73d5f4a1ff7258695dcf1130d3c7') in 0.0033289 seconds
Start importing Packages/com.unity.render-pipelines.core/Editor/Icons/MipLevels/d_VolumeProfile@256.png using Guid(e9cd351a12d48ed4caa2d4ed2d8f02b8) (TextureImporter) -> (artifact id: 'ebada34478c62b2f8f71de37509555be') in 0.004569 seconds
Start importing Packages/com.unity.render-pipelines.core/Editor/LookDev/Icons/Rotation@2x.png using Guid(e9af78578671a3345b8cbf82f1f030b5) (TextureImporter) -> (artifact id: '229ed52f4710c302e288dd01f36d7d7a') in 0.003777 seconds
Start importing Packages/com.unity.render-pipelines.core/Editor/PostProcessing/LensFlareResource/Flare.png using Guid(f92291bf6b5265641ab4f39a5d41fbf4) (TextureImporter) -> (artifact id: 'f2532bb85210835751f270e49c7798ce') in 0.0044468 seconds
Start importing Packages/com.unity.ai.navigation/EditorResources/Overlay/NavigationOverlay@32.png using Guid(f9a2f623ba32a844da6de770f5ccf17f) (TextureImporter) -> (artifact id: '591abbc1593eb7d1dfd4cec7103ffeec') in 0.0036195 seconds
Start importing Packages/com.unity.render-pipelines.universal/Textures/BayerMatrix.png using Guid(f9ee4ed84c1d10c49aabb9b210b0fc44) (TextureImporter) -> (artifact id: '1f745bd2fa5208f0a78fef1279879885') in 0.00361 seconds
Start importing Packages/com.unity.inputsystem/InputSystem/Editor/Icons/d_Pen@4x.png using Guid(0aec7c7bf99354f66bc2a1d18bd0b4d2) (TextureImporter) -> (artifact id: '555747e8a7fc757ffcfdd8f0c5dc829c') in 0.0052024 seconds
Start importing Packages/com.unity.render-pipelines.core/Editor/Lighting/Icons/LightUnitIcons/SunriseSunset@2x.png using Guid(1ade1fa63a0a72f46be69e4ae5e83314) (TextureImporter) -> (artifact id: 'dfce33391a412cb429a3a10524ae3de6') in 0.004238 seconds
Start importing Packages/com.unity.render-pipelines.core/Editor/Lighting/Icons/LightUnitIcons/d_Candlelight@2x.png using Guid(2ae1ad1a228a66a479d96cae55499c4a) (TextureImporter) -> (artifact id: '234ca4d9473a4a29a44174fa0c694b4b') in 0.0034471 seconds
Start importing Packages/com.unity.splines/Editor/Editor Resources/Icons/SplineContext@2x.png using Guid(2ad42e04f6841ea64a7f21707d1aec22) (TextureImporter) -> (artifact id: 'e525399c2c84a1870138e749149cfb75') in 0.004 seconds
Start importing Packages/com.unity.inputsystem/InputSystem/Editor/Icons/Button.png using Guid(2a5d0a7febdc741039abf135883517e5) (TextureImporter) -> (artifact id: 'd4fd61e0c1583a8baf53744e6339067c') in 0.0031155 seconds
Start importing Packages/com.unity.inputsystem/InputSystem/Editor/Icons/Gamepad@3x.png using Guid(4ae0b2f68c2464272b1b10105262b09b) (TextureImporter) -> (artifact id: 'fefb201a83912cbbca7b86b8a609f3da') in 0.0032395 seconds
Start importing Packages/com.unity.render-pipelines.universal/Editor/2D/Resources/Sparkle.png using Guid(4a0aca3a5f2effb41b43cc0a1661d845) (TextureImporter) -> (artifact id: '7953831f8861210da05c0bc566846a57') in 0.0073577 seconds
Start importing Packages/com.unity.inputsystem/InputSystem/Editor/Icons/d_Add Binding@4x.png using Guid(4a0ce0eda6ee74c669b13104649e1313) (TextureImporter) -> (artifact id: '9f7bcf33d74d637ecc1c83b88f9c0559') in 0.0029937 seconds
Start importing Packages/com.unity.inputsystem/InputSystem/Editor/AssetEditor/Resources/personal/foldoutBackground.png using Guid(5ab69704aa4984b49bc426da72fabbed) (TextureImporter) -> (artifact id: '03562a93df501454ff5fec5154fbd7d4') in 0.0025555 seconds
Start importing Packages/com.unity.inputsystem/InputSystem/Editor/Icons/Keyboard.png using Guid(5a5b9538c3aaa4587856e68a93a92a51) (TextureImporter) -> (artifact id: '5d864d7a39dd556142bbcbfb11c2870a') in 0.0029713 seconds
Start importing Packages/com.unity.inputsystem/InputSystem/Editor/Icons/MultiplayerEventSystem@64.png using Guid(6a237171e2346e3458db37eb0f90d42b) (TextureImporter) -> (artifact id: '321f027c5308c06ac62f69bffe5b7161') in 0.004053 seconds
Start importing Packages/com.unity.render-pipelines.core/Editor/Lighting/Icons/LightUnitIcons/d_SunriseSunset.png using Guid(6ac733bfd834f4b4bab06306c63496f2) (TextureImporter) -> (artifact id: '59479a09322da35748ad01a2f8c0e677') in 0.0038973 seconds
Start importing Packages/com.unity.ai.navigation/EditorResources/Overlay/d_NavigationOverlay.png using Guid(6a986a181c9bc6043b057a3d15edbaad) (TextureImporter) -> (artifact id: '7c358abd3d72e9920514a718aa0161af') in 0.0037585 seconds
Start importing Packages/com.unity.render-pipelines.core/Editor/LookDev/Icons/LayoutVertical.png using Guid(6a9d49ac254f03c48bf5b6590f4d2a24) (TextureImporter) -> (artifact id: '317d99ea0822c42d61a3ead64e98c3ff') in 0.0039352 seconds
Start importing Packages/com.unity.render-pipelines.core/Editor/Lighting/Icons/LightUnitIcons/IntenseAreaLight@2x.png using Guid(6abd010e1fd246f4585f513da25bcede) (TextureImporter) -> (artifact id: 'b39e4131729c4f4b837201b98632586f') in 0.0034721 seconds
Start importing Packages/com.unity.ugui/Editor Resources/Textures/btn_AlignCenter_Light.psd using Guid(6ace62d30f494c948b71d5594afce11d) (TextureImporter) -> (artifact id: '85297c632439bb80292a32437312ab99') in 0.0035307 seconds
Start importing Packages/com.unity.splines/Editor/Editor Resources/Textures/TangentLineAATex.png using Guid(7ae4eee88f0f347c0adb6efc7d193d00) (TextureImporter) -> (artifact id: '518d61b7f3688b1af5d99482542c6c06') in 0.0036089 seconds
Start importing Packages/com.unity.render-pipelines.core/Runtime/Debugging/Prefabs/Textures/UIFoldoutClosed.png using Guid(7a0568d5e3330b84687e307992be3030) (TextureImporter) -> (artifact id: 'f7a2d0c0bc14a2cd7c2b7dab6436fc8e') in 0.0039153 seconds
Start importing Packages/com.unity.render-pipelines.core/Editor/Lighting/Icons/UpSnatchFocused.png using Guid(8a35aa5922ce5b746a734edf7de25ab4) (TextureImporter) -> (artifact id: '28c7103bf04493fe71e8a940e37f7f7c') in 0.0033802 seconds
Start importing Packages/com.unity.render-pipelines.core/Editor/Icons/MipLevels/RenderPipelineResources@128.png using Guid(8a682daa78f03b64597ad91aefef3dab) (TextureImporter) -> (artifact id: 'dd132fe9e34fcc9aeaea431b141b1ee3') in 0.0038234 seconds
Start importing Packages/com.unity.render-pipelines.core/Editor/LookDev/Icons/Environment.png using Guid(8accc003516bedf4b94c9c8a86b2b6a1) (TextureImporter) -> (artifact id: 'bf44ef30938980e95310917fb130c716') in 0.0040261 seconds
Start importing Packages/com.unity.render-pipelines.core/Editor/LookDev/Icons/Layout1.png using Guid(9a3173335e5741d438e81064b518bd80) (TextureImporter) -> (artifact id: 'e5af7db7d3a10a26413f68eca3643aba') in 0.0053805 seconds
Start importing Packages/com.unity.render-pipelines.core/Editor/LookDev/Icons/Link@2x.png using Guid(9a235474413e1f349b010b461c76efac) (TextureImporter) -> (artifact id: 'a8de4ac2c5432c9f1548fd320b9a7652') in 0.0044663 seconds
Start importing Packages/com.unity.inputsystem/InputSystem/Editor/Icons/Touch@3x.png using Guid(9ad5d5b6a25b749e78b4950eae0a8ec2) (TextureImporter) -> (artifact id: 'e9adff9384a9730a2b72c634ddf8b87c') in 0.0038665 seconds
Start importing Packages/com.unity.render-pipelines.core/Editor/Lighting/Icons/LightUnitIcons/d_BrightSky@2x.png using Guid(9a278b70c427e8e4caa47a45a5d59de8) (TextureImporter) -> (artifact id: 'dfe07654a33a87dffec34286532b4082') in 0.0042213 seconds
Start importing Packages/com.unity.splines/Editor/Editor Resources/Icons/d_SplineComponent@2x.png using Guid(9a1e76c9845005c41a09e1d83102744e) (TextureImporter) -> (artifact id: 'df3e526c3d90e4a8f91cd28d5a2bcdde') in 0.0030044 seconds
Start importing Packages/com.unity.inputsystem/InputSystem/Editor/Icons/Button@4x.png using Guid(aa356632480554016ab8f4200032981b) (TextureImporter) -> (artifact id: '9acc9ac71b91a01cac307d11a0231cec') in 0.0033595 seconds
Start importing Packages/com.unity.inputsystem/InputSystem/Editor/AssetEditor/Resources/personal/propertiesBackground.png using Guid(aa4c2360f910d46f497f75b4b6677358) (TextureImporter) -> (artifact id: '36cfed729d866568e3cce42457ce1ef4') in 0.0043583 seconds
Start importing Packages/com.unity.render-pipelines.core/Editor/LookDev/Icons/SunPosition.png using Guid(aa1dfcb67e8bf664d8d8a1821c118281) (TextureImporter) -> (artifact id: '3d2f95ff96659da77c3f19e0a2effae5') in 0.0034536 seconds
Start importing Packages/com.unity.inputsystem/InputSystem/Editor/Icons/ChevronDown.png using Guid(ba304f5556a3a4fac98d126883083e7e) (TextureImporter) -> (artifact id: '2b9a7fea589bdfb2970824df8ff5f730') in 0.0033243 seconds
Start importing Packages/com.unity.render-pipelines.core/Editor/Lighting/Icons/LightUnitIcons/ExteriorLight.png using Guid(baa2eadff75899140ac64277e3f60453) (TextureImporter) -> (artifact id: 'f3d9febe4f9adc03a2892742f1f304c9') in 0.0034557 seconds
Start importing Packages/com.unity.render-pipelines.core/Editor/LookDev/Icons/d_SunPosition@2x.png using Guid(ba2d3d7d05fd3e046b6d413365e9b11e) (TextureImporter) -> (artifact id: '7a2d8b68c847a87e92185a5047d87ba2') in 0.0038733 seconds
Start importing Packages/com.unity.ugui/Editor Resources/Textures/btn_AlignBottom.psd using Guid(ca51b19024094d1b87f3e07edb0a75fb) (TextureImporter) -> (artifact id: '39ca771fd0dabdc7b1459329f3b6d1b5') in 0.0032061 seconds
Start importing Packages/com.unity.render-pipelines.core/Editor/Icons/MipLevels/VolumeProfile@64.png using Guid(ca82ccfbb5485754191e3778316b1424) (TextureImporter) -> (artifact id: 'dc9fbc29d5d2b3bc5d3b358d4fa88437') in 0.0032862 seconds
Start importing Packages/com.unity.inputsystem/InputSystem/Editor/Icons/d_Add Binding@3x.png using Guid(ca933a91c81734ddd88b17c8481ec1e9) (TextureImporter) -> (artifact id: 'b0f4521a4c567ed36e95a0868bceba05') in 0.0035492 seconds
Start importing Packages/com.unity.inputsystem/InputSystem/Editor/Icons/Interactive Binding@3x.png using Guid(cac8742b1b72b44699fd1663287ca47d) (TextureImporter) -> (artifact id: '3025a26b6246ec06a5bffa2c23eb964a') in 0.0033793 seconds
Start importing Packages/com.unity.inputsystem/InputSystem/Editor/Icons/d_Orientation@2x.png using Guid(cae83450c8b18499c8c0239edf8bcc31) (TextureImporter) -> (artifact id: 'a574be39ecf50a117bd23e1e716c9afa') in 0.0028897 seconds
Start importing Packages/com.unity.splines/Editor/Editor Resources/Icons/SplineEditMode-Info.png using Guid(dac10fae1df6549468da9a027ab58f48) (TextureImporter) -> (artifact id: '602ac42d6ac3f30de766aa0193415805') in 0.0036338 seconds
Start importing Packages/com.unity.render-pipelines.core/Editor/LookDev/Icons/d_Add@2x.png using Guid(daa49a1f06460a04b9827dd6f0bace08) (TextureImporter) -> (artifact id: '374f7b631cd6d48bd82d8b1450f4e3a3') in 0.0038769 seconds
Start importing Packages/com.unity.render-pipelines.core/Editor/LookDev/Icons/d_Layout1.png using Guid(da974c4d40533154a83d57ca90e34bb8) (TextureImporter) -> (artifact id: '35293b95eb0395d59c2b3ff7fc0f20bf') in 0.003994 seconds
Start importing Packages/com.unity.inputsystem/InputSystem/Editor/Icons/d_Mouse@2x.png using Guid(daa9ba527d8a34b218224b8287ce11d3) (TextureImporter) -> (artifact id: '0f8fd50a8e552e8ba9508cfdd55a15dc') in 0.0028705 seconds
Start importing Packages/com.unity.splines/Editor/Editor Resources/Icons/d_Tangent_Continuous@2x.png using Guid(eac3fab9344333949be4dd5d505179d9) (TextureImporter) -> (artifact id: 'c7abcd84e2b71a215cba7e5335d126d9') in 0.0037118 seconds
Start importing Packages/com.unity.inputsystem/InputSystem/Editor/Icons/Pen.png using Guid(ea8b7319643924985a9ee4ca18b8db59) (TextureImporter) -> (artifact id: '9dacaa537b93ffb7d6c207a057ffbb64') in 0.0030055 seconds
Start importing Packages/com.unity.render-pipelines.universal/Textures/BlueNoise16/L/LDR_LLL1_29.png using Guid(fa042edbfc40fbd4bad0ab9d505b1223) (TextureImporter) -> (artifact id: '2bd17a0e643190c0a4b70230323234ae') in 0.0035271 seconds
Start importing Packages/com.unity.splines/Editor/Editor Resources/Icons/d_SplineContext@2x.png using Guid(fa78221ae4df49ddfb00a8ca3d980e19) (TextureImporter) -> (artifact id: '05931eb78e52af5b8ecb534e5a48deba') in 0.0038315 seconds
Start importing Packages/com.unity.ugui/Editor Resources/Textures/btn_AlignJustified_Light.psd using Guid(fa6bd40a216346b783a4cce741d277a5) (TextureImporter) -> (artifact id: '8e3f6cdf37fb459047a477a1654c006b') in 0.0038332 seconds
Start importing Packages/com.unity.render-pipelines.core/Editor/Lighting/Icons/LightUnitIcons/d_BlueSky@2x.png using Guid(0b39f97ea330aac459e3fbb440f4b0d0) (TextureImporter) -> (artifact id: '1e610643ec5dbcce0838e04198baf096') in 0.00313 seconds
Start importing Packages/com.unity.splines/Editor/Editor Resources/Icons/d_AutoSmoothKnot On@2x.png using Guid(0b2a7c32dd38d425f9a9418e85887dd9) (TextureImporter) -> (artifact id: 'cbc067362da6821583d47eff51d3a22c') in 0.0034934 seconds
Start importing Packages/com.unity.render-pipelines.core/Editor/Lighting/Icons/LightUnitIcons/InteriorLight@2x.png using Guid(1bb3da4ea375c37498c93327420e6a01) (TextureImporter) -> (artifact id: 'b2b588cdd213c64bcb7e0594ee248ce3') in 0.0037683 seconds
Start importing Packages/com.unity.inputsystem/InputSystem/Editor/Icons/Pen@3x.png using Guid(1bf9cdd4bc492489c8c7c6190785fc48) (TextureImporter) -> (artifact id: 'eb77ba024969a019391927ad39e38434') in 0.0032028 seconds
Start importing Packages/com.unity.cinemachine/Editor/EditorResources/Icons/Dark/CmSplineRollTool@256.png using Guid(1b2b4365da9f1fe4ea910a6cc7b91b18) (TextureImporter) -> (artifact id: '6585a876b561ce6f58132d9b892fe7ce') in 0.0068918 seconds
Start importing Packages/com.unity.ai.navigation/EditorResources/Overlay/NavigationOverlay@128.png using Guid(1b6bf0e7b03fea94987a73d0cb14781b) (TextureImporter) -> (artifact id: '9850b89613a823252069034f0bbb10c0') in 0.0081483 seconds
Start importing Packages/com.unity.render-pipelines.core/Editor/Icons/RenderGraphViewer/ScriptLink@2x.png using Guid(2b2147ee427aa3a468912c85ba64c256) (TextureImporter) -> (artifact id: '07e1642b26c28abcbf6c44b8653d36a3') in 0.0052798 seconds
Start importing Packages/com.unity.render-pipelines.core/Editor/LookDev/Icons/d_Link@2x.png using Guid(2b06c35710693f640babb3dcf747d06a) (TextureImporter) -> (artifact id: '2495b953b5e302863a66ec30cdc3c792') in 0.0052237 seconds
Start importing Packages/com.unity.inputsystem/InputSystem/Editor/Icons/d_Interactive Binding@2x.png using Guid(3b78dc1763429489c9a1c70faf4f9a0e) (TextureImporter) -> (artifact id: '27ae43e94fd9d32e280fe3d24fb4a0bb') in 0.0038509 seconds
Start importing Packages/com.unity.render-pipelines.universal/Textures/BlueNoise256/LDR_LLL1_1.png using Guid(4b7b083e6b6734e8bb2838b0b50a0bc8) (TextureImporter) -> (artifact id: 'f2d70385a63d827421b29813e03be09a') in 0.0046087 seconds
Start importing Packages/com.unity.render-pipelines.core/Editor/Icons/RenderGraphViewer/d_Buffer@2x.png using Guid(5b418afba2ea4e542bbc80b91d784d20) (TextureImporter) -> (artifact id: 'f62d92e54ff8be4efe9b720000358044') in 0.003309 seconds
Start importing Packages/com.unity.ai.navigation/EditorResources/Overlay/d_NavigationOverlay On@128.png using Guid(5b2a8a1e265e99b4fb8d77061490f397) (TextureImporter) -> (artifact id: 'b438bb075497da17f2439b008917c388') in 0.0160572 seconds
Start importing Packages/com.unity.render-pipelines.core/Editor/LookDev/Icons/LayoutVertical@2x.png using Guid(6b8067336fda8f040bb1f6d336ac08c5) (TextureImporter) -> (artifact id: '7acec512a152de10e6e072b171854b79') in 0.0155286 seconds
Start importing Packages/com.unity.shadergraph/Editor/Resources/Icons/SettingsIcons_hover.png using Guid(6bfd5f3c15e1ee7498657be747544985) (TextureImporter) -> (artifact id: 'cd7c4166f68e1a8a3654ade0e67f0bce') in 0.0031543 seconds
Start importing Packages/com.unity.inputsystem/InputSystem/Editor/Icons/TrackedPoseDriver@4x.png using Guid(7b8bfaee8f8631c4789ac62373cbc2d4) (TextureImporter) -> (artifact id: '091323956ab8c2d19d61b45a92e3108b') in 0.0031194 seconds
Start importing Packages/com.unity.inputsystem/InputSystem/Editor/Icons/Add Binding@3x.png using Guid(8be1fbf4b24de44c99840805bdae9e40) (TextureImporter) -> (artifact id: '61fb49d9096072d4c4f2f72a70d716ca') in 0.0026136 seconds
Start importing Packages/com.unity.ugui/Editor Resources/Textures/btn_AlignBaseLine.psd using Guid(8bc445bb79654bf496c92d0407840a92) (TextureImporter) -> (artifact id: 'd077f03605810f8689cc4261c308e699') in 0.0029155 seconds
Start importing Packages/com.unity.splines/Editor/Editor Resources/Icons/AutoSmoothKnot On@2x.png using Guid(9b61528aebb8f4f3fb747bdfa7bc80b0) (TextureImporter) -> (artifact id: '13e2c0ba55835c353e15b778380eb2ca') in 0.0028717 seconds
Start importing Packages/com.unity.render-pipelines.core/Editor/Lighting/Icons/PresetHair.png using Guid(9b18a8aa7da659344b2fce408beb09c3) (TextureImporter) -> (artifact id: '45cb7a0acb91aad8aa88367290543d9d') in 0.0030347 seconds
Start importing Packages/com.unity.render-pipelines.universal/Editor/Decal/Resources/DecalGizmo.png using Guid(9ba98ca4f0fc0754caca09e38af0cc0a) (TextureImporter) -> (artifact id: 'a39609b23ef20cf0d23bd3b99ae3a255') in 0.0040647 seconds
Start importing Packages/com.unity.render-pipelines.core/Editor/LookDev/Icons/d_Rotation.png using Guid(abc6ce87642c5c1478a4b107d1c5688a) (TextureImporter) -> (artifact id: '40473a8e604e92ec615a8dffdbf534ec') in 0.003533 seconds
Start importing Packages/com.unity.render-pipelines.core/Editor/LookDev/Icons/LeftArrow.png using Guid(aba72f93e9005054dba8cb368c0bf724) (TextureImporter) -> (artifact id: '2d5b86dac5f9ca4ae997dfd973a099a2') in 0.0034567 seconds
Start importing Packages/com.unity.inputsystem/InputSystem/Editor/Icons/d_Dpad@2x.png using Guid(ab9b5824ece1d443aa1f3a5672d9da86) (TextureImporter) -> (artifact id: '047bf253643bf07ae04b64714e46961c') in 0.0037888 seconds
Start importing Packages/com.unity.ugui/Editor Resources/Textures/btn_AlignMidline_Light.psd using Guid(bb42b2d967d6427983c901a4ffc8ecd9) (TextureImporter) -> (artifact id: '8010f067699100fbb70eb817551525c5') in 0.0038073 seconds
Start importing Packages/com.unity.inputsystem/InputSystem/Editor/Icons/d_Pen.png using Guid(bb42fb9342e9d4e68b6cf39a2e071d9b) (TextureImporter) -> (artifact id: '90c031a52289930b9c5fccc0ffa84174') in 0.0037573 seconds
Start importing Packages/com.unity.splines/Editor/Editor Resources/Icons/d_Tangent_Continuous On@2x.png using Guid(bb77b85668352d3488c1a957ed7509a1) (TextureImporter) -> (artifact id: 'e296e189899d09811fbdc320c686472c') in 0.0037109 seconds
Start importing Packages/com.unity.splines/Editor/Editor Resources/Icons/Tangent_Continuous On@2x.png using Guid(bb7bb364d1bd6bf4487c06678f176dff) (TextureImporter) -> (artifact id: 'd6c7d5c486264fbc037f410e30ab8cbd') in 0.0040077 seconds
Start importing Packages/com.unity.render-pipelines.core/Editor/Lighting/Icons/LightUnitIcons/CloudySky.png using Guid(bb2cc982d8ff1aa4a9ce5ee5fdb29023) (TextureImporter) -> (artifact id: '5d888e2b5a7dd8d8f2a33eb7012f4411') in 0.0039897 seconds
Start importing Packages/com.unity.render-pipelines.core/Editor/Lighting/Icons/PresetKick_Left.png using Guid(bb3de0f2ada94114cbb7cc74829de16d) (TextureImporter) -> (artifact id: '61b9d92180da85afe66239c35f4ea221') in 0.0040717 seconds
Start importing Packages/com.unity.inputsystem/InputSystem/Editor/Icons/Add Binding@2x.png using Guid(bb5fa99d6e9434c9ebf101c956021ee1) (TextureImporter) -> (artifact id: 'd5fe225e924896ac1b9ec53640e6b073') in 0.0036369 seconds
Start importing Packages/com.unity.render-pipelines.universal/Textures/BlueNoise256/LDR_LLL1_3.png using Guid(cb76dd40fa7654f9587f6a344f125c9a) (TextureImporter) -> (artifact id: 'edccc7e1f316abdb2256630a061d47e4') in 0.0045479 seconds
Start importing Packages/com.unity.render-pipelines.core/Editor/LookDev/Icons/d_renderdoc.png using Guid(cbe929948d88af7409a05054bc8187c7) (TextureImporter) -> (artifact id: 'c8f9035b30e19bbe83473924de8c2b06') in 0.0035156 seconds
Start importing Packages/com.unity.render-pipelines.core/Editor/LookDev/Icons/Add.png using Guid(cbaeed03e5416aa4bae23110b63a0c7d) (TextureImporter) -> (artifact id: 'd1367421044ead999c4b1e9aa84bd3df') in 0.003062 seconds
Start importing Packages/com.unity.render-pipelines.core/Editor/Lighting/Icons/LightUnitIcons/ClearSky.png using Guid(db0321d865208c648ae843f39ab69004) (TextureImporter) -> (artifact id: 'ae3fa7dc42a51ab43281abb204d6fbed') in 0.0035372 seconds
Start importing Packages/com.unity.render-pipelines.core/Editor/LookDev/Icons/d_Rotation@2x.png using Guid(db7aaa162a1a5a54b826d15b5b20fb06) (TextureImporter) -> (artifact id: '82bf3a7bc90e03b10bfadede9273847d') in 0.0041929 seconds
Start importing Packages/com.unity.inputsystem/InputSystem/Editor/Icons/d_Button@4x.png using Guid(db3dc7a02ac6d4e90bbe905a44ac265b) (TextureImporter) -> (artifact id: '9fed755a52f4c74767ec0be7be9a416b') in 0.0034324 seconds
Start importing Packages/com.unity.inputsystem/InputSystem/Editor/Icons/d_Interactive Binding.png using Guid(eb28fd64eacfa495c97193108f1cdf03) (TextureImporter) -> (artifact id: '01a02c344ee760d4909a9981bd176102') in 0.0031071 seconds
Start importing Packages/com.unity.render-pipelines.core/Editor/Lighting/Icons/LightUnitIcons/d_Shade.png using Guid(fbe2a78a665b37a4c9ec6623f42feb59) (TextureImporter) -> (artifact id: '8d419eea3e6d7e6392e7a14882266db6') in 0.003009 seconds
Start importing Packages/com.unity.ugui/Editor Resources/Textures/SectionHeader_Dark.psd using Guid(fb5730e24283d0c489e5c7d0bee023d9) (TextureImporter) -> (artifact id: '2bc5761b05da207887ed1f0b8fedbeff') in 0.0039523 seconds
Start importing Packages/com.unity.splines/Editor/Editor Resources/Icons/SplineContext.png using Guid(fbb7a4425fc8e4e5bb4f932ae7f52073) (TextureImporter) -> (artifact id: '9ad9603110c158ea00dcd5ebff201d1e') in 0.0039087 seconds
Start importing Packages/com.unity.shadergraph/Editor/Resources/GraphView/Nodes/NodeChevronLeft.png using Guid(fb2ebd29216e958449e2ce6f37fde61d) (TextureImporter) -> (artifact id: '3531249e92792add1cb0b73133c19d83') in 0.0034359 seconds
Start importing Packages/com.unity.render-pipelines.universal/Editor/2D/Resources/LightCapBottomLeft.png using Guid(fb7e2c1cde476854fb7067dcca74511a) (TextureImporter) -> (artifact id: '9afc6704e4b90aff15098e550fd8c009') in 0.0030396 seconds
Start importing Packages/com.unity.render-pipelines.core/Editor/Lighting/Icons/d_LightPlacement_Icon@2x.png using Guid(fbee1c54ecff3d24e8f34e2bbd19390f) (TextureImporter) -> (artifact id: '87aad74c67c0408274cf60cf2bcf75a4') in 0.0031578 seconds
Start importing Packages/com.unity.render-pipelines.core/Editor/Lighting/Icons/LightUnitIcons/d_CloudySky.png using Guid(0c24a3ead3381ee4cb4574c5be266d87) (TextureImporter) -> (artifact id: '4642477b328aa7daeeddb573060b52c6') in 0.0033167 seconds
Start importing Packages/com.unity.render-pipelines.core/Editor/Lighting/Icons/LightUnitIcons/d_ExteriorLight@2x.png using Guid(0cd6ad04e58c5e1478f2925fa64f5b57) (TextureImporter) -> (artifact id: '6d7008c4a64e309e883c2ba776fcbf7f') in 0.00407 seconds
Start importing Packages/com.unity.searcher/Editor/Resources/FlatSkin/SearchSmallDownOff@2x.png using Guid(0c2aa48d028b3134dbbb5ceb57bff5ac) (TextureImporter) -> (artifact id: '520dcbac12f805eca3817324f099ca7b') in 0.0035311 seconds
Start importing Packages/com.unity.render-pipelines.core/Editor/Lighting/Icons/PresetBounce_Left.png using Guid(1c7013643e4df944492a5801199df62a) (TextureImporter) -> (artifact id: '7c03a8896a6289b0af5892d3badf7883') in 0.0036013 seconds
Start importing Packages/com.unity.render-pipelines.core/Editor/LookDev/Icons/LayoutCustom.png using Guid(1cc4a70085896c04bbfbf60669963fc8) (TextureImporter) -> (artifact id: 'af575ab0a9823110ab695919da2d251d') in 0.0031538 seconds
Start importing Packages/com.unity.inputsystem/InputSystem/Editor/Icons/Orientation@4x.png using Guid(1c751eb104ad5407992e614361d5f81e) (TextureImporter) -> (artifact id: 'd9f29b9c55f3ba764d8761d05bc5c80e') in 0.0028589 seconds
Start importing Packages/com.unity.inputsystem/InputSystem/Editor/Icons/Button@2x.png using Guid(1c37f00575bd6494ea726be5afee89b9) (TextureImporter) -> (artifact id: 'ec521e97e4925da1452009fdb2b4acf4') in 0.0028946 seconds
Start importing Packages/com.unity.ai.navigation/EditorResources/Overlay/NavigationOverlay On@16.png using Guid(1c89fbe185cd30b4584ab3d5476807eb) (TextureImporter) -> (artifact id: '93bac60ebb465d7379b40434d44c0b41') in 0.0032618 seconds
Start importing Packages/com.unity.render-pipelines.universal/Textures/BlueNoise16/L/LDR_LLL1_25.png using Guid(1c3c6d69a645b804fa232004b96b7ad3) (TextureImporter) -> (artifact id: '5989c608e7691030a6289cd257132e12') in 0.0035031 seconds
Start importing Packages/com.unity.render-pipelines.core/Editor/Icons/MipLevels/RenderGraphViewer/d_Resources@16.png using Guid(2c62c65904d676c489198d40c731befe) (TextureImporter) -> (artifact id: '43b52e1941183c7e7327982062f41fc2') in 0.0040862 seconds
Start importing Packages/com.unity.render-pipelines.universal/Editor/2D/ShapeEditor/Resources/TangentLinearPro.png using Guid(2ce62e9a7e0a56844bf0b342840bbdf7) (TextureImporter) -> (artifact id: '870110fe151f95975838a949879afc00') in 0.0036023 seconds
Start importing Packages/com.unity.render-pipelines.universal/Textures/BlueNoise16/L/LDR_LLL1_4.png using Guid(2ca97df9d1801e84a8a8f2c53cb744f0) (TextureImporter) -> (artifact id: '506dc1912eb5254f1c374508e4f686a1') in 0.0037573 seconds
Start importing Packages/com.unity.render-pipelines.core/Editor/Icons/MipLevels/d_RenderPipelineResources@32.png using Guid(4c30e5cf9793c0044a32b7aadd4f6f5e) (TextureImporter) -> (artifact id: '6bff6f87b061290e83a7a1768f8c7e08') in 0.0034358 seconds
Start importing Packages/com.unity.shadergraph/Editor/Resources/GraphView/Nodes/NodeChevronDown.png using Guid(4c07dcabd0a45844eb0889811a49b9bf) (TextureImporter) -> (artifact id: '0cb036840bda4d594a10f02985b7671f') in 0.0037689 seconds
Start importing Packages/com.unity.cinemachine/Editor/EditorResources/SceneToolsLabelBackground.png using Guid(5ca5d3d4919ce4b4bbbc4e3c67bf6320) (TextureImporter) -> (artifact id: 'ce9d65033b2033233f3f7011507629db') in 0.0043385 seconds
Start importing Packages/com.unity.ai.navigation/EditorResources/Overlay/d_NavigationOverlay On.png using Guid(5c5ac68c1bc4e104f9e987b9d1da4556) (TextureImporter) -> (artifact id: 'd801a3d4fc32b5d0033f793c32e1c9b9') in 0.0032612 seconds
Start importing Packages/com.unity.render-pipelines.universal/Textures/FilmGrain/Large02.png using Guid(5cdee82a77d13994f83b8fdabed7c301) (TextureImporter) -> (artifact id: '850d1541b1671ecb6fd6e3cc03f9c0c6') in 0.0084408 seconds
Start importing Packages/com.unity.inputsystem/InputSystem/Editor/Icons/Dpad@3x.png using Guid(6c1147159d9dc42948601b29dfc9a40c) (TextureImporter) -> (artifact id: '1acbe854b9ff05502dd032fd0eae1348') in 0.0028564 seconds
Start importing Packages/com.unity.render-pipelines.core/Editor/Lighting/Icons/PresetRim_Left.png using Guid(6cec6e582e857c24bb9432ed7ff629f8) (TextureImporter) -> (artifact id: '03c5f3fb9c06085ca03d13f5f0220c11') in 0.0062621 seconds
Start importing Packages/com.unity.rendering.light-transport/Runtime/Sampling/Textures/SobolBlueNoise/ScramblingTile256SPP.png using Guid(7cb0041122895034eb8f6692eed6fe14) (TextureImporter) -> (artifact id: 'd93bf3f97599ce1328ebf997c1c5c0f6') in 0.0054821 seconds
Start importing Packages/com.unity.render-pipelines.universal/Textures/BlueNoise16/L/LDR_LLL1_3.png using Guid(7ce2118f74614a94aa8a0cdf2e6062c3) (TextureImporter) -> (artifact id: '939bced5c0b8acff6a34a84ed1b4c701') in 0.003051 seconds
Start importing Packages/com.unity.cinemachine/Editor/EditorResources/Icons/Light/FollowOffset.png using Guid(7cd5c9cd9de00488ebbdd134c8a20a40) (TextureImporter) -> (artifact id: '06efa24dced7f9b6ddcd866208836fc6') in 0.0052851 seconds
Start importing Packages/com.unity.render-pipelines.universal/Editor/2D/Resources/PixelPerfectCamera.png using Guid(7cba34d70552e144586a4d3ce4a33de5) (TextureImporter) -> (artifact id: '27667b8dd280da98bb5b526ab5470053') in 0.0047244 seconds
Start importing Packages/com.unity.render-pipelines.core/Editor/Icons/MipLevels/RenderGraphViewer/Resources@32.png using Guid(8c00ff63cd786b34685fe28d9d37c2b9) (TextureImporter) -> (artifact id: 'e902d9f07d707a63fe18c317aec42da5') in 0.0038142 seconds
Start importing Packages/com.unity.render-pipelines.core/Editor/LookDev/Icons/d_Duplicate@2x.png using Guid(8ca869dd944d5f54e9ec614b26f10dcb) (TextureImporter) -> (artifact id: '86a9be9dcf1cf27886e32e951e2e3197') in 0.0063105 seconds
Start importing Packages/com.unity.render-pipelines.core/Editor/LookDev/Icons/d_LayoutCustom.png using Guid(8c3a606a4a147a34c952b98bf038c662) (TextureImporter) -> (artifact id: '853433e3ade10fd44e776898fdbdf1db') in 0.0034664 seconds
Start importing Packages/com.unity.render-pipelines.core/Editor/LookDev/Icons/LayoutHorizontal.png using Guid(8ccec084228b3b74a898f38126eb142f) (TextureImporter) -> (artifact id: 'f249476ab994c5f8c7d0ce01430383c0') in 0.0037126 seconds
Start importing Packages/com.unity.cinemachine/Editor/EditorResources/Icons/Light/CmTrack@256.png using Guid(9c4067e4e9dc4483f8164d5d36b6e2c5) (TextureImporter) -> (artifact id: '4671200a818e62e9611812d40a612535') in 0.0057404 seconds
Start importing Packages/com.unity.render-pipelines.core/Editor/LookDev/Icons/d_RenderDoc@2x.png using Guid(9c63b51755ec8c845b857cc73a35d606) (TextureImporter) -> (artifact id: '26ffbda32607abacd9cddc0b3f083120') in 0.0044829 seconds
Start importing Packages/com.unity.render-pipelines.core/Editor/LookDev/Icons/d_LayoutHorizontal@2x.png using Guid(9cad92999ddfa304495b735a55c78329) (TextureImporter) -> (artifact id: '283afa0ad2dc10f110ade751f78fcddc') in 0.0043207 seconds
Start importing Packages/com.unity.inputsystem/InputSystem/Editor/Icons/Pen@4x.png using Guid(acf10446fff184bb98db6350c2c43148) (TextureImporter) -> (artifact id: '245b5380af223224a22ea020454daefc') in 0.0039341 seconds
Start importing Packages/com.unity.render-pipelines.core/Editor/Icons/MipLevels/d_Volume@64.png using Guid(aca45e74fd5117e499180b8f31d39395) (TextureImporter) -> (artifact id: 'eb666baebe9a4084e83d35a263cb92d4') in 0.0038939 seconds
Start importing Packages/com.unity.render-pipelines.core/Editor/Lighting/Icons/LightUnitIcons/d_ExteriorLight.png using Guid(acd8a3fb93bb04b4db467ca2090011ae) (TextureImporter) -> (artifact id: '79a67fb3194330aeead025767771446e') in 0.0044034 seconds
Start importing Packages/com.unity.render-pipelines.core/Editor/Lighting/Icons/LightUnitIcons/DecorativeLight@2x.png using Guid(ac6bd7230f54da84b8ad3a0e2b14b3d9) (TextureImporter) -> (artifact id: 'ec672393b062c040c2642888c98896cf') in 0.0038587 seconds
Start importing Packages/com.unity.inputsystem/InputSystem/Editor/Icons/d_Position@4x.png using Guid(ac4c5ccb2785f4460b2dcfe47010c688) (TextureImporter) -> (artifact id: '5dfb6b0bb73aa52f0eede63e8203c5b9') in 0.0148383 seconds
Start importing Packages/com.unity.render-pipelines.core/Editor/Icons/MipLevels/Volume@128.png using Guid(bcac3edca050cd043be3942131c59be3) (TextureImporter) -> (artifact id: '0e0992d98c75fc9594347917368625eb') in 0.0032816 seconds
Start importing Packages/com.unity.render-pipelines.core/Editor/LookDev/Icons/d_Remove@2x.png using Guid(cc27e95868ab32345b74b8338c01ebed) (TextureImporter) -> (artifact id: '7303a6a85c3caf8615210f9672e648b9') in 0.0034861 seconds
Start importing Packages/com.unity.render-pipelines.core/Editor/LookDev/Icons/d_SunPosition.png using Guid(cc99218b39d91f84e9a26fac406c07e7) (TextureImporter) -> (artifact id: '3b309ff63df43ddef0487bd0adc8007b') in 0.0036166 seconds
Start importing Packages/com.unity.ai.navigation/Gizmos/NavMeshModifierVolume Icon.png using Guid(cc7b9475dbddf4f9088d327d6e10ab77) (TextureImporter) -> (artifact id: '0cfadd3f2a105058ac2da7d34297f3a9') in 0.0059347 seconds
Start importing Packages/com.unity.inputsystem/InputSystem/Editor/Icons/InputControl.png using Guid(ec85de66fa5b64dd984fdcc82f8f92b3) (TextureImporter) -> (artifact id: '7194b6f57cd2d2a772a3ef857821bed7') in 0.0032567 seconds
Start importing Packages/com.unity.ugui/Editor Resources/Gizmos/TMP - Sprite Asset Icon.psd using Guid(ec7c645d93308c04d8840982af12101e) (TextureImporter) -> (artifact id: 'd1e2a8f5dda5adaea09bee90892ec76b') in 0.0049796 seconds
Start importing Packages/com.unity.render-pipelines.universal/Editor/2D/Resources/Cinemachine.png using Guid(ec2f01df0bb1bfe459b5562a9e71c8d4) (TextureImporter) -> (artifact id: '7adc5f0290e07e3628ea3405f598e7b8') in 0.0067389 seconds
Start importing Packages/com.unity.render-pipelines.core/Editor/LookDev/Icons/d_CenterLight.png using Guid(fca3bc21b4600e04faaddb69c5fad81e) (TextureImporter) -> (artifact id: 'f0f245827f556d00779def8897d846a6') in 0.0039453 seconds
Start importing Packages/com.unity.ai.navigation/EditorResources/Overlay/NavigationOverlay@64.png using Guid(fc46fceb4d1516544b7f503337211f65) (TextureImporter) -> (artifact id: 'cc2e2b3857b721bff63d7ced9dbf4644') in 0.004153 seconds
Start importing Packages/com.unity.inputsystem/InputSystem/Editor/Icons/d_Joystick@3x.png using Guid(fcaa0d99df7c74f52afaa17a375dd393) (TextureImporter) -> (artifact id: '35289ee1f89567a54c04932031f6b5ae') in 0.004049 seconds
Start importing Packages/com.unity.render-pipelines.universal/Textures/BlueNoise16/L/LDR_LLL1_11.png using Guid(fc3fa8f108657e14486697c9a84ccfc5) (TextureImporter) -> (artifact id: 'aec986f8c90b1b791bf26a2c7cdcaa0e') in 0.003509 seconds
Start importing Packages/com.unity.render-pipelines.core/Editor/LookDev/Icons/d_Duplicate.png using Guid(0d692588b1d40e9429620400bd5efe63) (TextureImporter) -> (artifact id: '8d9eed5eec4de2afe287287ebe0f8327') in 0.0040262 seconds
Start importing Packages/com.unity.inputsystem/InputSystem/Editor/Icons/d_ChevronDown@4x.png using Guid(0de917098a5b848b1a371e570928ce10) (TextureImporter) -> (artifact id: '0a5513ceb87029ebf34f013f2a6317f7') in 0.0037313 seconds
Start importing Packages/com.unity.ugui/Editor Resources/Textures/btn_AlignCapLine.psd using Guid(0d9a36012a224080966c7b55896aa0f9) (TextureImporter) -> (artifact id: '5dba5c78a1bf8e2473af6fa9ce39d462') in 0.0042256 seconds
Start importing Packages/com.unity.render-pipelines.core/Editor/Lighting/Icons/d_LightPlacement_Icon On.png using Guid(1d70e8f2a6df91f46a8e5b4f2378c8bc) (TextureImporter) -> (artifact id: '39e52699d61bca1bd7505102e7b92fb0') in 0.003838 seconds
Start importing Packages/com.unity.render-pipelines.core/Editor/Lighting/Icons/LightUnitIcons/MediumAreaLight@2x.png using Guid(1dea3362fb2f72d46b7e3351a7e12ccf) (TextureImporter) -> (artifact id: '0a070fc4e1771a622def5329368da6eb') in 0.0041936 seconds
Start importing Packages/com.unity.render-pipelines.core/Editor/Lighting/Icons/PresetRim_Right.png using Guid(1deb07c84dc414b4388bf2970d0c9aef) (TextureImporter) -> (artifact id: '5104ccc0302b9c22f7b935012e35052c') in 0.0045971 seconds
Start importing Packages/com.unity.ai.navigation/EditorResources/Overlay/d_NavigationOverlay@64.png using Guid(1dacc9e843ef1444fad71e40913ef05c) (TextureImporter) -> (artifact id: '96ce49e6534971a7c8cbc12be09e89a3') in 0.0039979 seconds
Start importing Packages/com.unity.inputsystem/InputSystem/Editor/Icons/d_Add Binding@2x.png using Guid(3d7dc8d6b9a96490b9aa433645712fdf) (TextureImporter) -> (artifact id: 'a978a732659652442ea6b8cf92b1917a') in 0.0042435 seconds
Start importing Packages/com.unity.cinemachine/Editor/EditorResources/Icons/Dark/CmSplineLookAtTargetsTool@256.png using Guid(4d21a1675986608408960b065895aa54) (TextureImporter) -> (artifact id: '64025a673013d1b7116e830ec69a6374') in 0.0056817 seconds
Start importing Packages/com.unity.render-pipelines.core/Editor/LookDev/Icons/d_Layout1@2x.png using Guid(4de5e4f3717b2c548bd8b90b6c628b2f) (TextureImporter) -> (artifact id: 'f4f0fdba4ee0f03f02c9b5a4e1bd60d5') in 0.0041696 seconds
Start importing Packages/com.unity.render-pipelines.core/Editor/Lighting/Icons/PresetBounce_Right.png using Guid(4dac1eeb02c481340801b3ac458b2976) (TextureImporter) -> (artifact id: '6bb848928f58cad15a4739569c608c75') in 0.0038216 seconds
Start importing Packages/com.unity.render-pipelines.universal/Textures/BlueNoise16/L/LDR_LLL1_15.png using Guid(4dcc0502f8586f941b5c4a66717205e8) (TextureImporter) -> (artifact id: 'a140b49e6b353eba5453a7b001caae9d') in 0.0037235 seconds
Start importing Packages/com.unity.inputsystem/InputSystem/Editor/Icons/Gamepad@2x.png using Guid(4defb5292901c41f29313d9c9c87a7eb) (TextureImporter) -> (artifact id: 'cb2d4d69a64247229ab062bf1ca729bd') in 0.0036117 seconds
Start importing Packages/com.unity.inputsystem/InputSystem/Editor/Icons/d_ChevronDown@3x.png using Guid(5d96795fd770f47d69d997b053532730) (TextureImporter) -> (artifact id: 'e6f4333985e14a1a0b6bcb086f0eda85') in 0.0035895 seconds
Start importing Packages/com.unity.render-pipelines.core/Editor/Icons/MipLevels/VolumeProfile@256.png using Guid(5d574cebaf0c0a34aa93a406ad65a61b) (TextureImporter) -> (artifact id: 'ae1d45a076b955fcf80a5fc5f2f21a9b') in 0.0050935 seconds
Start importing Packages/com.unity.render-pipelines.core/Editor/Lighting/Icons/LightUnitIcons/Overcast@2x.png using Guid(5db8233d631a83f429153aaeb8f8333a) (TextureImporter) -> (artifact id: 'ee32c9b22021d1935aa21c09fc36a65a') in 0.0037951 seconds
Start importing Packages/com.unity.splines/Editor/Editor Resources/Icons/d_ToolHandleParent@2x.png using Guid(5db90e771d0224015980a051350f12b3) (TextureImporter) -> (artifact id: '0e706a86c73fef843b9fe450cad622b9') in 0.0038304 seconds
Start importing Packages/com.unity.inputsystem/InputSystem/Editor/Icons/d_Stick@2x.png using Guid(5d0b11389336d4b16b96f147c9f912e2) (TextureImporter) -> (artifact id: 'e7b35e35c9335dc81d1dca4138d96e46') in 0.0036127 seconds
Start importing Packages/com.unity.inputsystem/InputSystem/Editor/Icons/d_Touch@4x.png using Guid(6db042035460c4167a6ab8d1ac3c2681) (TextureImporter) -> (artifact id: '4a87f14e85bb396271d7164dc102991e') in 0.0038877 seconds
Start importing Packages/com.unity.shadergraph/Editor/Resources/Icons/sg_graph_icon_gray_light.png using Guid(7d62654fc399cc349a1ed7e0eab44ff0) (TextureImporter) -> (artifact id: '2809f39c6f18d6a15098c3ada2447e3f') in 0.0035487 seconds
Start importing Packages/com.unity.inputsystem/InputSystem/Editor/Icons/d_Joystick.png using Guid(7d4638131127c4f4382fb36cf16c52fe) (TextureImporter) -> (artifact id: '7c83be31e1b3b0e9bb5d66dab9d37e2a') in 0.003635 seconds
Start importing Packages/com.unity.ai.navigation/EditorResources/Overlay/d_NavigationOverlay@2x.png using Guid(7d5867654fa2bf448b06f384143ceca7) (TextureImporter) -> (artifact id: '8289f45dc437ff22e4575070b9210419') in 0.0039183 seconds
Start importing Packages/com.unity.shadergraph/Editor/Resources/GraphView/Nodes/PreviewExpand.png using Guid(8df757582ef08984bb6c3510e3a9fd1e) (TextureImporter) -> (artifact id: 'ea79c703e2fb0e1dcb6df75b5754ab36') in 0.0036747 seconds
Start importing Packages/com.unity.ai.navigation/EditorResources/Overlay/d_NavigationOverlay@16.png using Guid(8d8d1929f2279804e8a744d3da25e23b) (TextureImporter) -> (artifact id: '3e71ef46e599431f0c0c2736d0e44ea8') in 0.0039982 seconds
Start importing Packages/com.unity.render-pipelines.universal/Textures/BlueNoise16/L/LDR_LLL1_16.png using Guid(9d92991794bb5864c8085468b97aa067) (TextureImporter) -> (artifact id: '1d4cb2b773064b0af99e07ad5ae5162b') in 0.003636 seconds
Start importing Packages/com.unity.ai.navigation/EditorResources/Overlay/NavigationOverlay@2x.png using Guid(9d244ceb235342e4c8f308aa1f71be7e) (TextureImporter) -> (artifact id: 'dcb505633e68ad81d3cc7034c91d3215') in 0.0035248 seconds
Start importing Packages/com.unity.render-pipelines.core/Editor/Lighting/Icons/LightPlacement_Icon@256.png using Guid(9d1f3c50fbb907f4fba5095da15f23dc) (TextureImporter) -> (artifact id: '72ad700609774c01359df019b7489e7b') in 0.0046887 seconds
Start importing Packages/com.unity.render-pipelines.core/Editor/Icons/MipLevels/d_RenderPipelineResources@16.png using Guid(adc1ce28e3842cd46b0a08e5ac86a647) (TextureImporter) -> (artifact id: '3f0d13b033232c70dcf6641b9b2c9f81') in 0.0030326 seconds
Start importing Packages/com.unity.cinemachine/Editor/EditorResources/Icons/Dark/FarNearClip.png using Guid(ada37388502cc47db96a985a8eeca2c1) (TextureImporter) -> (artifact id: 'f1e53eed6c447daaf95c4132eb6a9ea1') in 0.0049016 seconds
Start importing Packages/com.unity.render-pipelines.core/Editor/Resources/Gizmos/ProbeTouchupVolume.png using Guid(adc48c15b6dfb444b865f111178f02ec) (TextureImporter) -> (artifact id: 'f8bac09e3783305f423483b21ef6ca68') in 0.0057456 seconds
Start importing Packages/com.unity.shadergraph/Editor/Resources/GraphView/Nodes/PreviewCollapse@2x.png using Guid(adc5cc7a4034e1b41b9341fa124ef43d) (TextureImporter) -> (artifact id: '3eab453dadc1b7251ba27fa335517901') in 0.0041283 seconds
Start importing Packages/com.unity.render-pipelines.core/Editor/Lighting/Icons/PresetKick_Right.png using Guid(bdb354565d2d91e48a7ffe02442fe226) (TextureImporter) -> (artifact id: '50a7e82e357a409ab19e178d47e7d357') in 0.0040279 seconds
Start importing Packages/com.unity.render-pipelines.core/Editor/LookDev/Icons/LookDev@2x.png using Guid(bd76726ffb1eb94429fb8143429bd978) (TextureImporter) -> (artifact id: 'b9241fe5ced60044b93edb8d517cf05b') in 0.0042595 seconds
Start importing Packages/com.unity.render-pipelines.core/Editor/Lighting/Icons/LightUnitIcons/VeryBrightSun.png using Guid(bdc9b1177bc1ad84e8532eec9f2dcc13) (TextureImporter) -> (artifact id: '8e243464ec700208bb4bc55d38589cf4') in 0.0040323 seconds
Start importing Packages/com.unity.render-pipelines.universal/Textures/FilmGrain/Medium04.png using Guid(bd9e8c758250ef449a4b4bfaad7a2133) (TextureImporter) -> (artifact id: 'e6d7560afc580fa8306571dac7afbd86') in 0.0102145 seconds
Start importing Packages/com.unity.splines/Editor/Editor Resources/Icons/Tangent_Linear On.png using Guid(cd7588d2cd80879409b245a5a34211f4) (TextureImporter) -> (artifact id: '0c4ed5d704147b7363ffa92a57abe66a') in 0.0030139 seconds
Start importing Packages/com.unity.render-pipelines.core/Editor/Icons/RenderGraphViewer/MultipleUsage.png using Guid(cd47f6d5edd2c7541a0baf3774a54fdd) (TextureImporter) -> (artifact id: '1d4457d3fc9f0abb222391c892d96b11') in 0.0036757 seconds
Start importing Packages/com.unity.render-pipelines.universal/Editor/2D/ShapeEditor/Resources/TangentBroken.png using Guid(cdf84f3eb174395469aa10a6cf7b04a7) (TextureImporter) -> (artifact id: 'b2163692c3d68289985a12ac7d4cc114') in 0.0031325 seconds
Start importing Packages/com.unity.render-pipelines.universal/Textures/FilmGrain/Thin02.png using Guid(dd77ffd079630404e879388999033049) (TextureImporter) -> (artifact id: 'dade002ca5021238778ffd23161e04d2') in 0.0096683 seconds
Start importing Packages/com.unity.render-pipelines.core/Editor/Lighting/Icons/LightUnitIcons/InteriorLight.png using Guid(ddbb35633e84dde4a93c6662f696ae4c) (TextureImporter) -> (artifact id: 'a74dce101c469b5a8cb58394dfc566f0') in 0.0036399 seconds
Start importing Packages/com.unity.render-pipelines.core/Editor/Lighting/Icons/LightUnitIcons/Candlelight.png using Guid(eda062bf16e02ef44a7bf24336ddac6c) (TextureImporter) -> (artifact id: '096712cd8c6ad61089008b56048a4973') in 0.0032832 seconds
Start importing Packages/com.unity.ugui/Editor Resources/Textures/btn_AlignTop_Light.psd using Guid(ed041e68439749a69d0efa0e3d896c2e) (TextureImporter) -> (artifact id: '620e1ca3ef658f2e691eff311cf7e3c0') in 0.0033964 seconds
Start importing Packages/com.unity.render-pipelines.core/Editor/Icons/RenderGraphViewer/d_AccelerationStructure@2x.png using Guid(ed7bb161ec84da2458e0b8730958a76a) (TextureImporter) -> (artifact id: '517d5efa01b546b7cad76ebe5338e94d') in 0.003178 seconds
Start importing Packages/com.unity.render-pipelines.universal/Textures/BlueNoise16/L/LDR_LLL1_8.png using Guid(ed5ea7ce59ca8ec4f9f14bf470a30f35) (TextureImporter) -> (artifact id: '5ed4fc369775c3cf9cf4d3242c766f01') in 0.0029453 seconds
Start importing Packages/com.unity.splines/Editor/Editor Resources/Icons/KnotPlacementTool@2x.png using Guid(fdacd376014f8b743a9561d5652ca823) (TextureImporter) -> (artifact id: 'd949e37e52592186ca78c5a421f67512') in 0.0030519 seconds
Start importing Packages/com.unity.render-pipelines.universal/Editor/2D/ShapeEditor/Resources/ShapeToolPro.png using Guid(fdee5855bd8fd6841bd4d01b0bbeedc3) (TextureImporter) -> (artifact id: '8caf80265827fb7883ffda5330fd4096') in 0.0032643 seconds
Start importing Packages/com.unity.render-pipelines.universal/Textures/FilmGrain/Large01.png using Guid(fd2fd78b392986e42a12df2177d3b89c) (TextureImporter) -> (artifact id: 'daf72e91ff4a935df72cd069038d2bc0') in 0.0087923 seconds
Start importing Packages/com.unity.inputsystem/InputSystem/Editor/Icons/d_ChevronUp@3x.png using Guid(0efecba65ae4341a385cd5d39a2af765) (TextureImporter) -> (artifact id: '4bb5da2e2dc904e11fda2a0c436cba53') in 0.0027773 seconds
Start importing Packages/com.unity.render-pipelines.core/Editor/Lighting/Icons/LightUnitIcons/MediumAreaLight.png using Guid(1eb691390c444f14bac0868bd61fd451) (TextureImporter) -> (artifact id: '61c665a22a93bc6cf4ad2d25169d32cc') in 0.0045099 seconds
Start importing Packages/com.unity.render-pipelines.core/Editor/Lighting/Icons/LightUnitIcons/DecorativeLight.png using Guid(1e2ae1a12a2a1ff498cab6444b9cd394) (TextureImporter) -> (artifact id: '5aef3dc888cf234ffd60129f2f18b9e5') in 0.0035798 seconds
Start importing Packages/com.unity.cinemachine/Editor/EditorResources/Icons/Dark/TrackedObjectOffset.png using Guid(1edfbc3a6b2e0423483a2af98a4bb746) (TextureImporter) -> (artifact id: 'f7863e35b253479f629172fc622d7f28') in 0.0043863 seconds
Start importing Packages/com.unity.shadergraph/Editor/Resources/GraphView/Nodes/BlackboardFieldExposed.png using Guid(2e8113252e9a1b245a81dc384ae86446) (TextureImporter) -> (artifact id: 'c011809f5a87de731a9732206f44badf') in 0.0032703 seconds
Start importing Packages/com.unity.render-pipelines.core/Editor/LookDev/Icons/Rotation.png using Guid(2ee66e81975377745aaa59fe11ad374d) (TextureImporter) -> (artifact id: 'fc418f4e440fc73c8204e0385aaffd0e') in 0.0031697 seconds
Start importing Packages/com.unity.inputsystem/InputSystem/Editor/Icons/Axis@3x.png using Guid(2e27a82b5cc4e4ef98cbef2d0b324aed) (TextureImporter) -> (artifact id: '63f35f828a4c62d64df454eeac87725b') in 0.0035216 seconds
Start importing Packages/com.unity.render-pipelines.core/Editor/Icons/MipLevels/d_VolumeProfile@16.png using Guid(2e6a4056f58607f4cb9a7430cffd3cf0) (TextureImporter) -> (artifact id: '23d49195dcd773d21d812d0b3a047ab8') in 0.0034148 seconds
Start importing Packages/com.unity.render-pipelines.core/Editor/Icons/MipLevels/Volume@64.png using Guid(3e1119a71344058429824f48f89db02a) (TextureImporter) -> (artifact id: '4d4515007f163ade4b9b25a57d99fb84') in 0.0028472 seconds
Start importing Packages/com.unity.ugui/Editor Resources/Gizmos/TMP - Input Field Icon.psd using Guid(3ee40aa79cd242a5b53b0b0ca4f13f0f) (TextureImporter) -> (artifact id: '2f059b3765996746a1c2bcaa682c16af') in 0.003845 seconds
Start importing Packages/com.unity.render-pipelines.core/Editor/Icons/MipLevels/Volume@16.png using Guid(3e0af3c90ea2a304c8c241c8fbdce6e5) (TextureImporter) -> (artifact id: '7d20235278d82e06ce4361927cb5618b') in 0.0068473 seconds
Start importing Packages/com.unity.render-pipelines.core/Editor/Icons/RenderGraphViewer/d_PassInspector@2x.png using Guid(4e0d4fae0554052489fc6918c357d43c) (TextureImporter) -> (artifact id: 'ac1cf11994c3dd023f7b33fb4b375dd2') in 0.0043964 seconds
Start importing Packages/com.unity.render-pipelines.core/Editor/Icons/RenderGraphViewer/d_ScriptLink@2x.png using Guid(5e032f76278407d46a6a3dc6ff0bdc36) (TextureImporter) -> (artifact id: 'd1f4692f5f8d209c20c871c1d2e2fc38') in 0.0059742 seconds
Start importing Packages/com.unity.splines/Editor/Editor Resources/Icons/ToolHandleElement@2x.png using Guid(5e1d22189222c4391a54ed3a476adb97) (TextureImporter) -> (artifact id: 'e662613e444659fd4ca10a043beb521e') in 0.0032717 seconds
Start importing Packages/com.unity.inputsystem/InputSystem/Editor/Icons/Touch@4x.png using Guid(6e9283a12f5b74afbba696cbb82f5e7f) (TextureImporter) -> (artifact id: 'af65a3b2cdae57d5d11b414311865c76') in 0.0033826 seconds
Start importing Packages/com.unity.render-pipelines.core/Editor/Icons/RenderGraphViewer/d_Resources@2x.png using Guid(6eb2e156a8a1f8149b02f135509f10ea) (TextureImporter) -> (artifact id: '8f99d70749ae5b8e9b72ecc22c8b1adc') in 0.0047769 seconds
Start importing Packages/com.unity.render-pipelines.core/Editor/Lighting/Icons/LightUnitIcons/MoonlessNight@2x.png using Guid(6e5a98aaa576d99408eeba30eb91eaba) (TextureImporter) -> (artifact id: '57a9d6b1374fa82b80cd47bf0d593835') in 0.0044367 seconds
Start importing Packages/com.unity.render-pipelines.core/Editor/PostProcessing/LensFlareResource/Flare@2x.png using Guid(6e8cc863e4120a341b5e87a5235120c4) (TextureImporter) -> (artifact id: 'd81b42e8bf91690ebd242b67b186a838') in 0.0040362 seconds
Start importing Packages/com.unity.render-pipelines.core/Editor/Icons/MipLevels/d_RenderPipelineResources@64.png using Guid(7ef0eb993d6c43645b45ffcf1c0a91f0) (TextureImporter) -> (artifact id: '159728e1ec4e12a177c31c405830b30e') in 0.0037387 seconds
Start importing Packages/com.unity.inputsystem/InputSystem/Editor/Icons/Axis.png using Guid(7e853779c8fed4ebf917a0de21c79602) (TextureImporter) -> (artifact id: '94a9eea98ad2d237a3c3fc1d2724b3f7') in 0.0107645 seconds
Start importing Packages/com.unity.shadergraph/Editor/Resources/GraphView/Nodes/NodeChevronLeft@2x.png using Guid(7e575e166832cb7478f6d674d896b778) (TextureImporter) -> (artifact id: '89812ff7edab990c0d3db7199b5adad9') in 0.0028214 seconds
Start importing Packages/com.unity.inputsystem/InputSystem/Editor/Icons/Mouse.png using Guid(9eb2b64988cb1443cab6da5dc5300d1c) (TextureImporter) -> (artifact id: '18a46514c91b6f16fdeff34d1131622e') in 0.0026928 seconds
Start importing Packages/com.unity.inputsystem/InputSystem/Editor/Icons/d_Keyboard@3x.png using Guid(9ec4e316700da46b88741a8153b33963) (TextureImporter) -> (artifact id: 'ed60aa154187f413443c65f2522d0a87') in 0.0035055 seconds
Start importing Packages/com.unity.cinemachine/Editor/EditorResources/Icons/Dark/FollowOffset.png using Guid(9e355d6040d494ded95f7b8bd325e899) (TextureImporter) -> (artifact id: '002bc0c83585c234266694c1dda21de7') in 0.0053495 seconds
Start importing Packages/com.unity.render-pipelines.core/Editor/Lighting/Icons/LightUnitIcons/d_Fluorescent@2x.png using Guid(9ed59abbb45e72140ae72a33b30ea19e) (TextureImporter) -> (artifact id: '4969e73e122b2824478387c628d88324') in 0.0038467 seconds
Start importing Packages/com.unity.inputsystem/InputSystem/Editor/Icons/d_Gamepad@3x.png using Guid(9e882b58df0964f5b90ff99cb481ee79) (TextureImporter) -> (artifact id: '9ef90a49f6d7a7b762a4e51081b566bb') in 0.0035731 seconds
Start importing Packages/com.unity.inputsystem/InputSystem/Editor/Icons/Interactive Binding@4x.png using Guid(9e6c9e992a2ee4327bce1d6a8189cedb) (TextureImporter) -> (artifact id: '19189359d4dd393574fa7a28cb0bdc7d') in 0.0033705 seconds
Start importing Packages/com.unity.settings-manager/Content/Options.png using Guid(9eff477e4332346818c96745043dae9e) (TextureImporter) -> (artifact id: 'a75729b9f68deb31847a2b98725dc14f') in 0.0028789 seconds
Start importing Packages/com.unity.shadergraph/Editor/Resources/Icons/blackboard@2x.png using Guid(aed2175e23cfe426e8678485b004714e) (TextureImporter) -> (artifact id: 'b58e0db11ff7e44bf5400bb8083b33f3') in 0.0037335 seconds
Start importing Packages/com.unity.cinemachine/Editor/EditorResources/Icons/Light/CmSplineLookAtTargetsTool@256.png using Guid(be15d08d234eb234592b477784a70fd0) (TextureImporter) -> (artifact id: '9c88aa56430c79992a58ead9eb8d1b25') in 0.0042043 seconds
Start importing Packages/com.unity.inputsystem/InputSystem/Editor/Icons/d_Gamepad@2x.png using Guid(bed935caee9524e6780614c2055bfd35) (TextureImporter) -> (artifact id: 'a5ad2568335516f5191a72006de2d7bf') in 0.0027858 seconds
Start importing Packages/com.unity.render-pipelines.core/Editor/Lighting/Icons/LightPlacement_Icon@64.png using Guid(ce171bd6b515f1647a9a2c608ff705bb) (TextureImporter) -> (artifact id: '6cfcd7ffba7464f7da76907ce021ae14') in 0.003741 seconds
Start importing Packages/com.unity.inputsystem/InputSystem/Editor/Icons/d_Touch@2x.png using Guid(ceaa885da02f84da195f87de12535da6) (TextureImporter) -> (artifact id: 'e955f781d2feae8fc60673c2996b7ac4') in 0.0028293 seconds
Start importing Packages/com.unity.inputsystem/InputSystem/Editor/AssetEditor/Resources/personal/actionTreeBackground.png using Guid(ce5f11cd993284c4f9c54f854bdc8c9c) (TextureImporter) -> (artifact id: 'd4486610b232390153ee70850ee2ea32') in 0.0027217 seconds
Start importing Packages/com.unity.inputsystem/InputSystem/Editor/Icons/d_Orientation@4x.png using Guid(de98baf415a2c4d7dbe0de74cb6e171c) (TextureImporter) -> (artifact id: 'fddbb9be552094e5b021a27cfe8d1b4d') in 0.0031906 seconds
Start importing Packages/com.unity.render-pipelines.universal/Editor/Gizmos/Camera_Overlay.png using Guid(de8dba0dc20209d4086c0dd93ddf0dd4) (TextureImporter) -> (artifact id: 'e4e1bced8a52f091dda3dcbe8f51ba44') in 0.00524 seconds
Start importing Packages/com.unity.ugui/Editor Resources/Gizmos/TMP - Font Asset Icon.psd using Guid(ee148e281f3c41c5b4ff5f8a5afe5a6c) (TextureImporter) -> (artifact id: '1ba9e30156271cd1ff8383b37261eb76') in 0.0035585 seconds
Start importing Packages/com.unity.render-pipelines.core/Editor/Lighting/Icons/LightUnitIcons/Shade@2x.png using Guid(1f20ae185bcb2254a844ed304955beb3) (TextureImporter) -> (artifact id: 'cd995bb7d8f9e4b8b1b5a2f52f047bfd') in 0.0031885 seconds
Start importing Packages/com.unity.render-pipelines.core/Editor/LookDev/Icons/SunPosition@2x.png using Guid(2f75c34a5bc525545916fb8367422dd0) (TextureImporter) -> (artifact id: 'c05ecde18a9dd6d696ed26f557609e79') in 0.0044268 seconds
Start importing Packages/com.unity.ugui/Editor Resources/Gizmos/TMP - Text Component Icon.psd using Guid(2fd6421f253b4ef1a19526541f9ffc0c) (TextureImporter) -> (artifact id: '47282f9a72566bfc7098618b9568daeb') in 0.0040084 seconds
Start importing Packages/com.unity.shadergraph/Editor/Resources/Icons/sg_subgraph_icon.png using Guid(2f2e2190c36a7b54295d734e567b3e44) (TextureImporter) -> (artifact id: 'e2c757f8018bf65e7f173e445a899779') in 0.0039836 seconds
Start importing Packages/com.unity.render-pipelines.core/Editor/LookDev/Icons/LayoutCustom@2x.png using Guid(2fffe801f98fb314484382ea4affcf94) (TextureImporter) -> (artifact id: '9fe987603a59a9cb27215434cc0f0fed') in 0.0037631 seconds
Start importing Packages/com.unity.render-pipelines.core/Editor/Lighting/Icons/LightUnitIcons/d_Candlelight.png using Guid(3f9a63faecec9a34c9ffbfedd9ac5c3b) (TextureImporter) -> (artifact id: 'c67051ae36d70dfcfc061158299bbac2') in 0.003213 seconds
Start importing Packages/com.unity.render-pipelines.core/Editor/LookDev/Icons/d_Remove.png using Guid(4ff71d806d58fd041be6e55d1d1ca70e) (TextureImporter) -> (artifact id: 'f2f0271805cf836c2109d432a2d16ddf') in 0.0037964 seconds
Start importing Packages/com.unity.inputsystem/InputSystem/Editor/Icons/Orientation@3x.png using Guid(5f09d534eb1414449a2758696bd4dd11) (TextureImporter) -> (artifact id: '5d8dd485a61c8b40c5521dbd6898d7d2') in 0.0031179 seconds
Start importing Packages/com.unity.ai.navigation/EditorResources/Overlay/d_NavigationOverlay@32.png using Guid(6f3c566cd9f63c9408d201ea50b51444) (TextureImporter) -> (artifact id: '06d9ec468b315495b2f54604b15e71cd') in 0.0029639 seconds
Start importing Packages/com.unity.inputsystem/InputSystem/Editor/Icons/Keyboard@4x.png using Guid(7fc0926499f7a4500b152d45397c44a4) (TextureImporter) -> (artifact id: '2b7738fdc5c9250ed47bbd9a373c6d22') in 0.0030608 seconds
Start importing Packages/com.unity.render-pipelines.universal/Editor/2D/Resources/SceneViewIcons/GlobalLight.png using Guid(7f923c32ff8dfab40b5673135ddb6cd4) (TextureImporter) -> (artifact id: '3839989987207483febe713ca95069a2') in 0.004654 seconds
Start importing Packages/com.unity.inputsystem/InputSystem/Editor/Icons/Orientation.png using Guid(7fb7b46a8c63948d2b28dc394281bf5a) (TextureImporter) -> (artifact id: '9579cbb0f5781fdd777c886448376693') in 0.0026997 seconds
Start importing Packages/com.unity.inputsystem/InputSystem/Editor/Icons/d_ChevronUp.png using Guid(7fad89501bb5c408e956934bf2eb8ae3) (TextureImporter) -> (artifact id: 'b50d42d88fe9b645aa239b59c0886ef9') in 0.0026612 seconds
Start importing Packages/com.unity.render-pipelines.universal/Editor/2D/Resources/InspectorIcons/GlobalLight.png using Guid(8f5dd14b314efbe4684329d8a14bbe38) (TextureImporter) -> (artifact id: '09ea5dd0f0549b0f64102ba470bc3e66') in 0.0031497 seconds
Start importing Packages/com.unity.render-pipelines.universal/Editor/2D/ShapeEditor/Resources/TangentBrokenPro.png using Guid(bf2498e489f73d547aafc73fd66a36cb) (TextureImporter) -> (artifact id: 'ad6dd06d1622a82f816755e0847ee708') in 0.0029436 seconds
Start importing Packages/com.unity.render-pipelines.universal/Textures/BlueNoise16/L/LDR_LLL1_12.png using Guid(bfed3e498947fcb4890b7f40f54d85b9) (TextureImporter) -> (artifact id: 'a948d43f4cae4202106c769819b9f25c') in 0.0026242 seconds
Start importing Packages/com.unity.render-pipelines.core/Editor/LookDev/Icons/renderdoc.png using Guid(cf13fb90f91d2a545a00591d75b43bd8) (TextureImporter) -> (artifact id: 'bf2b94ca317c7b20451d0367df767dcd') in 0.0031064 seconds
Start importing Packages/com.unity.inputsystem/InputSystem/Editor/AssetEditor/Resources/personal/actionTreeBackgroundWithoutBorder.png using Guid(cf632ed80bf1f46c980de6b1b8b903ef) (TextureImporter) -> (artifact id: '9f1b8f5e37c258a71744e368be446c7a') in 0.0032505 seconds
Start importing Packages/com.unity.render-pipelines.core/Editor/Lighting/Icons/LightAnchor_Icon.png using Guid(df491817340312f439c32f95902ddee7) (TextureImporter) -> (artifact id: '088380bce0e00ee6bc00074608a55a01') in 0.0030813 seconds
Start importing Packages/com.unity.render-pipelines.core/Editor/LookDev/Icons/RightArrow.png using Guid(df4dc708bd8692446a6d5c3531ac377b) (TextureImporter) -> (artifact id: '3c07051c860351edd2d65c30828ef51f') in 0.003019 seconds
Start importing Packages/com.unity.splines/Editor/Editor Resources/Icons/d_ToolHandleElement.png using Guid(ef6290eaad7c44a918886c5d1995a421) (TextureImporter) -> (artifact id: 'bcf142a6712bc7090dd092d03bc0f31c') in 0.0026427 seconds
Start importing Packages/com.unity.splines/Editor/Editor Resources/Icons/d_Tangent_Continuous On.png using Guid(efc4142e9b4b1a140a5c029f15ca125f) (TextureImporter) -> (artifact id: '53e0594ef2dab638cd40905f485ea0fa') in 0.0027472 seconds
Start importing Packages/com.unity.render-pipelines.core/Editor/Lighting/Icons/LightPlacement_Icon@16.png using Guid(ef06ba4eb3daf484f8b1a9e1ac266945) (TextureImporter) -> (artifact id: '8d6efba65c121a658f2ddd0c97cc2e24') in 0.0028491 seconds
Start importing Packages/com.unity.splines/Editor/Editor Resources/Icons/d_SplineComponent.png using Guid(ef393047d79a40a4abf8394716d6d703) (TextureImporter) -> (artifact id: '9b95c60d06842559ca3e1e81b266093c') in 0.0026795 seconds
Start importing Packages/com.unity.inputsystem/InputSystem/Editor/Icons/TrackedPoseDriver@2x.png using Guid(ff8479815905ce84e9ef610d926f28c8) (TextureImporter) -> (artifact id: 'f918dfa19d8bed3c0ee512a5cfccb1e1') in 0.0027886 seconds
Start importing Packages/com.unity.render-pipelines.universal/Textures/BlueNoise16/L/LDR_LLL1_28.png using Guid(ff47e5a0f105eb34883b973e51f4db62) (TextureImporter) -> (artifact id: '5d9dfbd3120c0fe7c61eccfdf4fb9a8a') in 0.0027308 seconds
Start importing Packages/com.unity.inputsystem/InputSystem/Editor/AssetEditor/Resources/green.png using Guid(ffeba93637e654de6a5906b48520dc94) (TextureImporter) -> (artifact id: '56b04b0c3b79e7bf9832e4bee958a6d0') in 0.0026647 seconds
Start importing Packages/com.unity.render-pipelines.core/Editor/LookDev/Icons/d_LookDev@2x.png using Guid(ffdf80dc342e69344b2dccafe04c30ee) (TextureImporter) -> (artifact id: 'd703223c9e1733c43621e25806b299b3') in 0.0033989 seconds
Start importing Packages/com.unity.render-pipelines.core/Runtime/GPUDriven/OcclusionCullingDebugShaderVariables.cs.hlsl using Guid(00f96d87bb315084d89b58bd90c5304a) (ShaderIncludeImporter) -> (artifact id: '200b9e60b9d1347961ff2f9d0d5909f1') in 0.0031974 seconds
Start importing Packages/com.unity.render-pipelines.core/Runtime/GPUDriven/OcclusionTestCommon.hlsl using Guid(1024f2cfcd9723443be47989a040394e) (ShaderIncludeImporter) -> (artifact id: '4fbd482f007b8daccf1511048446913b') in 0.0027123 seconds
Start importing Packages/com.unity.render-pipelines.universal/ShaderLibrary/NormalReconstruction.hlsl using Guid(20013f01a8cbaef4c9545926c27b8d73) (ShaderIncludeImporter) -> (artifact id: '998fc805e92bf14671eac5a799f9722d') in 0.0026545 seconds
Start importing Packages/com.unity.render-pipelines.universal/Editor/ShaderGraph/Includes/Varyings.hlsl using Guid(2085a40153652db43a116297c1924476) (ShaderIncludeImporter) -> (artifact id: 'b1c0f5ce17f4e2ec48e9f241ff7de8c2') in 0.0025192 seconds
Start importing Packages/com.unity.render-pipelines.core/ShaderLibrary/API/Validate.hlsl using Guid(30ba55673585a6e4f9afd796eb8b170e) (ShaderIncludeImporter) -> (artifact id: '7ff7c9773558a7df2eae3c89b7be433f') in 0.0023933 seconds
Start importing Packages/com.unity.render-pipelines.core/Runtime/ShaderLibrary/Sampling/Hammersley.cs.hlsl using Guid(5060b04656b69294cb1c5d9dc7185ad2) (ShaderIncludeImporter) -> (artifact id: '19f208623878e4987fae8626ec1df2db') in 0.0023397 seconds
Start importing Packages/com.unity.shadergraph/Editor/Generation/Targets/BuiltIn/ShaderLibrary/DeclareDepthTexture.hlsl using Guid(5080cbd4eecd4a74b849da7f9b53632b) (ShaderIncludeImporter) -> (artifact id: '707058c823c0f5060dca12b2828c9ba1') in 0.0024641 seconds
Start importing Packages/com.unity.shadergraph/Editor/Generation/Targets/BuiltIn/Editor/ShaderGraph/Includes/UnlitPass.hlsl using Guid(50370b309724a0440808e87f08aed757) (ShaderIncludeImporter) -> (artifact id: 'a902870d79012a924e376fe6a959101c') in 0.0027099 seconds
Start importing Packages/com.unity.render-pipelines.core/Runtime/GPUDriven/InstanceOcclusionCullerShaderVariables.cs.hlsl using Guid(60581e86aa47d834785ca132fc385273) (ShaderIncludeImporter) -> (artifact id: 'ba711ec29549438de294187ede08dd2c') in 0.002451 seconds
Start importing Packages/com.unity.rendering.light-transport/Runtime/UnifiedRayTracing/Common/GeometryPool/GeometryPoolDefs.cs.hlsl using Guid(60aab5cf6c3946d438e6483635c83a36) (ShaderIncludeImporter) -> (artifact id: '06c97b7649507d920866f4d850d32a8a') in 0.0026096 seconds
Start importing Packages/com.unity.render-pipelines.universal/Shaders/BakedLitForwardPass.hlsl using Guid(70003ec87ea6481a920369a377c1b623) (ShaderIncludeImporter) -> (artifact id: 'fec5a9f22c87667cf00611f76658cd32') in 0.0026948 seconds
Start importing Packages/com.unity.shadergraph/ShaderGraphLibrary/ShaderVariablesFunctions.hlsl using Guid(7084c0669cdb2af4ab8c669b3139e0df) (ShaderIncludeImporter) -> (artifact id: '67efba235ddb36a1872bdf9d4b699f20') in 0.0026045 seconds
Start importing Packages/com.unity.render-pipelines.universal/ShaderLibrary/DBuffer.hlsl using Guid(9041fd6e0797cf74a8f08340e6157c0d) (ShaderIncludeImporter) -> (artifact id: 'b029d5fd438e295b17378139da4d3437') in 0.0022563 seconds
Start importing Packages/com.unity.shadergraph/Editor/Generation/Targets/BuiltIn/ShaderLibrary/ShaderTypes.cs.hlsl using Guid(90c38a95e899f254f984aef093366e94) (ShaderIncludeImporter) -> (artifact id: '7b1037aa0564bb1c4f8c1e8b0e0135e3') in 0.0024107 seconds
Start importing Packages/com.unity.render-pipelines.core/ShaderLibrary/Debug.hlsl using Guid(90f3145f58b7eb44cb4252ac2a3ab258) (ShaderIncludeImporter) -> (artifact id: 'f5b988e0707d4b932ffda7e1ccaea7b5') in 0.0025788 seconds
Start importing Packages/com.unity.render-pipelines.core/ShaderLibrary/HDROutput.hlsl using Guid(b06473c622f844540bd141fc0efae169) (ShaderIncludeImporter) -> (artifact id: '911ad43ded120e476525e4290e820bf0') in 0.0028849 seconds
Start importing Packages/com.unity.rendering.light-transport/Runtime/Sampling/SobolSampling.hlsl using Guid(d0586908835c55944aa8bf3426243186) (ShaderIncludeImporter) -> (artifact id: 'c390d65fce224ba8dd3920b808797f9c') in 0.0024768 seconds
Start importing Packages/com.unity.render-pipelines.universal/Shaders/Particles/ParticlesSimpleLitForwardPass.hlsl using Guid(d0ccc42c5a0934462a0ff237772dceff) (ShaderIncludeImporter) -> (artifact id: 'dac9702cdf65791bfb6764afa8e18713') in 0.0025518 seconds
Start importing Packages/com.unity.render-pipelines.universal/Shaders/Terrain/TerrainLitMetaPass.hlsl using Guid(d00e32bd7638d40538d108b4e2581147) (ShaderIncludeImporter) -> (artifact id: '51a6e1daa4a4233f6b3f8fad6c694116') in 0.0030718 seconds
Start importing Packages/com.unity.render-pipelines.core/ShaderLibrary/API/WebGPU.hlsl using Guid(e0badbba7ccb42748817520dc250e720) (ShaderIncludeImporter) -> (artifact id: 'd88fb2f2d9e2be463ba910494a604db1') in 0.0031013 seconds
Start importing Packages/com.unity.shadergraph/Editor/Generation/Targets/BuiltIn/ShaderLibrary/Core.hlsl using Guid(e01bb373f731e2946bb996c6b980c1ab) (ShaderIncludeImporter) -> (artifact id: '58433bd79c1ac3c35443759dd4da5c86') in 0.0028536 seconds
Start importing Packages/com.unity.render-pipelines.core/ShaderLibrary/Sampling/SampleUVMappingInternal.hlsl using Guid(01b8f0e33ff01164da19412b5fbdc7d4) (ShaderIncludeImporter) -> (artifact id: 'b3db4251ee50bf482427683d81dfdcec') in 0.0023847 seconds
Start importing Packages/com.unity.render-pipelines.universal/Shaders/Particles/ParticlesSimpleLitInput.hlsl using Guid(01fa3f8c89aa44160b9a735fc22362d0) (ShaderIncludeImporter) -> (artifact id: '2f8c803136dd9b49e9b2aaefa0f69b6f') in 0.0022154 seconds
Start importing Packages/com.unity.rendering.light-transport/Runtime/UnifiedRayTracing/Compute/RadeonRays/kernels/transform.hlsl using Guid(01fd8d94264d9074eadc5f788a3b3c82) (ShaderIncludeImporter) -> (artifact id: '62fae0b28af7fcea02f736c7cc37889e') in 0.0022917 seconds
Start importing Packages/com.unity.render-pipelines.core/ShaderLibrary/Random.hlsl using Guid(11914c30949383848ab39385375eff34) (ShaderIncludeImporter) -> (artifact id: '782f9f9e5b2e03acb2bb674d2417edcd') in 0.0023796 seconds
Start importing Packages/com.unity.render-pipelines.universal/Shaders/LitForwardPass.hlsl using Guid(116bd973269b9f741b7177c8523b9e50) (ShaderIncludeImporter) -> (artifact id: '065138aae924372a31499e88869c04ea') in 0.0023184 seconds
Start importing Packages/com.unity.render-pipelines.core/Runtime/STP/StpCommon.hlsl using Guid(11eb6b38eb2cd494cb1ccc8742453265) (ShaderIncludeImporter) -> (artifact id: '5b56be82f334b56ab346583624320de4') in 0.0022567 seconds
Start importing Packages/com.unity.shadergraph/Editor/Generation/Targets/BuiltIn/ShaderLibrary/SurfaceInput.hlsl using Guid(114d56cbf65e5a94ca8aaf64e35d43a9) (ShaderIncludeImporter) -> (artifact id: 'cd9e08cfcc4b5a5a8d39f4c542f7831e') in 0.0024224 seconds
Start importing Packages/com.unity.render-pipelines.universal/Shaders/2D/Include/ShapeLightShared.hlsl using Guid(4151cfb2494f10243a255c8a553306e3) (ShaderIncludeImporter) -> (artifact id: '142d7ee5133d1abc9674f8626acd9469') in 0.0022265 seconds
Start importing Packages/com.unity.render-pipelines.universal/ShaderLibrary/ProbeVolumeVariants.hlsl using Guid(4156fde60711cfd4c9cc05a737bd013e) (ShaderIncludeImporter) -> (artifact id: '32d4a14aa96ba9a80fdc57595138ac59') in 0.0021949 seconds
Start importing Packages/com.unity.render-pipelines.universal/ShaderLibrary/VisualEffectVertex.hlsl using Guid(41a9ae1971520f84c89225b0e84299ec) (ShaderIncludeImporter) -> (artifact id: '4d6ae10be62e4989ab2481d41c5670eb') in 0.0022803 seconds
Start importing Packages/com.unity.render-pipelines.core/Runtime/PostProcessing/HDROutputDefines.cs.hlsl using Guid(413c288ef05043d4285cf0407f8188b9) (ShaderIncludeImporter) -> (artifact id: '627e8592984465763508acb45f33b07a') in 0.0023696 seconds
Start importing Packages/com.unity.render-pipelines.universal/Shaders/Nature/SpeedTree7Input.hlsl using Guid(519469e5f151ddb40a650b66f48175cb) (ShaderIncludeImporter) -> (artifact id: '3bae4d32591754dcf53381557daeef5b') in 0.0024408 seconds
Start importing Packages/com.unity.render-pipelines.universal/ShaderLibrary/Shadows.deprecated.hlsl using Guid(51fae96488b3f402a8abcda4217b37e1) (ShaderIncludeImporter) -> (artifact id: 'b293d4e8ee14b25b7c1dd0bd5a68ba08') in 0.002459 seconds
Start importing Packages/com.unity.shadergraph/Editor/Generation/Targets/BuiltIn/ShaderLibrary/MetaInput.hlsl using Guid(51db4cfe7bc15d249a840d3643e41b7a) (ShaderIncludeImporter) -> (artifact id: 'e117fe6074bf7eefa199014ec97dddb3') in 0.0028132 seconds
Start importing Packages/com.unity.render-pipelines.core/ShaderLibrary/ThreadingSM6Impl.hlsl using Guid(517e6b6a28d958f4d957127836465b2e) (ShaderIncludeImporter) -> (artifact id: 'cb520658b743619e44daa91015a5f0dc') in 0.0028405 seconds
Start importing Packages/com.unity.render-pipelines.core/ShaderLibrary/Refraction.hlsl using Guid(61125f624d229884d8cff04fc0fceab7) (ShaderIncludeImporter) -> (artifact id: 'ec51dc7961a914dbb702f56003c51c6d') in 0.0029843 seconds
Start importing Packages/com.unity.rendering.light-transport/Runtime/UnifiedRayTracing/Bindings.hlsl using Guid(612d23a31bb951c48ae167c31ee0f878) (ShaderIncludeImporter) -> (artifact id: '72c2cbff13a08fee45ed32d71ac7cade') in 0.0024329 seconds
Start importing Packages/com.unity.render-pipelines.universal/ShaderLibrary/DOTS.hlsl using Guid(71338c4661f9c40249e1fdb27df62e92) (ShaderIncludeImporter) -> (artifact id: 'fb071ccf5881156df1b413098a64ede7') in 0.0024249 seconds
Start importing Packages/com.unity.render-pipelines.core/Runtime/PostProcessing/LensFlareOcclusionPermutation.cs.hlsl using Guid(81fe9e8731660404b8d68e384d6c03a9) (ShaderIncludeImporter) -> (artifact id: '117c192bc1ebf39adffd68d625745dae') in 0.0023355 seconds
Start importing Packages/com.unity.render-pipelines.universal/ShaderLibrary/UniversalDOTSInstancing.hlsl using Guid(91bd1404255c4cb28a6c81f20300308f) (ShaderIncludeImporter) -> (artifact id: '4b94c4605cff202db2a9a01f6b0b1b15') in 0.0025806 seconds
Start importing Packages/com.unity.render-pipelines.core/ShaderLibrary/AmbientProbe.hlsl using Guid(a1a94b80a0038af4484e8122c5df419e) (ShaderIncludeImporter) -> (artifact id: 'cb8f629343b1a24ab991c72e064c4fc1') in 0.002355 seconds
Start importing Packages/com.unity.render-pipelines.core/ShaderLibrary/VertexCubeSlicing.hlsl using Guid(b19e52fd23b5c7549b05da06be1b1614) (ShaderIncludeImporter) -> (artifact id: 'd3c11a4c2f9c2d7930f38a990c273b6c') in 0.0024981 seconds
Start importing Packages/com.unity.shadergraph/Editor/Generation/Targets/Fullscreen/Includes/FullscreenBlit.hlsl using Guid(c1931467a12255f489f3c72e4aa99ade) (ShaderIncludeImporter) -> (artifact id: '3dcd8326fa90636cf818d82c46fb1928') in 0.00232 seconds
Start importing Packages/com.unity.shadergraph/Editor/Generation/Targets/BuiltIn/Editor/ShaderGraph/Templates/SharedCode.template.hlsl using Guid(d1c01b917a304614daf4994f4ca27e6d) (ShaderIncludeImporter) -> (artifact id: 'cd0183d8bf838615106baed195cb0c20') in 0.0023014 seconds
Start importing Packages/com.unity.render-pipelines.core/ShaderLibrary/UnityInstancing.hlsl using Guid(e1cfc5ca61db3d448825f316ff92cb0b) (ShaderIncludeImporter) -> (artifact id: '5ac8dd2817fb7ff6675b88fd69446f41') in 0.0024882 seconds
Start importing Packages/com.unity.shadergraph/Editor/Generation/Targets/BuiltIn/Editor/ShaderGraph/Includes/BuildInputData.hlsl using Guid(f1a1da3eef3aa834d9c94eb0a5c04358) (ShaderIncludeImporter) -> (artifact id: '45864237a931476765752a829de100f1') in 0.0024908 seconds
Start importing Packages/com.unity.render-pipelines.core/ShaderLibrary/DynamicScaling.hlsl using Guid(024209fcf73c38243ae3b71c8955f187) (ShaderIncludeImporter) -> (artifact id: '3d8dedb1f92ea079235990bbf993a3e9') in 0.00243 seconds
Start importing Packages/com.unity.shadergraph/Editor/Generation/Targets/BuiltIn/Editor/ShaderGraph/Includes/PBRDeferredPass.hlsl using Guid(12263a5b80a209c44ae6188994252ecd) (ShaderIncludeImporter) -> (artifact id: '39906155d6c2a3d344fac87d9b8adc28') in 0.0023942 seconds
Start importing Packages/com.unity.shadergraph/Editor/Generation/Targets/BuiltIn/ShaderLibrary/SSAO.hlsl using Guid(225d6e653df7a2440a907ddd6d2dd1fc) (ShaderIncludeImporter) -> (artifact id: 'e8da4dc2e3583508d48729630af05f67') in 0.0023239 seconds
Start importing Packages/com.unity.shadergraph/Editor/Generation/Targets/BuiltIn/Editor/ShaderGraph/Includes/PBRForwardAddPass.hlsl using Guid(32b23321ec58ddc4e88879d693256c3a) (ShaderIncludeImporter) -> (artifact id: '78fa21cd7e095dd1e39b74c0b280a710') in 0.0029686 seconds
Start importing Packages/com.unity.splines/Shader/Spline.cginc using Guid(323a5a17a4cfa5f93a7952c2ff357455) (ShaderIncludeImporter) -> (artifact id: '7a133ddd8d4cd64ca7e91537242204f9') in 0.0029247 seconds
Start importing Packages/com.unity.render-pipelines.core/ShaderLibrary/SDF2D.hlsl using Guid(325b1a823e35d84478e89669f808ecb9) (ShaderIncludeImporter) -> (artifact id: '8e7abacd98b635045657d550b80af0ac') in 0.0026188 seconds
Start importing Packages/com.unity.rendering.light-transport/Runtime/Sampling/QuasiRandom.hlsl using Guid(42d054f9eda3d4c4abfd3b0e7903cc47) (ShaderIncludeImporter) -> (artifact id: 'ac3e211b3b53fc1af8b34c8d784963ef') in 0.0025532 seconds
Start importing Packages/com.unity.render-pipelines.universal/ShaderLibrary/Debug/DebuggingFullscreen.hlsl using Guid(4203f0a40f114a18a614d8fa38c29be9) (ShaderIncludeImporter) -> (artifact id: 'a7952aa8b25986bd598716f03f5f9ffc') in 0.002811 seconds
Start importing Packages/com.unity.shadergraph/Editor/Generation/Targets/BuiltIn/ShaderLibrary/Particles.hlsl using Guid(4273cde13e0f6f9428ee53ed68036d6a) (ShaderIncludeImporter) -> (artifact id: '07c80900ea7d55a752cc8555ea18a8a2') in 0.0026675 seconds
Start importing Packages/com.unity.shadergraph/ShaderGraphLibrary/LODDitheringTransition.hlsl using Guid(5248225944112fb418a213fa587fe10d) (ShaderIncludeImporter) -> (artifact id: '5a7c107ad0e8807ef6c3b8f56123a85b') in 0.0027249 seconds
Start importing Packages/com.unity.render-pipelines.core/Runtime/STP/STP.cs.hlsl using Guid(62ccbd1f548f598418c8662d9f7da3ee) (ShaderIncludeImporter) -> (artifact id: 'df9c346b77d143586b9418f3d074489d') in 0.0033707 seconds
Start importing Packages/com.unity.render-pipelines.universal/ShaderLibrary/Unlit.hlsl using Guid(823e07282e194f119e8032f1555676ee) (ShaderIncludeImporter) -> (artifact id: '4492947ff33d0fb8f3d0ee416f791683') in 0.0023872 seconds
Start importing Packages/com.unity.render-pipelines.universal/Shaders/LitGBufferPass.hlsl using Guid(92673cbb58cac8e4d8b5d044ce912dd8) (ShaderIncludeImporter) -> (artifact id: 'cdfc752865058d07915a6aba767d1e39') in 0.0022605 seconds
Start importing Packages/com.unity.render-pipelines.universal/ShaderLibrary/DeclareNormalsTexture.hlsl using Guid(92a8a2733f9d18a44aad998449c6ee51) (ShaderIncludeImporter) -> (artifact id: '330219838c2d22ff78774201555f24c4') in 0.0030988 seconds
Start importing Packages/com.unity.render-pipelines.universal/ShaderLibrary/MotionVectorsCommon.hlsl using Guid(a20568904d9c412459181938be987e12) (ShaderIncludeImporter) -> (artifact id: '3d88cfd1699bf9bfb464e46fbf1a64da') in 0.002588 seconds
Start importing Packages/com.unity.render-pipelines.core/Runtime/PostProcessing/Shaders/LensFlareCommon.hlsl using Guid(a279154a65cb87e46a9922aeaf9b7bc4) (ShaderIncludeImporter) -> (artifact id: 'eb255acf8145cace1cfd187c0b1e13c1') in 0.0065801 seconds
Start importing Packages/com.unity.render-pipelines.universal/ShaderLibrary/Input.hlsl using Guid(b2555155ead696140913bef1ec93adf0) (ShaderIncludeImporter) -> (artifact id: 'd16890bfc598ca1bddcb18d04b257553') in 0.0021921 seconds
Start importing Packages/com.unity.render-pipelines.universal/Shaders/Nature/SpeedTreeUtility.hlsl using Guid(c245162389fbe944dbc0d721bee26fe0) (ShaderIncludeImporter) -> (artifact id: '7e9da17f72b50f17948a72ff0169c1a4') in 0.0028475 seconds
Start importing Packages/com.unity.render-pipelines.core/Runtime/GPUDriven/InstanceData/InstanceWindDataUpdateDefs.cs.hlsl using Guid(f267e53cd6dfdee4c820be8c35548ffe) (ShaderIncludeImporter) -> (artifact id: '425137d45b59e7a8d86cb555cc1d7e5c') in 0.0027989 seconds
Start importing Packages/com.unity.render-pipelines.core/ShaderLibrary/EntityLighting.hlsl using Guid(0303be75670325342b4bf5697686e77b) (ShaderIncludeImporter) -> (artifact id: 'b8760afb47fa0f55306a707e640c56a1') in 0.0025907 seconds
Start importing Packages/com.unity.render-pipelines.core/Runtime/GPUDriven/OcclusionCullingCommon.hlsl using Guid(13f1cda4ab8412041ac157181fa6e421) (ShaderIncludeImporter) -> (artifact id: '9508e71b0e339780597973dd9a9582a6') in 0.0025931 seconds
Start importing Packages/com.unity.render-pipelines.universal/Shaders/UnlitMetaPass.hlsl using Guid(138efaf7fb432134da44d5a4981a62ad) (ShaderIncludeImporter) -> (artifact id: '27c03322e925e28021de970d5d5008c2') in 0.0026863 seconds
Start importing Packages/com.unity.render-pipelines.universal/Editor/ShaderGraph/Includes/ShaderPassDecal.hlsl using Guid(131f64991fbd3cb4286f7fbc05dcf29e) (ShaderIncludeImporter) -> (artifact id: 'd55df775887fdc6e19151822fd38e3ac') in 0.0079052 seconds
Start importing Packages/com.unity.render-pipelines.core/ShaderLibrary/Color.hlsl using Guid(23284bbc36146a94995a8a08e61f4e73) (ShaderIncludeImporter) -> (artifact id: 'cf942219d64737738fd1a0de749a30c2') in 0.0023781 seconds
Start importing Packages/com.unity.render-pipelines.core/ShaderLibrary/TextureXR.hlsl using Guid(33098eef498723540b0b7705cf69a338) (ShaderIncludeImporter) -> (artifact id: '1ea049d9ca59443becb3928529727d5d') in 0.0023573 seconds
Start importing Packages/com.unity.shadergraph/ShaderGraphLibrary/Nature/SpeedTreeCommon.hlsl using Guid(33eafb83c6bce0842b6887eebaf95436) (ShaderIncludeImporter) -> (artifact id: '0c90e2270419636f447db87e4559bb7c') in 0.0025753 seconds
Start importing Packages/com.unity.shadergraph/Editor/Generation/Templates/BuildVertexDescriptionInputs.template.hlsl using Guid(430a733c64a5c474787ac95203c2056b) (ShaderIncludeImporter) -> (artifact id: '169d911f22b5934e37696e282b17571e') in 0.003143 seconds
Start importing Packages/com.unity.render-pipelines.core/ShaderLibrary/ScreenCoordOverride.hlsl using Guid(435c74ddc7b1fd744b934a196d6d3d82) (ShaderIncludeImporter) -> (artifact id: '3c801ef6f5a5fc5018b9d8ba96c9a3fb') in 0.0037038 seconds
Start importing Packages/com.unity.rendering.light-transport/Runtime/UnifiedRayTracing/FetchGeometry.hlsl using Guid(53817fed7d916d74c9584d60774a899f) (ShaderIncludeImporter) -> (artifact id: 'de7207c6055672e408f8c2a9666d090f') in 0.0026491 seconds
Start importing Packages/com.unity.render-pipelines.core/Editor/Lighting/ProbeVolume/ProbePlacement.cs.hlsl using Guid(53a7b15acf3ceaf41b7f56dbca27f6c8) (ShaderIncludeImporter) -> (artifact id: '08db22b4bfa26ac4b7a01b4502685e2b') in 0.0030503 seconds
Start importing Packages/com.unity.render-pipelines.universal/ShaderLibrary/Core.hlsl using Guid(53686bf58189656459fca4c6ab04ebe5) (ShaderIncludeImporter) -> (artifact id: '4ee79e5dadabb86b88ecc0fb5eca4bc5') in 0.0035204 seconds
Start importing Packages/com.unity.render-pipelines.core/ShaderLibrary/Macros.hlsl using Guid(6300b0e79f5d15e499b9d6b5d23ca01b) (ShaderIncludeImporter) -> (artifact id: '89c1ea0ea21c7eca6fbf3a2fdd2209c1') in 0.003067 seconds
Start importing Packages/com.unity.render-pipelines.core/ShaderLibrary/Sampling/Fibonacci.hlsl using Guid(63275e6ba7e477f43a376217dc2e147f) (ShaderIncludeImporter) -> (artifact id: 'f4510b9044da14329342c119c4b91625') in 0.0026171 seconds
Start importing Packages/com.unity.render-pipelines.universal/Shaders/Particles/ParticlesDepthNormalsPass.hlsl using Guid(637c27b6fe6224a06b2b066769d0a6e6) (ShaderIncludeImporter) -> (artifact id: 'ce3976ce067acbfa6db18e48d95f1f27') in 0.0025229 seconds
Start importing Packages/com.unity.render-pipelines.core/ShaderLibrary/MostRepresentativePoint.hlsl using Guid(73b08ea164ce48f382a510231156102f) (ShaderIncludeImporter) -> (artifact id: 'c27c07d654ffbc3e8d081c64ce49b649') in 0.0029076 seconds
Start importing Packages/com.unity.render-pipelines.universal/Editor/ShaderGraph/Includes/UnlitGBufferPass.hlsl using Guid(73b8a22390b7d43f7803cb609e674fe6) (ShaderIncludeImporter) -> (artifact id: '4d69d685279f929674909e4231e6991c') in 0.0032516 seconds
Start importing Packages/com.unity.render-pipelines.universal/Runtime/VFXGraph/Shaders/VFXDefines.hlsl using Guid(730c9c8a21ae0a64aba043694dfacca7) (ShaderIncludeImporter) -> (artifact id: 'c948e2d1c1a614fb679b22c3d99d729a') in 0.0031524 seconds
Start importing Packages/com.unity.render-pipelines.universal/Shaders/Utils/StencilDeferred.hlsl using Guid(83384e2d6206c8649ba879ec271c4254) (ShaderIncludeImporter) -> (artifact id: '139d79a7eb014554809519a6a09ab8a9') in 0.0031494 seconds
Start importing Packages/com.unity.render-pipelines.universal/ShaderLibrary/SSAO.hlsl using Guid(930a5f40803cb414b84db9a1889f890c) (ShaderIncludeImporter) -> (artifact id: 'eb717e2cb369f408725085387b8a2691') in 0.0023594 seconds
Start importing Packages/com.unity.render-pipelines.core/ShaderLibrary/CommonLighting.hlsl using Guid(93bbf250faa37d446990b9501e7fb7e8) (ShaderIncludeImporter) -> (artifact id: '5f3da0aa9fd8baecbb002330bf062462') in 0.002902 seconds
Start importing Packages/com.unity.render-pipelines.universal/Shaders/2D/Include/LightingUtility.hlsl using Guid(931e5ffca47cea54783e99bf989216b5) (ShaderIncludeImporter) -> (artifact id: 'e6115cc03629ac87eddd1c91f4192981') in 0.0027163 seconds
Start importing Packages/com.unity.render-pipelines.universal/Shaders/Particles/ParticlesUnlitForwardPass.hlsl using Guid(a361552991159403bbd785132d5cb812) (ShaderIncludeImporter) -> (artifact id: '52a85ab96af1c284fa587292ab9c5139') in 0.0026406 seconds
Start importing Packages/com.unity.render-pipelines.universal/Shaders/Particles/ParticlesLitInput.hlsl using Guid(a3129e299d0744bb7bd42c2cea7cea2b) (ShaderIncludeImporter) -> (artifact id: '07cd3142f6a328b4dd50dca631586f08') in 0.0027089 seconds
Start importing Packages/com.unity.render-pipelines.core/ShaderLibrary/FoveatedRenderingKeywords.hlsl using Guid(c32bc6ee3c5a47b5829b4db408c79d3b) (ShaderIncludeImporter) -> (artifact id: '3636aebe82927ae6c83865486e890237') in 0.00279 seconds
Start importing Packages/com.unity.shadergraph/Editor/Generation/Templates/BuildSurfaceDescriptionInputs.template.hlsl using Guid(d3b47ff860a51904395688d633cb1018) (ShaderIncludeImporter) -> (artifact id: '473ba2aca5acacc48d78786f2ef1c7da') in 0.0028575 seconds
Start importing Packages/com.unity.render-pipelines.core/Runtime/PostProcessing/Shaders/ffx/ffx_a.hlsl using Guid(e3711cae0eaec834eb4ae197be7dd569) (ShaderIncludeImporter) -> (artifact id: '5b2d0e34acc18bb27ea8115aac26ccf0') in 0.0027424 seconds
Start importing Packages/com.unity.render-pipelines.universal/ShaderLibrary/BRDF.hlsl using Guid(e325eaafb90d419598a94581ba3335a4) (ShaderIncludeImporter) -> (artifact id: '64658394d846b3e15fbc50a1c8b404f2') in 0.0024255 seconds
Start importing Packages/com.unity.render-pipelines.core/ShaderLibrary/Sampling/SampleUVMapping.hlsl using Guid(f3e4d64dcf820e040a738f576d8d1f79) (ShaderIncludeImporter) -> (artifact id: '5f21f15e095bbfcfbbc9a03fb99f9c84') in 0.0029575 seconds
Start importing Packages/com.unity.render-pipelines.universal/Shaders/Nature/SpeedTree7Passes.hlsl using Guid(f3f941933e171854386001194281536f) (ShaderIncludeImporter) -> (artifact id: '2ccf47dc516883e7023e9e85554447d0') in 0.0024412 seconds
Start importing Packages/com.unity.render-pipelines.universal/Shaders/BakedLitMetaPass.hlsl using Guid(f31bf343921b848fa8e5cde15f1dbaab) (ShaderIncludeImporter) -> (artifact id: '0b1fdd55f93155bd1a35dadc29a47b5e') in 0.0026321 seconds
Start importing Packages/com.unity.cinemachine/Editor/EditorResources/StdLib.hlsl using Guid(f34d110791e602a418f182fbec6b699d) (ShaderIncludeImporter) -> (artifact id: '69c40f3e257d50d3eb9a017ccf4db45d') in 0.0028503 seconds
Start importing Packages/com.unity.render-pipelines.core/ShaderLibrary/FoveatedRendering.hlsl using Guid(f36f5598be293c04db2a21f9e7463518) (ShaderIncludeImporter) -> (artifact id: '2bf3bec41aed5f0138582dd0cd46c47b') in 0.0033293 seconds
Start importing Packages/com.unity.render-pipelines.universal/Runtime/VFXGraph/Shaders/VFXLit.hlsl using Guid(045a06f7c76196a43a929d2a916c7d95) (ShaderIncludeImporter) -> (artifact id: 'a9f986aca3da9c91828a0be4914efa85') in 0.0032942 seconds
Start importing Packages/com.unity.render-pipelines.core/ShaderLibrary/API/GLES3.hlsl using Guid(14a46e0dac04a0245b3f95359167b663) (ShaderIncludeImporter) -> (artifact id: '9bc362d9be3c8494f021b4cd910cddc7') in 0.0030028 seconds
Start importing Packages/com.unity.shadergraph/Editor/Generation/Targets/BuiltIn/ShaderLibrary/Lighting.hlsl using Guid(14bcae32932007341a82b552c24738fd) (ShaderIncludeImporter) -> (artifact id: '462649a2310e5ed685a7136c47491836') in 0.0027184 seconds
Start importing Packages/com.unity.rendering.light-transport/Runtime/Sampling/Common.hlsl using Guid(3439ab1cb0e22d54bb9ce1c5c676045e) (ShaderIncludeImporter) -> (artifact id: '2b4b5de93aa453d4c887b0429791ca27') in 0.0025314 seconds
Start importing Packages/com.unity.render-pipelines.universal/ShaderLibrary/Debug/DebugViewEnums.cs.hlsl using Guid(448811f26ae38ae4cbb2edb0d2b9186c) (ShaderIncludeImporter) -> (artifact id: '7bfcc455073ed7b8697fb01390fa16a9') in 0.0038116 seconds
Start importing Packages/com.unity.rendering.light-transport/Runtime/UnifiedRayTracing/Compute/RadeonRays/kernels/intersector_common.hlsl using Guid(540173dbad43bd34fb2d7ce3c6b8f2a8) (ShaderIncludeImporter) -> (artifact id: '3a5002ea9bf42f9ecd43fcc2004d52e1') in 0.002277 seconds
Start importing Packages/com.unity.render-pipelines.core/ShaderLibrary/CommonMaterial.hlsl using Guid(540178d5ddc29e74da771e38536aee22) (ShaderIncludeImporter) -> (artifact id: 'cc3f8ef3b0bc2c65a2cfa1dc82e080fe') in 0.0024349 seconds
Start importing Packages/com.unity.shadergraph/Editor/Generation/Targets/BuiltIn/Editor/ShaderGraph/Includes/LegacySurfaceVertex.hlsl using Guid(5461cde96a0881146aed77bccd1c72ec) (ShaderIncludeImporter) -> (artifact id: 'f89c2729cfa7c8f942d4ef3738c784b5') in 0.0025997 seconds
Start importing Packages/com.unity.shadergraph/Editor/Generation/Targets/Fullscreen/Includes/FullscreenCommon.hlsl using Guid(54f14acd1960c2a459a0fcd6c959938d) (ShaderIncludeImporter) -> (artifact id: '4703562ff5bd660eeb6a579fc33512e9') in 0.0026192 seconds
Start importing Packages/com.unity.render-pipelines.core/ShaderLibrary/Filtering.hlsl using Guid(54ca0b3b7814f804aac1450b38477c74) (ShaderIncludeImporter) -> (artifact id: '9b44bad3b320edabad789b8a955d3ae6') in 0.0025099 seconds
Start importing Packages/com.unity.render-pipelines.universal/ShaderLibrary/SurfaceInput.hlsl using Guid(546b9685ee7cc0941afd734baa08db2a) (ShaderIncludeImporter) -> (artifact id: 'e01ecd216b69a380356a94dfa1bd697a') in 0.0020718 seconds
Start importing Packages/com.unity.render-pipelines.universal/Editor/ShaderGraph/Includes/DecalMeshBiasTypeEnum.cs.hlsl using Guid(6483447b285419e4b89f8a853712e1ab) (ShaderIncludeImporter) -> (artifact id: '13788609ee3e530eb7e386fe3a5522e2') in 0.0025935 seconds
Start importing Packages/com.unity.render-pipelines.core/ShaderLibrary/ShaderDebugPrint.hlsl using Guid(6487e82b005541789deacb92eaa88bed) (ShaderIncludeImporter) -> (artifact id: '9df46d4723211796452a6ff53f434039') in 0.0025166 seconds
Start importing Packages/com.unity.render-pipelines.universal/Shaders/Terrain/TerrainDetailLitPasses.hlsl using Guid(749e1c2d203942319da1fdb1d94c5f2a) (ShaderIncludeImporter) -> (artifact id: '641e63012b754f465ca38fc09dce7f26') in 0.0026918 seconds
Start importing Packages/com.unity.render-pipelines.universal/ShaderLibrary/Debug/DebuggingCommon.hlsl using Guid(a419d344c87843af8e1ce2e8c571fcb6) (ShaderIncludeImporter) -> (artifact id: 'cbdbce475911215b7ad04a065144a717') in 0.0029679 seconds
Start importing Packages/com.unity.render-pipelines.universal/Shaders/Terrain/WavingGrassPasses.hlsl using Guid(b4bc78a1364154f15b718a412e9710b6) (ShaderIncludeImporter) -> (artifact id: '90976cb7bb054ac186cc487b69fd3b7a') in 0.003419 seconds
Start importing Packages/com.unity.render-pipelines.universal/Shaders/LitInput.hlsl using Guid(c46f85bf266d7496d9b3659acfbdc711) (ShaderIncludeImporter) -> (artifact id: '79d9d667344da248ee273844adaeb685') in 0.0027775 seconds
Start importing Packages/com.unity.render-pipelines.core/Runtime/Lighting/ProbeVolume/ProbeVolumeBlendStates.hlsl using Guid(e478f7f7b57c7ab46a2933b408f63161) (ShaderIncludeImporter) -> (artifact id: '826b28742c9d4e4aa3b575afc0abd720') in 0.0026 seconds
Start importing Packages/com.unity.render-pipelines.core/ShaderLibrary/API/Metal.hlsl using Guid(f4d51e77f119d4dc8899ff02b46bb621) (ShaderIncludeImporter) -> (artifact id: 'a7452f5faa5f394b0cbc174e56ed4abf') in 0.0028273 seconds
Start importing Packages/com.unity.render-pipelines.core/ShaderLibrary/Sampling/Sampling.hlsl using Guid(f4c850bea2c5d45449ba8e228333c82c) (ShaderIncludeImporter) -> (artifact id: 'f0e6dc80fd58e28137ee33f4243f1548') in 0.0027678 seconds
Start importing Packages/com.unity.render-pipelines.core/ShaderLibrary/API/Vulkan.hlsl using Guid(05a00b34d7740a643a8a6de19c6d9aa6) (ShaderIncludeImporter) -> (artifact id: 'cf4a9f0ea85774ab6ef81e18e330be34') in 0.0032105 seconds
Start importing Packages/com.unity.render-pipelines.universal/Shaders/2D/Include/InputData2D.hlsl using Guid(15c09e9f82634f5881e6676d62f25bcb) (ShaderIncludeImporter) -> (artifact id: '161e1a2c6929b3c12a52882f37b2aba7') in 0.0031491 seconds
Start importing Packages/com.unity.render-pipelines.core/ShaderLibrary/PhysicalCamera.hlsl using Guid(259e4e1d42f9302459819d218966a11c) (ShaderIncludeImporter) -> (artifact id: '58657bcef39ca300673eb76a02080f96') in 0.0028729 seconds
Start importing Packages/com.unity.shadergraph/Editor/Generation/Targets/BuiltIn/Editor/ShaderGraph/Includes/ShadowCasterPass.hlsl using Guid(35c8158e574671d43b32c60a61df1b0f) (ShaderIncludeImporter) -> (artifact id: '8b917fc134770d558a385ec32822a173') in 0.002967 seconds
Start importing Packages/com.unity.render-pipelines.universal/Shaders/Nature/SpeedTree7CommonInput.hlsl using Guid(55e6929e00a20d64eadff49d59e097db) (ShaderIncludeImporter) -> (artifact id: '9cdca858a44dc82e77a68cb26686201b') in 0.0026962 seconds
Start importing Packages/com.unity.shadergraph/Editor/Generation/Targets/BuiltIn/Editor/ShaderGraph/Includes/ShaderPass.hlsl using Guid(65e35b38e39fde248977f1e9a8ec2e10) (ShaderIncludeImporter) -> (artifact id: 'ced89eb0a1e8cb8214937d7b8bef88ac') in 0.0025966 seconds
Start importing Packages/com.unity.render-pipelines.universal/ShaderLibrary/UnityInput.hlsl using Guid(6564342aa7c6ca44a86b97323a311d74) (ShaderIncludeImporter) -> (artifact id: 'a8e9a39f18e829121bbe8929f20560c6') in 0.0024733 seconds
Start importing Packages/com.unity.render-pipelines.core/Editor/Lighting/ProbeVolume/VoxelizeScene.hlsl using Guid(7530ec596e48f41e2bc1cc954be9b805) (ShaderIncludeImporter) -> (artifact id: 'f7a385dba9393df709e6df7d4fc51842') in 0.0025532 seconds
Start importing Packages/com.unity.render-pipelines.universal/Shaders/Nature/SpeedTree7CommonPasses.hlsl using Guid(85f7860cf76171b438c51eb5fcd238ce) (ShaderIncludeImporter) -> (artifact id: '17881c3515be4450aff00f57c0d06910') in 0.0249651 seconds
Start importing Packages/com.unity.shadergraph/Editor/Generation/Targets/BuiltIn/ShaderLibrary/UnityGBuffer.hlsl using Guid(951755fce4d8bae4ca6cfbe7908e1149) (ShaderIncludeImporter) -> (artifact id: '459df165b451296ddff8c058b9a6e419') in 0.0024139 seconds
Start importing Packages/com.unity.render-pipelines.universal-config/Runtime/ShaderConfig.cs.hlsl using Guid(956ff25f08f5e1d4a9ffc96f5803d5a1) (ShaderIncludeImporter) -> (artifact id: '2966c50294c2c03d5c52144b90e96b59') in 0.0060618 seconds
Start importing Packages/com.unity.rendering.light-transport/Runtime/UnifiedRayTracing/Compute/RadeonRays/kernels/triangle_mesh.hlsl using Guid(a5214fa82098469499d8d6b321cffd64) (ShaderIncludeImporter) -> (artifact id: '0b87c7e951890a37f903e728dd5daa28') in 0.0030028 seconds
Start importing Packages/com.unity.render-pipelines.core/Runtime/GPUDriven/OcclusionCullingCommonShaderVariables.cs.hlsl using Guid(a5ea6c3e82289ce4d8ea0b60a96b1ee2) (ShaderIncludeImporter) -> (artifact id: 'a112cb6144114d3626072cc17f68ef36') in 0.0020758 seconds
Start importing Packages/com.unity.render-pipelines.core/ShaderLibrary/Common.hlsl using Guid(a57f9f83ea626ae45b402953fe637268) (ShaderIncludeImporter) -> (artifact id: '3f484ace0aa6d99a458d82c902e162bb') in 0.0018863 seconds
Start importing Packages/com.unity.render-pipelines.core/ShaderLibrary/ACES.hlsl using Guid(b52d68e305b98a94bac88855d8ea5936) (ShaderIncludeImporter) -> (artifact id: 'a89c89f08502c076b25b2e576aaab725') in 0.0021868 seconds
Start importing Packages/com.unity.render-pipelines.core/ShaderLibrary/GraniteShaderLibBase.hlsl using Guid(c5520328ccc5d6c4e8a923677cbb21cf) (ShaderIncludeImporter) -> (artifact id: '77ad9bcb2cac851a8bc6fa599cac3bdc') in 0.0023573 seconds
Start importing Packages/com.unity.render-pipelines.core/Runtime/Utilities/Blit.hlsl using Guid(d55706914cfa84431bb4f9277ebd1054) (ShaderIncludeImporter) -> (artifact id: '180c9211917b736bb830a0291e538622') in 0.002144 seconds
Start importing Packages/com.unity.render-pipelines.universal/ShaderLibrary/SixWayLighting.hlsl using Guid(d5c9d8a733254102b894def0429c24c4) (ShaderIncludeImporter) -> (artifact id: '3d6e3d11ecab42b4bb08e995364a4483') in 0.0025709 seconds
Start importing Packages/com.unity.render-pipelines.universal/Editor/ShaderGraph/Includes/PBRGBufferPass.hlsl using Guid(f562fc45f8fc5434a96065e20892eff9) (ShaderIncludeImporter) -> (artifact id: 'e0cfb3e2ca8bc151c1caecd5cc52b0c7') in 0.0023278 seconds
Start importing Packages/com.unity.render-pipelines.core/ShaderLibrary/SpaceFillingCurves.hlsl using Guid(063144fddd2c1be41b9d09dec6314fc7) (ShaderIncludeImporter) -> (artifact id: '1004bb81984830596d8a0d55d3c9d2f0') in 0.0020494 seconds
Start importing Packages/com.unity.render-pipelines.universal/Shaders/Nature/SpeedTree8Passes.hlsl using Guid(0613a5abac2db2247bdcd7380e98bba1) (ShaderIncludeImporter) -> (artifact id: '6534ed2a28f5f82e0d6a6a85c29dc219') in 0.0021988 seconds
Start importing Packages/com.unity.render-pipelines.universal/Editor/ShaderGraph/Includes/CanvasPass.hlsl using Guid(0618e9bb046736646afe2346a3813db4) (ShaderIncludeImporter) -> (artifact id: 'ff75598c60b39ee4d586ca10357a5e71') in 0.0021216 seconds
Start importing Packages/com.unity.shadergraph/Editor/Generation/Targets/BuiltIn/ShaderLibrary/Shim/InputsShim.hlsl using Guid(160030f5e9c5e9b43bfd7646d5712b8a) (ShaderIncludeImporter) -> (artifact id: 'e38ec1e66ac41dcddb426c539467f8bf') in 0.0022588 seconds
Start importing Packages/com.unity.shadergraph/Editor/Generation/Targets/Fullscreen/Templates/SharedCode.template.hlsl using Guid(16201fed0715efa48a8908fedb361bf0) (ShaderIncludeImporter) -> (artifact id: 'b8c001c9ff2338b92fca7c592953b053') in 0.0021824 seconds
Start importing Packages/com.unity.shadergraph/ShaderGraphLibrary/PreviewVaryings.hlsl using Guid(1634e4cba986f4a4aabc82c280e09d13) (ShaderIncludeImporter) -> (artifact id: '0aa76c604e21aad1c119ebaca54104c6') in 0.0030823 seconds
Start importing Packages/com.unity.render-pipelines.core/Runtime/Lighting/ProbeVolume/ProbeReferenceVolume.Streaming.cs.hlsl using Guid(2675e3c7f72788145b4a5bc872a75211) (ShaderIncludeImporter) -> (artifact id: 'c6e477d10269b138a098bd1a257da760') in 0.0027277 seconds
Start importing Packages/com.unity.render-pipelines.core/ShaderLibrary/DebugMipmapStreaming.hlsl using Guid(369a40fd4db19d048ad2cf161cc89fcd) (ShaderIncludeImporter) -> (artifact id: '9347a9d4488ea9c341dfbc0a4ec9c80e') in 0.0022528 seconds
Start importing Packages/com.unity.render-pipelines.universal/Shaders/BakedLitInput.hlsl using Guid(463a8185744c2459f8e621f4e4eb74d3) (ShaderIncludeImporter) -> (artifact id: 'a3214aec7f08536da6900203e44668cb') in 0.0027519 seconds
Start importing Packages/com.unity.render-pipelines.core/Runtime/Utilities/GPUPrefixSum/GPUPrefixSum.Data.cs.hlsl using Guid(56dcfb5655d6cc74cb661e531de4bbdf) (ShaderIncludeImporter) -> (artifact id: '7b4cd810376705b9c6f3462f803389e4') in 0.0028027 seconds
Start importing Packages/com.unity.render-pipelines.core/Runtime/Lighting/ProbeVolume/DecodeSH.hlsl using Guid(6646f462aeb8278489c25fda24fd2db8) (ShaderIncludeImporter) -> (artifact id: 'e26a71bb6ee3037948c69b64e5154cc4') in 0.0030739 seconds
Start importing Packages/com.unity.shadergraph/ShaderGraphLibrary/Functions.hlsl using Guid(76c5c0b7561134f0ca526e50f239a4a2) (ShaderIncludeImporter) -> (artifact id: 'd72a7e7a97d32e71886bce9a7d363291') in 0.0023666 seconds
Start importing Packages/com.unity.render-pipelines.core/ShaderLibrary/VolumeRendering.hlsl using Guid(76b6dbce57ad3e647a01b5ad36f737a5) (ShaderIncludeImporter) -> (artifact id: 'f4c05a7ccb57a236c85a94925f7babe2') in 0.0029301 seconds
Start importing Packages/com.unity.render-pipelines.universal/ShaderLibrary/Lighting.hlsl using Guid(762f0a4829f44584ba01e2f0661150d9) (ShaderIncludeImporter) -> (artifact id: 'aa140303c8ab961f2d8ff7fbcdf7f986') in 0.0021418 seconds
Start importing Packages/com.unity.render-pipelines.universal/Shaders/BakedLitDepthNormalsPass.hlsl using Guid(9604e389528d04ae39fe05a7b4212172) (ShaderIncludeImporter) -> (artifact id: '6cc2578bccb37e62fb752ff763d91ca6') in 0.0028604 seconds
Start importing Packages/com.unity.shadergraph/Editor/Generation/Targets/CustomRenderTexture/CustomTextureGraph.hlsl using Guid(96a8b300b2dfb474bb4fd8118749fdec) (ShaderIncludeImporter) -> (artifact id: 'bce76aeb42b1f1c945a886b652afdfbd') in 0.0028508 seconds
Start importing Packages/com.unity.render-pipelines.core/ShaderLibrary/Version.hlsl using Guid(96eb0e7285e8ec64b9b711f1e6b78dea) (ShaderIncludeImporter) -> (artifact id: '433b9e977a90d01e871a0133898c81c4') in 0.0029216 seconds
Start importing Packages/com.unity.render-pipelines.universal/Shaders/SimpleLitDepthNormalsPass.hlsl using Guid(a63ccbef6bed14464a35b8a62ee9b775) (ShaderIncludeImporter) -> (artifact id: '722f706fa86b51bb17223b904ce0b35d') in 0.0022225 seconds
Start importing Packages/com.unity.render-pipelines.core/ShaderLibrary/NormalSurfaceGradient.hlsl using Guid(b6ff088bebec9f941ae19a0086e4f097) (ShaderIncludeImporter) -> (artifact id: 'd006626f4b3a9fd9eb807ca6957e945e') in 0.0024619 seconds
Start importing Packages/com.unity.render-pipelines.core/ShaderLibrary/ParallaxMapping.hlsl using Guid(c6976b17260ed7d4ca3810ae8488f67f) (ShaderIncludeImporter) -> (artifact id: '4df7e0a7a01c4de0060eacf032a77323') in 0.0023931 seconds
Start importing Packages/com.unity.render-pipelines.universal/Shaders/LitDepthNormalsPass.hlsl using Guid(d6641dcdedd1f422aa58ffec746e5342) (ShaderIncludeImporter) -> (artifact id: '53f28a7e54d93b8ad8e73af8f6a59ffa') in 0.0027451 seconds
Start importing Packages/com.unity.rendering.light-transport/Runtime/UnifiedRayTracing/Hardware/HardwareRaygenShader.hlsl using Guid(e698d98f89f906548ba85b47757d94a7) (ShaderIncludeImporter) -> (artifact id: 'ca929ca76c4bf00ab167b26adeed61b7') in 0.003109 seconds
Start importing Packages/com.unity.render-pipelines.core/Runtime/Lighting/ProbeVolume/ProbeReferenceVolume.Debug.cs.hlsl using Guid(f6e06ceb4cc6a38458f4b614e8000dc8) (ShaderIncludeImporter) -> (artifact id: '86ecbcc56dc6ecc8002d61715141c556') in 0.0033572 seconds
Start importing Packages/com.unity.render-pipelines.core/ShaderLibrary/SpaceTransforms.hlsl using Guid(07d22e3065efb5a489e5e2644df19bc7) (ShaderIncludeImporter) -> (artifact id: 'f30a363309985d16cdedd0fac05e096d') in 0.002565 seconds
Start importing Packages/com.unity.shadergraph/ShaderGraphLibrary/GeometricTools.hlsl using Guid(07d3f5482ecfe425f91b12cd32be4cbe) (ShaderIncludeImporter) -> (artifact id: 'f7dae6aa20f4d2735b653bbd8d01a834') in 0.0026847 seconds
Start importing Packages/com.unity.render-pipelines.universal/Editor/ShaderGraph/Includes/UnlitPass.hlsl using Guid(07da8e9cacb587246ade02755c273666) (ShaderIncludeImporter) -> (artifact id: '8bacef3d7b1ec5278a0020929eea7fd2') in 0.0020535 seconds
Start importing Packages/com.unity.render-pipelines.core/ShaderLibrary/API/GLCore.hlsl using Guid(17e9ff94ac9e8aa4e81b23222a4dc205) (ShaderIncludeImporter) -> (artifact id: '3154d836a40f5967b75861389c6d3cba') in 0.0024763 seconds
Start importing Packages/com.unity.render-pipelines.universal/Editor/2D/ShaderGraph/Includes/SpriteUnlitPass.hlsl using Guid(172e304acf14e434e967133e7ee67273) (ShaderIncludeImporter) -> (artifact id: '850fb7ed71015a18eebef9a7b404b18a') in 0.0024779 seconds
Start importing Packages/com.unity.render-pipelines.universal/Editor/ShaderGraph/Includes/PBRForwardPass.hlsl using Guid(2774e65a956f7428a9ba09fe1098e1eb) (ShaderIncludeImporter) -> (artifact id: '14ec9b7a289bcbd4655eb04bc90fb38c') in 0.0023567 seconds
Start importing Packages/com.unity.render-pipelines.core/ShaderLibrary/BC6H.hlsl using Guid(27d419a4917d0ea49978c236e058d464) (ShaderIncludeImporter) -> (artifact id: 'b175b05405675d4c79fefa46f7c8c385') in 0.0024085 seconds
Start importing Packages/com.unity.render-pipelines.core/ShaderLibrary/GlobalSamplers.hlsl using Guid(47ecc1e1971024be4a44aa322690660e) (ShaderIncludeImporter) -> (artifact id: '2b7d4275608c06d377e802691a801385') in 0.0025033 seconds
Start importing Packages/com.unity.render-pipelines.universal/Shaders/UnlitForwardPass.hlsl using Guid(574332cc54d34b3b96cd214f5febe833) (ShaderIncludeImporter) -> (artifact id: '733eb57d9d358db13a26d73b6b687814') in 0.0025654 seconds
Start importing Packages/com.unity.render-pipelines.universal/ShaderLibrary/UniversalMetaPass.hlsl using Guid(573542356fb54fe4583ff78639189cf8) (ShaderIncludeImporter) -> (artifact id: '055eed10ded5189fad8e37cb5f71138d') in 0.0025826 seconds
Start importing Packages/com.unity.render-pipelines.universal/Shaders/Utils/Universal2D.hlsl using Guid(67e3e0cfa0204244683a6c506307f311) (ShaderIncludeImporter) -> (artifact id: '27910d759c79e21b1086472e8168fe91') in 0.0027955 seconds
Start importing Packages/com.unity.render-pipelines.universal/ShaderLibrary/ShaderVariablesFunctions.deprecated.hlsl using Guid(77a6d2810aa974e0bad8b56aec6e87f4) (ShaderIncludeImporter) -> (artifact id: '42db13cb2bc5fdfdf6c2cc63243c279d') in 0.0025307 seconds
Start importing Packages/com.unity.shadergraph/Editor/Generation/Targets/BuiltIn/ShaderLibrary/Shadows.hlsl using Guid(87c2af44d69c0194687e11c33c85f6c2) (ShaderIncludeImporter) -> (artifact id: '4fb16bbde4a8ac64737a498d4a6e8f88') in 0.0026619 seconds
Start importing Packages/com.unity.rendering.light-transport/Runtime/Sampling/SamplingResources.hlsl using Guid(87490cc9fe2f28f4890dcdb720bf0c94) (ShaderIncludeImporter) -> (artifact id: 'fc808686a9a02de1f65b47426bf052cb') in 0.002893 seconds
Start importing Packages/com.unity.render-pipelines.universal/Shaders/2D/Include/ShadowProjectVertex.hlsl using Guid(97832dc646b4fb4498bf5aa61e366c13) (ShaderIncludeImporter) -> (artifact id: '459f1430ddf09488d8dc88d6cacc66ac') in 0.0025334 seconds
Start importing Packages/com.unity.render-pipelines.universal/Shaders/Utils/CopyDepthPass.hlsl using Guid(971e7c84ed6bc40fc95bdbb2e008013f) (ShaderIncludeImporter) -> (artifact id: 'ac7e96f370f3b1add49ba76a9f1e2870') in 0.0023654 seconds
Start importing Packages/com.unity.render-pipelines.universal/Shaders/Terrain/WavingGrassDepthNormalsPass.hlsl using Guid(97ce72d5527034cbca1d95b53d583472) (ShaderIncludeImporter) -> (artifact id: 'e78287aad14f526aa0813ae0b335a763') in 0.0022127 seconds
Start importing Packages/com.unity.render-pipelines.universal/ShaderLibrary/LightCookie/LightCookieInput.hlsl using Guid(a70b6c101edaa442a80370b0d514fb3c) (ShaderIncludeImporter) -> (artifact id: '46a156a902b3a576619e8cb0be115333') in 0.0022347 seconds
Start importing Packages/com.unity.render-pipelines.core/Runtime/GPUDriven/InstanceOcclusionCuller.cs.hlsl using Guid(a71fe447aa3034341b4a16245852e2f5) (ShaderIncludeImporter) -> (artifact id: 'ae6d0ccdd602a3e984bbc027db9920c8') in 0.0023944 seconds
Start importing Packages/com.unity.render-pipelines.universal/Shaders/Particles/ParticlesEditorPass.hlsl using Guid(b75058dfffdae7a41bf0373f3d2f264c) (ShaderIncludeImporter) -> (artifact id: '73354632a7b762bdb1c9bc491c24ccf3') in 0.0023115 seconds
Start importing Packages/com.unity.rendering.light-transport/Runtime/Sampling/SobolBluenoiseSampling.hlsl using Guid(b7e54860bc0a3514f9dc1524fde27b07) (ShaderIncludeImporter) -> (artifact id: 'fdf8bb586b4a9248ca4661f66a9580e0') in 0.0023921 seconds
Start importing Packages/com.unity.render-pipelines.universal/Shaders/DepthNormalsPass.hlsl using Guid(b76d45ea333b2a049bc45c5328ef3e7c) (ShaderIncludeImporter) -> (artifact id: 'f0e58b7982d6b1ed45d70dc0aebd581c') in 0.0022404 seconds
Start importing Packages/com.unity.render-pipelines.universal/ShaderLibrary/ParticlesInstancing.hlsl using Guid(c70398529f54bc44ca6a3ed0211e039f) (ShaderIncludeImporter) -> (artifact id: 'f2c6f48416aa0fb3a17f2cb8dc3911ff') in 0.0023878 seconds
Start importing Packages/com.unity.shadergraph/Editor/Generation/Targets/BuiltIn/Editor/ShaderGraph/Includes/BuiltInCanvasPass.hlsl using Guid(c79cdcb9c21d4339a577df76710eafd5) (ShaderIncludeImporter) -> (artifact id: '57d23a6f55abca9fd45503ed4d94f171') in 0.0023483 seconds
Start importing Packages/com.unity.render-pipelines.core/Runtime/GPUDriven/InstanceData/InstanceTransformUpdateDefs.cs.hlsl using Guid(d73035ddef2bea3469c6784cf7f2e865) (ShaderIncludeImporter) -> (artifact id: '7180160fa486d9297f406d93ab6c562f') in 0.002441 seconds
Start importing Packages/com.unity.render-pipelines.core/ShaderLibrary/MetaPass.hlsl using Guid(d7414e735eb09cd40855d8142a1c2e18) (ShaderIncludeImporter) -> (artifact id: 'ccf81b0c96107306ceaf5e8a8130d3ec') in 0.0023139 seconds
Start importing Packages/com.unity.render-pipelines.core/ShaderLibrary/SphericalHarmonics.hlsl using Guid(e7990b191f2f28e4884a439c088c4fe0) (ShaderIncludeImporter) -> (artifact id: '604228ebe5e79cee44b134070ad0f4c5') in 0.0022739 seconds
Start importing Packages/com.unity.render-pipelines.universal/Shaders/UnlitInput.hlsl using Guid(e7ba75cc852b14b7f934978b5697bf1b) (ShaderIncludeImporter) -> (artifact id: '65bcba20103aa1eef9f02fa0531e0706') in 0.0023788 seconds
Start importing Packages/com.unity.shadergraph/Editor/Generation/Targets/BuiltIn/ShaderLibrary/ShaderGraphFunctions.hlsl using Guid(e74b0f1b5e52c5642a66b47b7fc87799) (ShaderIncludeImporter) -> (artifact id: 'cedc005a6f9016efa19b90ca196354f8') in 0.0022063 seconds
Start importing Packages/com.unity.render-pipelines.universal/Shaders/2D/Include/CombinedShapeLightShared.hlsl using Guid(e7ee44e4db2311b428e6f789318838f8) (ShaderIncludeImporter) -> (artifact id: '4ff81fccd6fa2e3c19099e3cae56e213') in 0.0022279 seconds
Start importing Packages/com.unity.render-pipelines.universal/ShaderLibrary/SurfaceData.hlsl using Guid(181b211e2007bd4478d853b8964457ab) (ShaderIncludeImporter) -> (artifact id: '4928f064fafbcb6a0a4c7b33795105d2') in 0.0022988 seconds
Start importing Packages/com.unity.render-pipelines.universal/Shaders/2D/Include/SurfaceData2D.hlsl using Guid(2861459260b14a2481f8f8e7f6637d8f) (ShaderIncludeImporter) -> (artifact id: '62f09bc86e11e6364be0de94c354763b') in 0.0026365 seconds
Start importing Packages/com.unity.render-pipelines.universal/Shaders/UnlitGBufferPass.hlsl using Guid(28fcbf208a4c04495b93bb6d554908e0) (ShaderIncludeImporter) -> (artifact id: 'dda74e3dd7d6151d2659da37d5d02317') in 0.0022088 seconds
Start importing Packages/com.unity.render-pipelines.universal/Runtime/VFXGraph/Shaders/VFXCommon.hlsl using Guid(385bc181e02fb7549a92fc001133ad46) (ShaderIncludeImporter) -> (artifact id: '071741928c41a1f5c374866385051fff') in 0.0027243 seconds
Start importing Packages/com.unity.rendering.light-transport/Runtime/UnifiedRayTracing/Common/GeometryPool/GeometryPool.hlsl using Guid(48162143dc3e410080eca2efcb84cb58) (ShaderIncludeImporter) -> (artifact id: '838826ba1be33200b363674830e56efd') in 0.0025724 seconds
Start importing Packages/com.unity.shadergraph/Editor/Generation/Targets/BuiltIn/Editor/ShaderGraph/Includes/Varyings.hlsl using Guid(48ba7a8ce29978c4690d3d53549a5a4c) (ShaderIncludeImporter) -> (artifact id: '9d807eb0e8674435683b176ae5a86773') in 0.0019254 seconds
Start importing Packages/com.unity.render-pipelines.universal/ShaderLibrary/Particles.hlsl using Guid(58997c4bd657ad848919e91029ee01eb) (ShaderIncludeImporter) -> (artifact id: '587a5a8772c68e570548f6b6e0189cb2') in 0.0020045 seconds
Start importing Packages/com.unity.render-pipelines.core/Runtime/Lighting/ProbeVolume/ProbeVolume.hlsl using Guid(688129ab15b222340a2c7fa427269889) (ShaderIncludeImporter) -> (artifact id: 'cb9d407daae0c537a63f90335988e3fd') in 0.0025582 seconds
Start importing Packages/com.unity.shadergraph/Editor/Generation/Targets/BuiltIn/ShaderLibrary/SurfaceData.hlsl using Guid(88329a10539cce1418e6aa8c8b62c896) (ShaderIncludeImporter) -> (artifact id: '422b404fe6880f18e30978b2b7a8475a') in 0.0019581 seconds
Start importing Packages/com.unity.render-pipelines.universal/ShaderLibrary/LightCookie/LightCookie.hlsl using Guid(8878828335bd847b493e10211fcbf825) (ShaderIncludeImporter) -> (artifact id: '8386f0f52bfe2f88bbdb4ef48b3d2d80') in 0.0023248 seconds
Start importing Packages/com.unity.render-pipelines.universal/Shaders/2D/Include/Core2D.hlsl using Guid(882f88039036f6c49a8df5ce3d214444) (ShaderIncludeImporter) -> (artifact id: '70ae8e122b908acf6268beb40501faf3') in 0.0026783 seconds
Start importing Packages/com.unity.render-pipelines.universal/ShaderLibrary/Deprecated.hlsl using Guid(9802e36ef1c38064d9bcd7bf2e01cccb) (ShaderIncludeImporter) -> (artifact id: 'a2dbff075d600e0c8c86aeb0006f6c93') in 0.0026276 seconds
Start importing Packages/com.unity.render-pipelines.universal/Shaders/Particles/ParticlesLitForwardPass.hlsl using Guid(a8d5c97876fe84413b2f630e2debf75b) (ShaderIncludeImporter) -> (artifact id: 'c186d5fa8e308c171c0ae7cbc2ba05a5') in 0.0023616 seconds
Start importing Packages/com.unity.render-pipelines.universal/Shaders/Terrain/TerrainLitInput.hlsl using Guid(a817cb90496894b368593402e13b040c) (ShaderIncludeImporter) -> (artifact id: '43073aaafd59072a495aaf5c5c7cd8c5') in 0.0029057 seconds
Start importing Packages/com.unity.render-pipelines.universal/ShaderLibrary/ShaderVariablesFunctions.hlsl using Guid(a8db2eae5ac4548a683f17e8c528c05c) (ShaderIncludeImporter) -> (artifact id: 'e4e555c123e31d47566287ee4c5adee0') in 0.0020401 seconds
Start importing Packages/com.unity.render-pipelines.core/ShaderLibrary/CommonShadow.hlsl using Guid(a85db80be6def144e938df4cbf0d1aa6) (ShaderIncludeImporter) -> (artifact id: '21f3864ee28d3beb7f4f0f95f04e534f') in 0.0023375 seconds
Start importing Packages/com.unity.render-pipelines.universal/Editor/ShaderGraph/Includes/MotionVectorPass.hlsl using Guid(d8b8f4c97d2074ea9a54a1d0dbefb62c) (ShaderIncludeImporter) -> (artifact id: '16d535a4b1f4a2084b03979ee50f3c63') in 0.0022368 seconds
Start importing Packages/com.unity.render-pipelines.universal/ShaderLibrary/Debug/Debugging3D.hlsl using Guid(d8ae717b647341719f2a89f20faaf51b) (ShaderIncludeImporter) -> (artifact id: '8b53f2fcfc189d614581de42c019ca27') in 0.0024268 seconds
Start importing Packages/com.unity.render-pipelines.core/ShaderLibrary/API/Switch.hlsl using Guid(e81335bf0a3c45c4fa81ed2fe67eeba0) (ShaderIncludeImporter) -> (artifact id: '099ffeeb79a282bb7b3b465dfabae3ba') in 0.0023855 seconds
Start importing Packages/com.unity.rendering.light-transport/Runtime/UnifiedRayTracing/Compute/ComputeRaygenShader.hlsl using Guid(e894eeea9d36e9b4b8d6be81023b7cbe) (ShaderIncludeImporter) -> (artifact id: '3187c500e1b602946daa7e50c63f88a5') in 0.0025564 seconds
Start importing Packages/com.unity.render-pipelines.core/ShaderLibrary/API/FoveatedRendering_Metal.hlsl using Guid(e885d2d1e5bc4382b9f742451fef9b1f) (ShaderIncludeImporter) -> (artifact id: 'b41dc7b3b492d9a58f635740d346e0d9') in 0.0024592 seconds
Start importing Packages/com.unity.rendering.light-transport/Runtime/UnifiedRayTracing/Compute/RadeonRays/kernels/bvh2il.hlsl using Guid(f88febca88c99324284882a13ba3eb2d) (ShaderIncludeImporter) -> (artifact id: '6eb7490bdadd09e680e75f07901f7b98') in 0.0025978 seconds
Start importing Packages/com.unity.render-pipelines.core/ShaderLibrary/DebugMipmapStreamingMacros.hlsl using Guid(0986d558af63ed0418f7eb24eeaa2308) (ShaderIncludeImporter) -> (artifact id: '58c8883caf2dceff7aad099d56cbfbc3') in 0.0023523 seconds
Start importing Packages/com.unity.render-pipelines.core/ShaderLibrary/ThreadingEmuImpl.hlsl using Guid(093f86242d8d4e64187076599c7f708e) (ShaderIncludeImporter) -> (artifact id: 'ddf7373b89c73c9984e46f7ab5f5f6d1') in 0.0025433 seconds
Start importing Packages/com.unity.render-pipelines.universal/ShaderLibrary/DeclareOpaqueTexture.hlsl using Guid(29619926ce55c944aa978fe5e07cc3db) (ShaderIncludeImporter) -> (artifact id: '19efa1e356eb1829e5f13d63d96fa3d8') in 0.0027929 seconds
Start importing Packages/com.unity.render-pipelines.universal/ShaderLibrary/LightCookie/LightCookieTypes.hlsl using Guid(394c5e9a352f74e998cb797d7aa461d4) (ShaderIncludeImporter) -> (artifact id: '2a84f2e6c5da24832eb2e00745c488ad') in 0.0025715 seconds
Start importing Packages/com.unity.shadergraph/Editor/Generation/Targets/BuiltIn/Editor/ShaderGraph/Includes/LightingMetaPass.hlsl using Guid(395ef430db5747842b555e50b3c7b330) (ShaderIncludeImporter) -> (artifact id: 'f05d1e1dffbff550d2ac2fb193b69f73') in 0.0027083 seconds
Start importing Packages/com.unity.render-pipelines.universal/Editor/2D/ShaderGraph/Includes/SpriteNormalPass.hlsl using Guid(39ce338156d9f6b40b4702eb2d26d40d) (ShaderIncludeImporter) -> (artifact id: '486765c0e858ab8e1a4f5982c0324097') in 0.0029567 seconds
Start importing Packages/com.unity.render-pipelines.core/ShaderLibrary/DynamicScalingClamping.hlsl using Guid(49883cc3d16fa0241a1c9114ce9a1f64) (ShaderIncludeImporter) -> (artifact id: 'ea16145742966e9fadde08c89d0148f7') in 0.0030209 seconds
Start importing Packages/com.unity.render-pipelines.universal/Shaders/Nature/SpeedTree7BillboardInput.hlsl using Guid(693515911c7346d448c10a3cfc4acf45) (ShaderIncludeImporter) -> (artifact id: '4a3c5298593c0d9080bde6762c9b571e') in 0.0025098 seconds
Start importing Packages/com.unity.render-pipelines.universal/Shaders/PostProcessing/FXAA3_11.hlsl using Guid(691e950f7acb24df5be4c31303d0991a) (ShaderIncludeImporter) -> (artifact id: 'e39da946d857f0bd1081c434ce05ae39') in 0.0027026 seconds
Start importing Packages/com.unity.render-pipelines.core/ShaderLibrary/TextureStack.hlsl using Guid(79641ba14fe04324b8905bafbf3e82ed) (ShaderIncludeImporter) -> (artifact id: 'dbbe363c07f283503cdca4f64e2f37c6') in 0.0027644 seconds
Start importing Packages/com.unity.render-pipelines.core/ShaderLibrary/Texture.hlsl using Guid(79062f3c36657da4e9a366000411cf78) (ShaderIncludeImporter) -> (artifact id: '5d1c7df90b751c2ed5da6fd66dd95b02') in 0.0028239 seconds
Start importing Packages/com.unity.render-pipelines.core/ShaderLibrary/UnityDOTSInstancing.hlsl using Guid(89aebf2868d41e34abc02aae1d41b4cd) (ShaderIncludeImporter) -> (artifact id: '0b884b1792b57196606482e9c9526518') in 0.0026243 seconds
Start importing Packages/com.unity.shadergraph/Editor/Generation/Targets/BuiltIn/ShaderLibrary/ParticlesInstancing.hlsl using Guid(9989d64681f299941b8d598b04007e82) (ShaderIncludeImporter) -> (artifact id: '9515c287c90104789ff90bb331019f0f') in 0.0019458 seconds
Start importing Packages/com.unity.render-pipelines.universal/Shaders/2D/Include/NormalsRenderingShared.hlsl using Guid(b9c3f97797bd9374cb2607614554fe54) (ShaderIncludeImporter) -> (artifact id: '56eec7122af7919833d34627364be240') in 0.0030093 seconds
Start importing Packages/com.unity.render-pipelines.universal/Shaders/2D/Include/SpriteMaskShared.hlsl using Guid(c9ac51d204bc24b118ec6bc5ab6c29c6) (ShaderIncludeImporter) -> (artifact id: '85cda7298d7b113dad2ac3211911a190') in 0.003097 seconds
Start importing Packages/com.unity.render-pipelines.universal/Shaders/Particles/ParticlesDepthOnlyPass.hlsl using Guid(e9795406c7fc049d2b125cce47405fa9) (ShaderIncludeImporter) -> (artifact id: 'd3aac80a75ed727432a6382af10d94b9') in 0.0031135 seconds
Start importing Packages/com.unity.render-pipelines.universal/Shaders/Nature/SpeedTree8Input.hlsl using Guid(e9fc1df17be32ac41a7186d571c669d5) (ShaderIncludeImporter) -> (artifact id: '9b55297ed0b55f74375e138f8f8e8fbb') in 0.003224 seconds
Start importing Packages/com.unity.render-pipelines.core/ShaderLibrary/Sampling/SampleUVMappingNormalInternal.hlsl using Guid(f941b2119184e624a8ecd126735c5ed0) (ShaderIncludeImporter) -> (artifact id: '0739d0bfe6dceb4f097db5a8bda17840') in 0.0028595 seconds
Start importing Packages/com.unity.render-pipelines.core/ShaderLibrary/PerPixelDisplacement.hlsl using Guid(0a40799d368cbbd4982d2f423cdd8595) (ShaderIncludeImporter) -> (artifact id: '070e3623439d682ef60d77206dc8b3be') in 0.0028373 seconds
Start importing Packages/com.unity.render-pipelines.universal/Shaders/DepthOnlyPass.hlsl using Guid(0acd4fdbcf0cf654a9cdf3e9ccc2edce) (ShaderIncludeImporter) -> (artifact id: 'b280b4b5e8cc228db0b137874f5e30df') in 0.0027745 seconds
Start importing Packages/com.unity.render-pipelines.core/ShaderLibrary/SixWayLighting.hlsl using Guid(1a3c09fe584943f9ba43ae5a5cf0700d) (ShaderIncludeImporter) -> (artifact id: '1e62a34d33fe0a11938ea3dad0d8b0d1') in 0.0019996 seconds
Start importing Packages/com.unity.render-pipelines.universal/Shaders/Particles/ParticlesInput.hlsl using Guid(1acd75ff24dbc43cca235408192130b7) (ShaderIncludeImporter) -> (artifact id: 'dad2be42c763cbe716144c7d30add102') in 0.0025499 seconds
Start importing Packages/com.unity.shadergraph/Editor/Generation/Targets/BuiltIn/ShaderLibrary/Input.hlsl using Guid(1a6eb37d2c834244cbdd9d92ce6a52ed) (ShaderIncludeImporter) -> (artifact id: '6fcaff7810bf5a459137a4687529d7de') in 0.0018646 seconds
Start importing Packages/com.unity.render-pipelines.core/ShaderLibrary/AreaLighting.hlsl using Guid(2af09bb13e6547242913c40dfb0e50f9) (ShaderIncludeImporter) -> (artifact id: 'ac99518b93f15ed63264b0ff1c90f73e') in 0.0025802 seconds
Start importing Packages/com.unity.render-pipelines.core/Runtime/PostProcessing/Shaders/ffx/ffx_fsr1.hlsl using Guid(2a92c8c54bb0f63458be93b670c77c3b) (ShaderIncludeImporter) -> (artifact id: '6989396144e5a5d744b1c88aa7e6a263') in 0.003186 seconds
Start importing Packages/com.unity.rendering.light-transport/Runtime/UnifiedRayTracing/TraceRay.hlsl using Guid(2a499812089c5144288ca9403af818d2) (ShaderIncludeImporter) -> (artifact id: 'd5b73776f501803cbfca6ec899b6ef18') in 0.0027614 seconds
Start importing Packages/com.unity.render-pipelines.core/Runtime/PostProcessing/Shaders/ffx/ffx_cas.hlsl using Guid(2a9d148fab2695346824a766e925a31f) (ShaderIncludeImporter) -> (artifact id: 'ef91aba14c4f3df843890077e5064398') in 0.0025525 seconds
Start importing Packages/com.unity.shadergraph/Editor/Generation/Targets/BuiltIn/ShaderLibrary/Shim/SurfaceShaderProxy.hlsl using Guid(3a5c1c06341ec0448a21f4659568cf1b) (ShaderIncludeImporter) -> (artifact id: 'c0340d6e3180b98956b32f3931d1a312') in 0.0023985 seconds
Start importing Packages/com.unity.render-pipelines.universal/Editor/2D/ShaderGraph/Includes/SpriteForwardPass.hlsl using Guid(4ad8b54817d9f5441910014b5ceb8583) (ShaderIncludeImporter) -> (artifact id: 'e106572f87333e5dab431eada03c1082') in 0.0023215 seconds
Start importing Packages/com.unity.render-pipelines.core/Editor/Lighting/ProbeVolume/ProbeGIBaking.Dilate.cs.hlsl using Guid(5a1695d093636284ca9487c8124775c5) (ShaderIncludeImporter) -> (artifact id: '707395630ce0061195951be162d9164e') in 0.0032256 seconds
Start importing Packages/com.unity.render-pipelines.universal/Shaders/Terrain/TerrainDetailLitInput.hlsl using Guid(6aa45ba0b4524671ae57fb74652592f3) (ShaderIncludeImporter) -> (artifact id: 'ebccc54c5cf2f3e92dd0d50a993c2ed5') in 0.0023424 seconds
Start importing Packages/com.unity.render-pipelines.core/Runtime/GPUDriven/GeometryUtilities.hlsl using Guid(8ae16c27ed16096458605a6fc56994c8) (ShaderIncludeImporter) -> (artifact id: 'b6db79811fb5f4fc65f2227cf811591c') in 0.0026586 seconds
Start importing Packages/com.unity.shadergraph/Editor/Generation/Targets/BuiltIn/ShaderLibrary/Deprecated.hlsl using Guid(8ac4c7f9b9937b64885ce949fc6d6525) (ShaderIncludeImporter) -> (artifact id: '5db671767109b4023286e16313efabb7') in 0.0024503 seconds
Start importing Packages/com.unity.rendering.light-transport/Runtime/UnifiedRayTracing/Compute/RadeonRays/kernels/trace_ray.hlsl using Guid(9a77ac57745a52840820366eafde51cd) (ShaderIncludeImporter) -> (artifact id: '7159a4fa42b31742f344e26af9313a01') in 0.0025709 seconds
Start importing Packages/com.unity.render-pipelines.universal/Shaders/ShadowCasterPass.hlsl using Guid(9a48a2987a0e11645adf07fe4a8d5ec9) (ShaderIncludeImporter) -> (artifact id: '4914621493ad915d73763580e02abf8d') in 0.0019886 seconds
Start importing Packages/com.unity.render-pipelines.universal/ShaderLibrary/ShaderGraphFunctions.hlsl using Guid(9adc879d74aec4400bbdce89ff664a05) (ShaderIncludeImporter) -> (artifact id: 'f1925d9c22343e8165903811ca96460b') in 0.0017287 seconds
Start importing Packages/com.unity.render-pipelines.universal/Editor/ShaderGraph/Includes/ShaderVariablesDecal.hlsl using Guid(aa80e1eae2080d849a7ab1ccfbd6953c) (ShaderIncludeImporter) -> (artifact id: '94825bbab25d398be20f2a374049f2d2') in 0.0020616 seconds
Start importing Packages/com.unity.render-pipelines.core/ShaderLibrary/Sampling/Hammersley.hlsl using Guid(aa5e319c8b8499f4fba1c3ecdd133545) (ShaderIncludeImporter) -> (artifact id: '60fbe1305798a0e34edb74d5a01f7df6') in 0.0019915 seconds
Start importing Packages/com.unity.render-pipelines.universal/Editor/ShaderGraph/Includes/ShaderPass.hlsl using Guid(ba78d2682f9fed14fb0827a24fb5a1f0) (ShaderIncludeImporter) -> (artifact id: '61e84f438c7d21d49be499b2a044b589') in 0.0016799 seconds
Start importing Packages/com.unity.render-pipelines.universal/Shaders/Terrain/WavingGrassInput.hlsl using Guid(ca55f7593a02f4c1ab1bdbc03282d7af) (ShaderIncludeImporter) -> (artifact id: '8e989f84f4bc3b00186ca23ff34101e6') in 0.0021248 seconds
Start importing Packages/com.unity.render-pipelines.core/ShaderLibrary/CommonDeprecated.hlsl using Guid(ca3a5025616550a40816a5272a4f7631) (ShaderIncludeImporter) -> (artifact id: '881ac63173bade2af9d980430fb92aa7') in 0.0020516 seconds
Start importing Packages/com.unity.render-pipelines.universal/Shaders/Particles/ParticlesSimpleLitGBufferPass.hlsl using Guid(ca0e14e5bf6ac934086f42ca329f4ef1) (ShaderIncludeImporter) -> (artifact id: '47407e8d4027a52a6bf8dec226a2be2a') in 0.0022838 seconds
Start importing Packages/com.unity.render-pipelines.universal/Editor/ShaderGraph/Includes/SixWayForwardPass.hlsl using Guid(ea5e0c2b753f4b5287a5a23f0e61407e) (ShaderIncludeImporter) -> (artifact id: '2da82a8086399a8cb4e189e688561350') in 0.0023427 seconds
Start importing Packages/com.unity.render-pipelines.universal/Shaders/PostProcessing/Common.hlsl using Guid(eaaf2a45502c59c4e907088b5f034c0c) (ShaderIncludeImporter) -> (artifact id: 'e9c3bbd69b9a8aeaca514d1b69c8d25a') in 0.001756 seconds
Start importing Packages/com.unity.shadergraph/Editor/Generation/Targets/Fullscreen/Includes/FullscreenDrawProcedural.hlsl using Guid(fa5319f2d61c4df44b77220af2406147) (ShaderIncludeImporter) -> (artifact id: '211238989735b95e21be8f156fc7047d') in 0.0021142 seconds
Start importing Packages/com.unity.shadergraph/Editor/Generation/Targets/BuiltIn/ShaderLibrary/Shim/Shims.hlsl using Guid(fa48edec2a3839b41a62407f4a233b81) (ShaderIncludeImporter) -> (artifact id: '14622bf70258c6a94665c2a21de29ffc') in 0.0022588 seconds
Start importing Packages/com.unity.shadergraph/Editor/Generation/Targets/Fullscreen/Includes/FullscreenShaderPass.cs.hlsl using Guid(fa6980c25ec2f164ba4a6fcb040eb870) (ShaderIncludeImporter) -> (artifact id: '405d5b02fcc0a37f940e2aad662910ee') in 0.002346 seconds
Start importing Packages/com.unity.render-pipelines.core/ShaderLibrary/Hashes.hlsl using Guid(0bf6c7395c05c624d92ebdff0dcc1a61) (ShaderIncludeImporter) -> (artifact id: '0b03e84146c06948d7fc5c819dacd6cc') in 0.0025145 seconds
Start importing Packages/com.unity.render-pipelines.universal/ShaderLibrary/GlobalIllumination.hlsl using Guid(1be91b057dbe43239a838d9e45a42a32) (ShaderIncludeImporter) -> (artifact id: '9a6b572200aed6c8f9af94cdba06c725') in 0.0054536 seconds
Start importing Packages/com.unity.shadergraph/ShaderGraphLibrary/ShaderVariables.hlsl using Guid(2bc64066748469e48861ed835a8b806d) (ShaderIncludeImporter) -> (artifact id: 'c280d8c700c9779e94599074c71b3ec9') in 0.0030464 seconds
Start importing Packages/com.unity.render-pipelines.universal/Editor/ShaderGraph/Includes/ShadowCasterPass.hlsl using Guid(3beb91c1958c67d47bb580c465e22f29) (ShaderIncludeImporter) -> (artifact id: '051fcc12ffda9ba1e413f152b0cdf778') in 0.0019824 seconds
Start importing Packages/com.unity.render-pipelines.universal/ShaderLibrary/ShaderTypes.cs.hlsl using Guid(6be8cfeb6b34eca43b000cb7bad7255e) (ShaderIncludeImporter) -> (artifact id: '7546dd7a9dd0cb06b6058e81f97c4b57') in 0.001815 seconds
Start importing Packages/com.unity.render-pipelines.universal/Shaders/Terrain/TerrainLitDepthNormalsPass.hlsl using Guid(7b6328a4b0ed14a9ea5e0629d7c7966c) (ShaderIncludeImporter) -> (artifact id: 'f979ed2617daf69e86a20435cf67190e') in 0.0024485 seconds
Start importing Packages/com.unity.render-pipelines.core/Runtime/Debug/ProbeVolumeDebugFunctions.hlsl using Guid(7b7fb68bec939a04791463e4b8734f38) (ShaderIncludeImporter) -> (artifact id: '8e27f3d824c988d69bac8a283fd1d5e4') in 0.0025067 seconds
Start importing Packages/com.unity.render-pipelines.core/Runtime/PostProcessing/Shaders/ffx/ffx_lpm.hlsl using Guid(8b2264ffe26ac3e42b4077bfbc35941b) (ShaderIncludeImporter) -> (artifact id: 'd42535a58c7decfd10eed5f81499ac98') in 0.0027037 seconds
Start importing Packages/com.unity.render-pipelines.universal/Shaders/Nature/SpeedTree7BillboardPasses.hlsl using Guid(8ba36b6596e931145bbad992032afb1a) (ShaderIncludeImporter) -> (artifact id: '05994983ef5a2c10f3e64b979c2eaccb') in 0.0025745 seconds
Start importing Packages/com.unity.shadergraph/ShaderGraphLibrary/Nature/SpeedTree8Wind.hlsl using Guid(8b4aa8c48881d4142b1c30e408b503d8) (ShaderIncludeImporter) -> (artifact id: 'b6af647fc11f1a0d184d72822288c6cf') in 0.0023228 seconds
Start importing Packages/com.unity.shadergraph/Editor/Generation/Targets/BuiltIn/ShaderLibrary/ShaderVariablesFunctions.hlsl using Guid(9b185d0244daaf94894ec0689c057a42) (ShaderIncludeImporter) -> (artifact id: 'eb71e81c066192cc09d26b5191ca254c') in 0.0019142 seconds
Start importing Packages/com.unity.render-pipelines.universal/Editor/ShaderGraph/Includes/LightingMetaPass.hlsl using Guid(9b897418a23a04642a054cf9daa3bf54) (ShaderIncludeImporter) -> (artifact id: '8f03aeb8e1ee3ac20be4b3ec5fb5ea76') in 0.0019103 seconds
Start importing Packages/com.unity.ugui/Editor Resources/Shaders/TMP_SDF_SSD.cginc using Guid(abe6991365a27d341a10580f3b7c0f44) (ShaderIncludeImporter) -> (artifact id: '6210c9b75bcff879a66d3acd3c6dd96f') in 0.0024506 seconds
Start importing Packages/com.unity.shadergraph/ShaderGraphLibrary/Nature/SpeedTree9Wind.hlsl using Guid(dbd0aaccbcc575f468323e8991e68e98) (ShaderIncludeImporter) -> (artifact id: '2d751aec6b0ead0b483cd048f59b2991') in 0.0022969 seconds
Start importing Packages/com.unity.render-pipelines.universal/ShaderLibrary/UnityGBuffer.hlsl using Guid(db51e39af1b3c01449a3e6b1ce782a48) (ShaderIncludeImporter) -> (artifact id: '575d99d57ac581de952fd61b5c3378a9') in 0.0018149 seconds
Start importing Packages/com.unity.render-pipelines.core/Runtime/Lighting/ProbeVolume/ProbeVolumeUploadDataCommon.hlsl using Guid(fb1453f13b855f444a8034b2db10ca61) (ShaderIncludeImporter) -> (artifact id: 'ef9bfe867865f568f9645c9290fa7ebb') in 0.0022957 seconds
Start importing Packages/com.unity.rendering.light-transport/Runtime/UnifiedRayTracing/Compute/RadeonRays/kernels/aabb.hlsl using Guid(fb66710642858974cac36e578244cf81) (ShaderIncludeImporter) -> (artifact id: '997277a15dc57da002fb5680235bfb3e') in 0.0022804 seconds
Start importing Packages/com.unity.render-pipelines.universal/Shaders/PostProcessing/SubpixelMorphologicalAntialiasingBridge.hlsl using Guid(0c5832a72145a5b49a1b64a21a609bb4) (ShaderIncludeImporter) -> (artifact id: 'a69cd26a5b71b0f5439ecd24543c3fe6') in 0.0029871 seconds
Start importing Packages/com.unity.render-pipelines.core/Runtime/Debug/ProbeVolumeDebugBase.hlsl using Guid(0c0fc89bf58dc6d4590d0db55a62679e) (ShaderIncludeImporter) -> (artifact id: 'ce01fada4b1bcf355640e5d1e25fd789') in 0.0025507 seconds
Start importing Packages/com.unity.render-pipelines.universal/ShaderLibrary/AmbientOcclusion.hlsl using Guid(1c0cb2353d9a4debbc61e650002843f4) (ShaderIncludeImporter) -> (artifact id: 'd413f326bb01aaa85da7121a5c9b63b7') in 0.0022574 seconds
Start importing Packages/com.unity.shadergraph/Editor/Generation/Targets/BuiltIn/ShaderLibrary/UnityInput.hlsl using Guid(1c7ec01faf22529498d9ebac04dfafd4) (ShaderIncludeImporter) -> (artifact id: '388a9a0a7636260d3e314311fd36744b') in 0.001746 seconds
Start importing Packages/com.unity.shadergraph/ShaderGraphLibrary/ShaderConfig.cs.hlsl using Guid(2c6472a689b6ae34e806881d3066cfb3) (ShaderIncludeImporter) -> (artifact id: '577cbf0a8465c76f07bb9fb420f351f4') in 0.0016776 seconds
Start importing Packages/com.unity.render-pipelines.universal/Editor/2D/ShaderGraph/Includes/SpriteLitPass.hlsl using Guid(3ce18356597793947bd0f671f7363559) (ShaderIncludeImporter) -> (artifact id: 'b9ffd31e6069070c3ec6233cc99d5051') in 0.0020615 seconds
Start importing Packages/com.unity.render-pipelines.universal/Editor/ShaderGraph/Includes/PBR2DPass.hlsl using Guid(3cb98c83fcab8434296397682201b369) (ShaderIncludeImporter) -> (artifact id: 'cb02bdb0d5cbad1bb00a99f44e84a55e') in 0.0021509 seconds
Start importing Packages/com.unity.ugui/Editor Resources/Shaders/TMP_Properties.cginc using Guid(3c6c403084eacec478a1129ce20061ea) (ShaderIncludeImporter) -> (artifact id: '0b6510a7584c4ccb00079dbc08b3b282') in 0.0022674 seconds
Start importing Packages/com.unity.render-pipelines.universal/ShaderLibrary/Clustering.hlsl using Guid(5c52f3d26791c415b9e887442bfc817c) (ShaderIncludeImporter) -> (artifact id: '738e331ebe7cda0f4b48bae25842de52') in 0.0022343 seconds
Start importing Packages/com.unity.render-pipelines.universal/ShaderLibrary/Shadows.hlsl using Guid(5cb845b7decdb4db6a7fcc676b127b6d) (ShaderIncludeImporter) -> (artifact id: 'a0ab98faebb922b21023056f269cde0a') in 0.0017816 seconds
Start importing Packages/com.unity.render-pipelines.universal/Shaders/2D/Include/ShapeLightVariables.hlsl using Guid(5ce9e51bf709e4e459da190b3cf4d110) (ShaderIncludeImporter) -> (artifact id: '6dd9c256ae99206a0b9dacd60f79b87d') in 0.0021817 seconds
Start importing Packages/com.unity.render-pipelines.core/Runtime/GPUDriven/OccluderDepthPyramidConstants.cs.hlsl using Guid(5cbc804d3cb252947a62ba74b9e72d08) (ShaderIncludeImporter) -> (artifact id: '0f0b371ae39df8b047fe7a9342120111') in 0.0021643 seconds
Start importing Packages/com.unity.render-pipelines.universal/ShaderLibrary/MetaInput.hlsl using Guid(6c9c9877e9a3dff4fbc73fd447c653d8) (ShaderIncludeImporter) -> (artifact id: 'd0706f5645459d4323d1b509cac6dc2b') in 0.0017449 seconds
Start importing Packages/com.unity.shadergraph/Editor/Generation/Targets/BuiltIn/ShaderLibrary/Shim/HLSLSupportShim.hlsl using Guid(7c33a2e733f9c2a4185a4a03d7ed39ca) (ShaderIncludeImporter) -> (artifact id: '6ea70db1bd414f741e4d8c6c03462cff') in 0.0025627 seconds
Start importing Packages/com.unity.shadergraph/Editor/Generation/Targets/BuiltIn/Editor/ShaderGraph/Includes/SpriteUnlitPass.hlsl using Guid(7c499715fdb4d7c479dcd3fd13abe0d0) (ShaderIncludeImporter) -> (artifact id: '829b213e2193ce55dabfdce6a2381473') in 0.001953 seconds
Start importing Packages/com.unity.render-pipelines.core/ShaderLibrary/API/D3D11.hlsl using Guid(9c7140d7b956a4547bb71f8ed0dd9049) (ShaderIncludeImporter) -> (artifact id: '4a1d4001e329db98d9cad022f0101c36') in 0.0022379 seconds
Start importing Packages/com.unity.render-pipelines.universal/Runtime/VFXGraph/Shaders/VFXLitPixelOutput.hlsl using Guid(ac160f8e04d8868418f09da1757e85ac) (ShaderIncludeImporter) -> (artifact id: '9de943eaa514176e29615f967077d4eb') in 0.0021637 seconds
Start importing Packages/com.unity.render-pipelines.universal/ShaderLibrary/RenderingLayers.hlsl using Guid(bcd650cf6823f4f7fb62fe0eccae07b0) (ShaderIncludeImporter) -> (artifact id: 'da114a899ba25ac3d7abb32701aa9097') in 0.002212 seconds
Start importing Packages/com.unity.render-pipelines.universal/Shaders/Particles/ParticlesLitGbufferPass.hlsl using Guid(cc421706a0b598946982fee0c0d4bf51) (ShaderIncludeImporter) -> (artifact id: '1f4f4bbed34a83599a62e5e502851c52') in 0.0025854 seconds
Start importing Packages/com.unity.render-pipelines.core/ShaderLibrary/Threading.hlsl using Guid(cc0d8451b1d348689c76bbac2a797aaa) (ShaderIncludeImporter) -> (artifact id: '0270cd6e8bd8f835918ad038896e3b9f') in 0.0021798 seconds
Start importing Packages/com.unity.render-pipelines.universal/Shaders/LitMetaPass.hlsl using Guid(dcf4e762d48204e33b575f8007e3d563) (ShaderIncludeImporter) -> (artifact id: '926298f223db4279249a6603084fdbbb') in 0.0027364 seconds
Start importing Packages/com.unity.render-pipelines.core/Runtime/Lighting/ProbeVolume/ShaderVariablesProbeVolumes.cs.hlsl using Guid(dcbd446e83bc87d40b82dd90f8814c3c) (ShaderIncludeImporter) -> (artifact id: 'c9f52fcb492cc37f5c3b11f0f14a99ba') in 0.0026292 seconds
Start importing Packages/com.unity.shadergraph/ShaderGraphLibrary/ShaderVariablesMatrixDefsLegacyUnity.hlsl using Guid(0d85288be460c884bba7ec9ef5c6684d) (ShaderIncludeImporter) -> (artifact id: 'e606f14d3149e7eb8d4fc5bc52b2e67a') in 0.0022448 seconds
Start importing Packages/com.unity.shadergraph/ShaderGraphLibrary/PreviewPass.hlsl using Guid(0db5a27336918594d860a43da98f2b47) (ShaderIncludeImporter) -> (artifact id: '666813f87a1313739dd449b22fd488bd') in 0.0051152 seconds
Start importing Packages/com.unity.shadergraph/Editor/Generation/Targets/Fullscreen/Includes/CustomRenderTexture.hlsl using Guid(0de8792ff52727f44925b54be00b9f18) (ShaderIncludeImporter) -> (artifact id: 'c9becd7229e9d580bf422b49b0951d1f') in 0.0026797 seconds
Start importing Packages/com.unity.render-pipelines.universal/Shaders/Particles/ParticlesUnlitInput.hlsl using Guid(0ddf9719bc9ff43e1a017712e21bb5e6) (ShaderIncludeImporter) -> (artifact id: 'fd9bbe7623fc1ebd0d0bdbd9aa62420a') in 0.0023949 seconds
Start importing Packages/com.unity.render-pipelines.universal/Shaders/PostProcessing/TemporalAA.hlsl using Guid(2d9f6a569c0b340a388b3e7c0428548c) (ShaderIncludeImporter) -> (artifact id: 'ab6a049028f695d48487f12e4e22be70') in 0.0024577 seconds
Start importing Packages/com.unity.render-pipelines.universal/Editor/ShaderGraph/Includes/SelectionPickingPass.hlsl using Guid(3d28e6c5572c3d8479d70ecfdc954692) (ShaderIncludeImporter) -> (artifact id: '53aa0441910de1c459775cfa6e9c149b') in 0.002539 seconds
Start importing Packages/com.unity.render-pipelines.universal/ShaderLibrary/ObjectMotionVectors.hlsl using Guid(6d239a0044031854a817ab72a66ce766) (ShaderIncludeImporter) -> (artifact id: 'a155a70d5720c04d832ee96ed99ec4d7') in 0.0023205 seconds
Start importing Packages/com.unity.render-pipelines.universal/ShaderLibrary/DeclareRenderingLayerTexture.hlsl using Guid(6db8433897838284fa5c7571f3088db8) (ShaderIncludeImporter) -> (artifact id: 'c5be961671fda70f31153296ae16106d') in 0.0021913 seconds
Start importing Packages/com.unity.rendering.light-transport/Runtime/UnifiedRayTracing/Common.hlsl using Guid(6dd8f4aba68004c88877200e0d8e7ec4) (ShaderIncludeImporter) -> (artifact id: 'fec6cd43d89771e269e6a083e635d592') in 0.0019514 seconds
Start importing Packages/com.unity.render-pipelines.universal/ShaderLibrary/UnityTypes.hlsl using Guid(8d0dd75f99f9243d584a08489c8498b8) (ShaderIncludeImporter) -> (artifact id: '2111fc9206623c13384da65877920bf0') in 0.0023276 seconds
Start importing Packages/com.unity.rendering.light-transport/Runtime/Sampling/Hashes.hlsl using Guid(9d187787267285249aa69304b4588bc4) (ShaderIncludeImporter) -> (artifact id: '8cf12599452d07375c76f17882eccc20') in 0.0018775 seconds
Start importing Packages/com.unity.render-pipelines.core/ShaderLibrary/Packing.hlsl using Guid(ad629edbad34c1c45afea3021c1553c8) (ShaderIncludeImporter) -> (artifact id: 'efa64f413761ec8e9a120f9f31c1ba59') in 0.0020812 seconds
Start importing Packages/com.unity.render-pipelines.universal/Shaders/Terrain/TerrainLitPasses.hlsl using Guid(ad25529ea2516421ab5f1a2440bee139) (ShaderIncludeImporter) -> (artifact id: '323f7dce1025dc4a97e2ac08344dda6c') in 0.0024243 seconds
Start importing Packages/com.unity.render-pipelines.universal/Shaders/SimpleLitInput.hlsl using Guid(ad863d097888f42c6bcf419efb2946c5) (ShaderIncludeImporter) -> (artifact id: '3d78ddef99e6d66556ef478252cedb7e') in 0.0027924 seconds
Start importing Packages/com.unity.render-pipelines.core/Runtime/Utilities/BlitColorAndDepth.hlsl using Guid(cdea49463de0449b48cacd6a3925dcf7) (ShaderIncludeImporter) -> (artifact id: 'a6fbd1d6afcbed130eeb6e72605e5f3c') in 0.0035553 seconds
Start importing Packages/com.unity.shadergraph/Editor/Generation/Targets/BuiltIn/Editor/ShaderGraph/Includes/DepthOnlyPass.hlsl using Guid(cd9e404a0c5b4bb4787c63d916f217a2) (ShaderIncludeImporter) -> (artifact id: '139727572911e86f9d9f9523ffea850e') in 0.0032201 seconds
Start importing Packages/com.unity.render-pipelines.universal/Editor/ShaderGraph/Templates/SharedCode.template.hlsl using Guid(ed33028ae86f863468162a7c6b0ae962) (ShaderIncludeImporter) -> (artifact id: '10c50436e2c1ed43d5b6b0404d6a6205') in 0.0022128 seconds
Start importing Packages/com.unity.rendering.light-transport/Runtime/UnifiedRayTracing/Compute/RadeonRays/kernels/math.hlsl using Guid(ed6467937cd80e546b619d28b398f738) (ShaderIncludeImporter) -> (artifact id: '469db57919b4052587abbc21d6e1ceb8') in 0.0023851 seconds
Start importing Packages/com.unity.render-pipelines.core/Runtime/STP/Stp.hlsl using Guid(edf9bcadab79ea842850b55b8d3a60d4) (ShaderIncludeImporter) -> (artifact id: '9e8a361e81764add024bcfbb6f608386') in 0.0023507 seconds
Start importing Packages/com.unity.render-pipelines.universal/Shaders/XR/XRMirrorView.hlsl using Guid(0eac51a8dfc8fa341a5f8c6450bc0f84) (ShaderIncludeImporter) -> (artifact id: '64a05444781017beb0e464101d0cc97a') in 0.0026389 seconds
Start importing Packages/com.unity.render-pipelines.core/ShaderLibrary/Tessellation.hlsl using Guid(1ea56bc9911bbad4191075872a46cc89) (ShaderIncludeImporter) -> (artifact id: '463e34bdd171d46e93039ee18377df9d') in 0.0031769 seconds
Start importing Packages/com.unity.render-pipelines.core/Runtime/GPUDriven/OcclusionCullingCommon.cs.hlsl using Guid(1ed97a1fe4775544caa75b92f1d8e9ae) (ShaderIncludeImporter) -> (artifact id: '5fc5d4dee754c25d7975ff1126a0a676') in 0.0027426 seconds
Start importing Packages/com.unity.shadergraph/Editor/Generation/Targets/BuiltIn/Editor/ShaderGraph/Includes/PBRGBufferPass.hlsl using Guid(3ed09dfc4bb69694ca13ae03dbab44df) (ShaderIncludeImporter) -> (artifact id: '10e3c6010f277b6971a235b4c75db5f4') in 0.0018769 seconds
Start importing Packages/com.unity.render-pipelines.universal/ShaderLibrary/DecalInput.hlsl using Guid(3e4be2c2c37a850478a159473b68a63f) (ShaderIncludeImporter) -> (artifact id: '591e4ae08f291fc6e567152c688dc867') in 0.002412 seconds
Start importing Packages/com.unity.render-pipelines.universal/ShaderLibrary/Debug/Debugging2D.hlsl using Guid(4ee4501622ea4008903e313980a6b1b2) (ShaderIncludeImporter) -> (artifact id: 'ea5f0679e28aeea6552970dd260a03fc') in 0.0025338 seconds
Start importing Packages/com.unity.render-pipelines.universal/ShaderLibrary/RealtimeLights.hlsl using Guid(4e8e2a4c57cb4eb6bf8653ab88069a9c) (ShaderIncludeImporter) -> (artifact id: '0fbd0481f3a3473c071284f46199b3e0') in 0.0029258 seconds
Start importing Packages/com.unity.shadergraph/Editor/Generation/Targets/BuiltIn/Editor/ShaderGraph/Includes/LegacyBuilding.hlsl using Guid(5ef47fafdf6082a4ca29b49f85810af3) (ShaderIncludeImporter) -> (artifact id: 'dd2fb6d762f121363759d2cc144ca8e5') in 0.0024978 seconds
Start importing Packages/com.unity.render-pipelines.core/ShaderLibrary/BSDF.hlsl using Guid(5eb5e8e99ae281342bae5c7b296b3ae3) (ShaderIncludeImporter) -> (artifact id: 'd0a993432954c4f152f2cf2d1981cc06') in 0.0032077 seconds
Start importing Packages/com.unity.rendering.light-transport/Runtime/UnifiedRayTracing/Compute/RadeonRays/kernels/intersect_structures.hlsl using Guid(7e674948dec058a4cb862db7aaf5b7ca) (ShaderIncludeImporter) -> (artifact id: '40f78607a9fc4aa5af2fbfe47a4af3d6') in 0.0022033 seconds
Start importing Packages/com.unity.shadergraph/Editor/Generation/Targets/BuiltIn/ShaderLibrary/DeclareNormalsTexture.hlsl using Guid(8e70e91938193854da65cb4c9d09b99b) (ShaderIncludeImporter) -> (artifact id: '388c93dae625480b0d20de2903579d09') in 0.0017439 seconds
Start importing Packages/com.unity.render-pipelines.core/Runtime/PostProcessing/LensFlareDataSRP.cs.hlsl using Guid(9ee7f7178a92d554fa636bc513594ded) (ShaderIncludeImporter) -> (artifact id: '358bd8e35b085dc5f1e025bf22d073ee') in 0.0024239 seconds
Start importing Packages/com.unity.render-pipelines.universal/Editor/ShaderGraph/Includes/DepthNormalsOnlyPass.hlsl using Guid(9ebb19659794b47c59986fcc45692a0d) (ShaderIncludeImporter) -> (artifact id: '4d0b0a75cd24eab3808b4bf783d54d4a') in 0.0031819 seconds
Start importing Packages/com.unity.render-pipelines.core/ShaderLibrary/ImageBasedLighting.hlsl using Guid(ae4dc0bfd9fc0b544a109513ba841d30) (ShaderIncludeImporter) -> (artifact id: '6df672330eb8f09ac306e6cfb9450ee0') in 0.0025611 seconds
Start importing Packages/com.unity.render-pipelines.universal/Shaders/UnlitDepthNormalsPass.hlsl using Guid(ce8b43269e26f4263ac0da53665264b9) (ShaderIncludeImporter) -> (artifact id: '3635ebb6aeb41d6fdcfa0bda0ace1808') in 0.0026478 seconds
Start importing Packages/com.unity.render-pipelines.core/Runtime/PostProcessing/Shaders/FSRCommon.hlsl using Guid(ee30e890854422d4c85fb895d34e2a53) (ShaderIncludeImporter) -> (artifact id: 'aac571db7b2a8209a230c9a815ac1d71') in 0.0023898 seconds
Start importing Packages/com.unity.render-pipelines.universal/Shaders/SimpleLitForwardPass.hlsl using Guid(ee447e65526c7db45a978c16b28827a9) (ShaderIncludeImporter) -> (artifact id: '1714bdddeff98705a2b8032f1bc5ff41') in 0.0025661 seconds
Start importing Packages/com.unity.render-pipelines.core/ShaderLibrary/GeometricTools.hlsl using Guid(eebfba22df48acf4b978d98000cb10e6) (ShaderIncludeImporter) -> (artifact id: '123fa68d11c09a96704461d4ad995721') in 0.0028144 seconds
Start importing Packages/com.unity.render-pipelines.universal/Shaders/PostProcessing/SubpixelMorphologicalAntialiasing.hlsl using Guid(3f1f7ec9e0c852a48826fe085f257d80) (ShaderIncludeImporter) -> (artifact id: '700adc6bb5e12552bccddb66d91c9cd8') in 0.0036774 seconds
Start importing Packages/com.unity.render-pipelines.universal/Shaders/SimpleLitGBufferPass.hlsl using Guid(5f8cea4f4fce7414ab78bcbf51dca71c) (ShaderIncludeImporter) -> (artifact id: '71e4dcb015bb0eafefad7241d40ccc90') in 0.0022367 seconds
Start importing Packages/com.unity.render-pipelines.core/ShaderLibrary/VirtualTexturing.hlsl using Guid(6f22d4e29906d3c47892e0c92874b752) (ShaderIncludeImporter) -> (artifact id: 'bbdf0f499a8902c7e3722fc3d6e916f3') in 0.002523 seconds
Start importing Packages/com.unity.render-pipelines.core/ShaderLibrary/Shadow/ShadowSamplingTent.hlsl using Guid(6ff912bb23fcd5b468dd2e5c37addac3) (ShaderIncludeImporter) -> (artifact id: '1a345f51e3c4803e4ae99880a02a5c18') in 0.0024377 seconds
Start importing Packages/com.unity.shadergraph/Editor/Generation/Targets/BuiltIn/Editor/ShaderGraph/Includes/PBRForwardPass.hlsl using Guid(6fca0a7fb5d1b8648a17c83915199f6e) (ShaderIncludeImporter) -> (artifact id: '90f450d0ff14f21e8349a6e9889eefa8') in 0.0022885 seconds
Start importing Packages/com.unity.shadergraph/Editor/Generation/Targets/CustomRenderTexture/CustomTexture.hlsl using Guid(8f43a880cf1819049aa196a7696ee562) (ShaderIncludeImporter) -> (artifact id: 'f5c19f283b7af0abed5f345a89662200') in 0.0025809 seconds
Start importing Packages/com.unity.shadergraph/Editor/Generation/Targets/BuiltIn/ShaderLibrary/DeclareOpaqueTexture.hlsl using Guid(8f04f9a51bb7cae408ba6b74194f84f7) (ShaderIncludeImporter) -> (artifact id: '27505b85b0b8124cc6b83db3e31cc56d') in 0.0027834 seconds
Start importing Packages/com.unity.render-pipelines.universal/Editor/ShaderGraph/Includes/DepthOnlyPass.hlsl using Guid(8f266648f26372548b2ae696d6db739e) (ShaderIncludeImporter) -> (artifact id: 'e8375760a8ee57584da7255018ca55e2') in 0.0016995 seconds
Start importing Packages/com.unity.render-pipelines.core/ShaderLibrary/Coverage.hlsl using Guid(9fede799a67b40b2a294892639a80b13) (ShaderIncludeImporter) -> (artifact id: 'b6011bf3dd5c5249b584dbeed1717413') in 0.0026561 seconds
Start importing Packages/com.unity.render-pipelines.core/Runtime/PostProcessing/Shaders/LensFlareScreenSpaceCommon.hlsl using Guid(afe55daff42455e4eb6a40e34678a418) (ShaderIncludeImporter) -> (artifact id: '9e328715ce2de1213ec2d37d3180a877') in 0.0025382 seconds
Start importing Packages/com.unity.shadergraph/Editor/Generation/Targets/BuiltIn/ShaderLibrary/ShaderVariablesFunctions.deprecated.hlsl using Guid(bfc4f24aa6eda10499234c714f82c6f2) (ShaderIncludeImporter) -> (artifact id: '6ae50d92a9fe223db2348f293f0ebfc9') in 0.0025101 seconds
Start importing Packages/com.unity.render-pipelines.universal/Shaders/Utils/Deferred.hlsl using Guid(cfc329b92a1d36c48ae176d31d46cbf5) (ShaderIncludeImporter) -> (artifact id: 'cc35ba01f69a6e38d0e93f9db60793c1') in 0.0029014 seconds
Start importing Packages/com.unity.render-pipelines.universal/ShaderLibrary/LODCrossFade.hlsl using Guid(ef46fb1e00bf67142ae3548411a562b6) (ShaderIncludeImporter) -> (artifact id: 'fc9a846299a81682cdd28d30b120c622') in 0.0027932 seconds
Start importing Packages/com.unity.render-pipelines.universal/ShaderLibrary/DeclareDepthTexture.hlsl using Guid(ff20ba0133cd2904ebf470aedb16e9a2) (ShaderIncludeImporter) -> (artifact id: 'b8c9d85732820ce1ed4df0cb85658a7c') in 0.002602 seconds
Start importing Packages/com.unity.render-pipelines.universal/Shaders/SimpleLitMetaPass.hlsl using Guid(ffc632d1e38ef4682807a89afb2b966f) (ShaderIncludeImporter) -> (artifact id: '6a39cff5ca8a5321a087cb9a0121f7bb') in 0.0030263 seconds
Start importing Packages/com.unity.shadergraph/Editor/Resources/Shaders/BlitNoAlpha.shader using Guid(50b406436c6214c49aaaa6011b71dde8) (ShaderImporter)Launched and connected shader compiler UnityShaderCompiler.exe after 0.01 seconds
 -> (artifact id: 'a84e4b1806630e5107d38e9d7a9a7361') in 0.0378489 seconds
Start importing Packages/com.unity.render-pipelines.universal/Shaders/SpatialMappingOcclusion.shader using Guid(60e10855641b4d84da68ec72e6f6eeb8) (ShaderImporter) -> (artifact id: '38e06bc81dacf3e7fdc1a2484b5625ec') in 0.0188655 seconds
Start importing Packages/com.unity.render-pipelines.universal/Shaders/PostProcessing/LensFlareScreenSpace.shader using Guid(701880fecb344ea4c9cd0db3407ab287) (ShaderImporter) -> (artifact id: '5256b5152b6117d65dfb48f932e97c39') in 0.0285725 seconds
Start importing Packages/com.unity.render-pipelines.universal/Runtime/Decal/DBuffer/DBufferClear.shader using Guid(f056d8bd2a1c7e44e9729144b4c70395) (ShaderImporter) -> (artifact id: 'c98050cd5bee4e5d0612beb041a95c4d') in 0.0139471 seconds
Start importing Packages/com.unity.render-pipelines.universal/Shaders/PostProcessing/StopNaN.shader using Guid(1121bb4e615ca3c48b214e79e841e823) (ShaderImporter) -> (artifact id: '5a20476a0ea9093362f36b0148755c6d') in 0.0100078 seconds
Start importing Packages/com.unity.render-pipelines.universal/Shaders/Terrain/TerrainLitBase.shader using Guid(21322c8b137c66e49b86085d3c8161f6) (ShaderImporter)WARNING: Shader Unsupported: 'Hidden/Universal Render Pipeline/Terrain/Lit (Base Pass)' - All subshaders removed
WARNING: Shader Did you use #pragma only_renderers and omit this platform?
WARNING: Shader If subshaders removal was intentional, you may have forgotten turning Fallback off?
WARNING: Shader Unsupported: 'Hidden/Universal Render Pipeline/Terrain/Lit (Base Pass)' - All subshaders removed
WARNING: Shader Did you use #pragma only_renderers and omit this platform?
WARNING: Shader If subshaders removal was intentional, you may have forgotten turning Fallback off?
WARNING: Shader Unsupported: 'Hidden/Universal Render Pipeline/Terrain/Lit (Base Pass)' - All subshaders removed
WARNING: Shader Did you use #pragma only_renderers and omit this platform?
WARNING: Shader If subshaders removal was intentional, you may have forgotten turning Fallback off?
WARNING: Shader Unsupported: 'Hidden/Universal Render Pipeline/Terrain/Lit (Base Pass)' - All subshaders removed
WARNING: Shader Did you use #pragma only_renderers and omit this platform?
WARNING: Shader If subshaders removal was intentional, you may have forgotten turning Fallback off?
 -> (artifact id: '495fb07871ee785eb9c96678063d3507') in 0.0520924 seconds
Start importing Packages/com.unity.render-pipelines.core/Tests/Editor/ShaderStripping/DummyPipelineShader.shader using Guid(61e53729ad706d049b12a441f328fe34) (ShaderImporter) -> (artifact id: '3f83d094b998521fda467b5cf5b8cc1a') in 0.0051194 seconds
Start importing Packages/com.unity.render-pipelines.core/Runtime/Lighting/ProbeVolume/ProbeVolumeUploadDataL2.compute using Guid(6196f34ed825db14b81fb3eb0ea8d931) (ComputeShaderImporter) -> (artifact id: 'a4bea25f68aa2d877a8bb4ef4871aed3') in 0.0083243 seconds
Start importing Packages/com.unity.render-pipelines.core/Editor/LookDev/CubeToLatlong.shader using Guid(a16365e8c873daa4c94919438490b905) (ShaderImporter) -> (artifact id: 'fc78764ebdd9c00383ce7fdf5dc5d2f1') in 0.0055405 seconds
Start importing Packages/com.unity.render-pipelines.universal/Tests/Editor/PostProcessDataTests/1.shader using Guid(a176945d0e562084691bce8e11084c6a) (ShaderImporter) -> (artifact id: '8b9bd80df762b846dab81ae3a9b932e6') in 0.2339496 seconds
Start importing Packages/com.unity.render-pipelines.universal/Shaders/PostProcessing/PaniniProjection.shader using Guid(a15b78cf8ca26ca4fb2090293153c62c) (ShaderImporter) -> (artifact id: '8fb57091474142a05ec37a4f13647de1') in 0.0100178 seconds
Start importing Packages/com.unity.render-pipelines.universal/Shaders/Utils/Blit.shader using Guid(c17132b1f77d20942aa75f8429c0f8bc) (ShaderImporter) -> (artifact id: '96b6be3a40cae8363c3f311ffd52b208') in 0.0118125 seconds
Start importing Packages/com.unity.render-pipelines.universal/Shaders/Utils/CoreBlitColorAndDepth.shader using Guid(d104b2fc1ca6445babb8e90b0758136b) (ShaderImporter) -> (artifact id: '30759e6a216abec44aaa84ce47c0c590') in 0.0111804 seconds
Start importing Packages/com.unity.render-pipelines.core/Shaders/CoreCopy.shader using Guid(12dc59547ea167a4ab435097dd0f9add) (ShaderImporter) -> (artifact id: 'e7a98efbb4c3b880653eec6f51d6a36f') in 0.0077897 seconds
Start importing Packages/com.unity.render-pipelines.core/Tests/Editor/SimpleDots.shader using Guid(120ea264a7bdc294f86074ea0303c88f) (ShaderImporter) -> (artifact id: 'e5d44b8debced09af83f0d655dbd5e85') in 0.0057394 seconds
Start importing Packages/com.unity.render-pipelines.core/Runtime/RenderPipelineResources/GPUDriven/OcclusionCullingDebug.compute using Guid(b23e766bcf50ca4438ef186b174557df) (ComputeShaderImporter) -> (artifact id: '7071af4804ee51d4e4f09425878daf4f') in 0.0073517 seconds
Start importing Packages/com.unity.render-pipelines.universal/Shaders/2D/Sprite-Lit-Default.shader using Guid(e260cfa7296ee7642b167f1eb5be5023) (ShaderImporter) -> (artifact id: '1e5da72a6b6d586979d6be73e7660a66') in 0.0204002 seconds
Start importing Packages/com.unity.rendering.light-transport/Runtime/UnifiedRayTracing/Compute/RadeonRays/kernels/bit_histogram.compute using Guid(f2122e5e16c5caa42ba34450bc5ab14b) (ComputeShaderImporter) -> (artifact id: '437a8492b3a797f3d2dfef946347ca24') in 0.0037427 seconds
Start importing Packages/com.unity.rendering.light-transport/Runtime/UnifiedRayTracing/Common/Utilities/CopyBuffer.compute using Guid(033e2ad50853a92498e5ca004bf0a68c) (ComputeShaderImporter) -> (artifact id: 'd8996d6c467ca970c74b71caf37c7b25') in 0.0031966 seconds
Start importing Packages/com.unity.render-pipelines.universal/Shaders/2D/Sprite-Unlit-Default.shader using Guid(13c02b14c4d048fa9653293d54f6e0e1) (ShaderImporter) -> (artifact id: 'a01d7d6e61b28dd3f69d4a90e544b31a') in 0.0115589 seconds
Start importing Packages/com.unity.render-pipelines.core/Runtime/STP/StpSetup.compute using Guid(33be2e9a5506b2843bdb2bdff9cad5e1) (ComputeShaderImporter) -> (artifact id: '93bd4daa9a3a169c96bd1b2e7fdb1b49') in 0.0170266 seconds
Start importing Packages/com.unity.render-pipelines.core/Editor/LookDev/Compositor.shader using Guid(4386e57b23a56004c93e1d57d2bbcb4f) (ShaderImporter) -> (artifact id: 'eecb2c25f595d28b6c621a277e6679c6') in 0.0084949 seconds
Start importing Packages/com.unity.render-pipelines.universal/Shaders/Debug/ProbeVolumeSamplingDebugPositionNormal.compute using Guid(53626a513ea68ce47b59dc1299fe3959) (ComputeShaderImporter) -> (artifact id: 'ce3c95eb0210305d4411f7957017b405') in 0.0114573 seconds
Start importing Packages/com.unity.render-pipelines.core/Runtime/RenderPipelineResources/GPUDriven/InstanceDataBufferUploadKernels.compute using Guid(53864816eb00f2343b60e1a2c5a262ef) (ComputeShaderImporter) -> (artifact id: 'bd0578418926d74c81ce4e38544808c7') in 0.0036745 seconds
Start importing Packages/com.unity.render-pipelines.universal/Shaders/PostProcessing/SubpixelMorphologicalAntialiasing.shader using Guid(63eaba0ebfb82cc43bde059b4a8c65f6) (ShaderImporter) -> (artifact id: '82b2c1bed3d1e085013617716be9f58d') in 0.0200083 seconds
Start importing Packages/com.unity.render-pipelines.universal/Shaders/Utils/CoreBlit.shader using Guid(93446b5c5339d4f00b85c159e1159b7c) (ShaderImporter) -> (artifact id: '9359623b26cec4048ae31fbbff7c65d1') in 0.0491581 seconds
Start importing Packages/com.unity.render-pipelines.universal/Shaders/Lit.shader using Guid(933532a4fcc9baf4fa0491de14d08ed7) (ShaderImporter) -> (artifact id: '8c82f028dd3a7a53679192ab6b66398f') in 0.047506 seconds
Start importing Packages/com.unity.render-pipelines.core/Runtime/Lighting/ProbeVolume/ProbeVolumeBlendStates.compute using Guid(a3f7b8c99de28a94684cb1daebeccf5d) (ComputeShaderImporter) -> (artifact id: 'c87a51a02e8a8b34343398d586cdb445') in 0.0075166 seconds
Start importing Packages/com.unity.render-pipelines.core/Runtime/RenderPipelineResources/GPUDriven/DebugOccluder.shader using Guid(b3c92426a88625841ab15ca6a7917248) (ShaderImporter) -> (artifact id: 'd1e58ef488cd548c8cdf00e6b610fb15') in 0.0052311 seconds
Start importing Packages/com.unity.render-pipelines.core/Runtime/RenderPipelineResources/GPUDriven/DebugOcclusionTest.shader using Guid(d3f0849180c2d0944bc71060693df100) (ShaderImporter) -> (artifact id: 'aa41599af35413538e19ebe0e7b13119') in 0.0077183 seconds
Start importing Packages/com.unity.render-pipelines.universal/Shaders/2D/Sprite-Mask.shader using Guid(e39bd598ce13f44ba8af997d3e42cd18) (ShaderImporter) -> (artifact id: 'd4117da0094b851016ca8eedef4b6286') in 0.0123931 seconds
Start importing Packages/com.unity.render-pipelines.universal/Shaders/Utils/Sampling.shader using Guid(04c410c9937594faa893a11dceb85f7e) (ShaderImporter) -> (artifact id: '8fa65fa8452d5bb00a5b2d69cc4e84a4') in 0.0094946 seconds
Start importing Packages/com.unity.render-pipelines.universal/Shaders/Particles/ParticlesUnlit.shader using Guid(0406db5a14f94604a8c57ccfbc9f3b46) (ShaderImporter) -> (artifact id: '10ae250c7608b6df1e6f0fe78f923564') in 0.0418362 seconds
Start importing Packages/com.unity.render-pipelines.universal/Shaders/XR/XROcclusionMesh.shader using Guid(4431b1f1f743fbf4eb310a967890cbea) (ShaderImporter) -> (artifact id: 'fdcbed878f2f8c0f9ed11a0180bbd81b') in 0.0091965 seconds
Start importing Packages/com.unity.render-pipelines.universal/Shaders/2D/Shadow2D-Shadow-Sprite.shader using Guid(44fc62292b65ab04eabcf310e799ccf6) (ShaderImporter) -> (artifact id: '995749f23c5cd8356b7ec3ab95113a63') in 0.0078855 seconds
Start importing Packages/com.unity.render-pipelines.universal/Shaders/BRGPicking.shader using Guid(74b1585886a85614aa34e2c8e303c77a) (ShaderImporter) -> (artifact id: 'f1234895aa7c8b5071d145355b37e71d') in 0.0115029 seconds
Start importing Packages/com.unity.rendering.light-transport/Runtime/UnifiedRayTracing/Hardware/HWRayTracingMaterial.shader using Guid(a4d8d31aecf938048b2f9876df2ecb15) (ShaderImporter) -> (artifact id: '94dd7f4d8ac4f5b01172a86f3ffd9743') in 0.0054458 seconds
Start importing Packages/com.unity.rendering.light-transport/Runtime/UnifiedRayTracing/Compute/RadeonRays/kernels/block_scan.compute using Guid(c453356d08264cd419c13dd2ae8d1147) (ComputeShaderImporter) -> (artifact id: 'efd60520fda2aed926aaffe2098f8ead') in 0.0035553 seconds
Start importing Packages/com.unity.render-pipelines.universal/Shaders/PostProcessing/FinalPost.shader using Guid(c49e63ed1bbcb334780a3bd19dfed403) (ShaderImporter) -> (artifact id: 'c2c73f3b60aae0ba8b551fa7858a9d73') in 0.0230923 seconds
Start importing Packages/com.unity.cinemachine/Editor/EditorResources/CMWaveform.shader using Guid(e4e5d566a8aa9914c906555a6857fcb9) (ShaderImporter) -> (artifact id: 'b4e75c9051ba405bf4b2d21523c65767') in 0.0040904 seconds
Start importing Packages/com.unity.rendering.light-transport/Runtime/UnifiedRayTracing/Common/GeometryPool/GeometryPoolKernels.compute using Guid(e477e231a2d044e6bc38544c4b746446) (ComputeShaderImporter) -> (artifact id: '863fdec66c27cd4ab962b79d926ffcf9') in 0.0035032 seconds
Start importing Packages/com.unity.render-pipelines.universal/Shaders/Unlit.shader using Guid(650dd9526735d5b46b79224bc6e94025) (ShaderImporter) -> (artifact id: '0ee06ac22cf28f97305c0b26d54dbe8c') in 0.0402569 seconds
Start importing Packages/com.unity.render-pipelines.universal/Shaders/PostProcessing/LutBuilderLdr.shader using Guid(65df88701913c224d95fc554db28381a) (ShaderImporter) -> (artifact id: '93846841a2539e812e8e7cf8e96d9155') in 0.0103123 seconds
Start importing Packages/com.unity.render-pipelines.universal/Shaders/Particles/ParticlesSimpleLit.shader using Guid(8516d7a69675844a7a0b7095af7c46af) (ShaderImporter) -> (artifact id: 'd5e26569c6695539dd4948647e2e6ded') in 0.0521664 seconds
Start importing Packages/com.unity.render-pipelines.universal/Editor/Overrides/Shaders/ShadowsMidtonesHighlightsCurves.shader using Guid(95e15a77195eb574ab82aaac18b1c796) (ShaderImporter) -> (artifact id: 'cafc3fcd84b33988a9a3e3c2384c0631') in 0.0058478 seconds
Start importing Packages/com.unity.render-pipelines.universal/Shaders/CameraMotionVectors.shader using Guid(c56b7e0d4c7cb484e959caeeedae9bbf) (ShaderImporter) -> (artifact id: 'c1514b560c77abb7cf62902ba117ce4a') in 0.0100547 seconds
Start importing Packages/com.unity.render-pipelines.universal/Shaders/XR/XRMirrorView.shader using Guid(d5a307c014552314b9f560906d708772) (ShaderImporter) -> (artifact id: 'e0c74606d0fa0ea043869e9e8efc5250') in 0.0100462 seconds
Start importing Packages/com.unity.render-pipelines.universal/Shaders/Terrain/WavingGrass.shader using Guid(e507fdfead5ca47e8b9a768b51c291a1) (ShaderImporter) -> (artifact id: 'b6969ca53d0420fd91cb784ca6a79384') in 0.0275753 seconds
Start importing Packages/com.unity.render-pipelines.core/Runtime/RenderPipelineResources/FallbackShader.shader using Guid(36e335017ad71d54fbb10842863188ae) (ShaderImporter) -> (artifact id: '82fd22f17c0bae562477606af432bc41') in 0.0048208 seconds
Start importing Packages/com.unity.render-pipelines.universal/Shaders/PostProcessing/EdgeAdaptiveSpatialUpsampling.shader using Guid(562b7ae4f629f144aa97780546fce7c6) (ShaderImporter) -> (artifact id: 'd74afe5fcde345be7395ea4668204f69') in 0.010329 seconds
Start importing Packages/com.unity.render-pipelines.core/Runtime/STP/StpPreTaa.compute using Guid(a679dba8ec4d9ce45884a270b0e22dda) (ComputeShaderImporter) -> (artifact id: 'a80b1a9814b6385fc6964ef64e2d3c0f') in 0.0111989 seconds
Start importing Packages/com.unity.render-pipelines.universal/Shaders/Utils/CopyDepth.shader using Guid(d6dae50ee9e1bfa4db75f19f99355220) (ShaderImporter) -> (artifact id: 'e5500f24de24a57f140b6f6175146177') in 0.0106595 seconds
Start importing Packages/com.unity.render-pipelines.universal/Shaders/Utils/FallbackError.shader using Guid(e6e9a19c3678ded42a3bc431ebef7dbd) (ShaderImporter) -> (artifact id: '8af2ba5d3a10bf50ef83062b8cc40eb7') in 0.0070914 seconds
Start importing Packages/com.unity.render-pipelines.core/Runtime/RenderPipelineResources/GPUDriven/InstanceOcclusionCullingKernels.compute using Guid(f6d223acabc2f974795a5a7864b50e6c) (ComputeShaderImporter) -> (artifact id: '519902294a0f7728568ce636d779f74c') in 0.0071018 seconds
Start importing Packages/com.unity.render-pipelines.universal/Shaders/Terrain/TerrainDetailLit.shader using Guid(f6783ab646d374f94b199774402a5144) (ShaderImporter) -> (artifact id: '11c6c1e7ad3ed992b26e4cf2d232e16d') in 0.031999 seconds
Start importing Packages/com.unity.rendering.light-transport/Runtime/UnifiedRayTracing/Compute/RadeonRays/kernels/restructure_bvh.compute using Guid(f68e907366e14894aa16f412af90f520) (ComputeShaderImporter) -> (artifact id: '6530d1e24dafb31e5586c69eb554066b') in 0.0137105 seconds
Start importing Packages/com.unity.render-pipelines.universal/Shaders/Debug/HDRDebugView.shader using Guid(573620ae32aec764abd4d728906d2587) (ShaderImporter) -> (artifact id: '63447a4eb6caa7a071ac2fdf8a498bc1') in 0.016607 seconds
Start importing Packages/com.unity.render-pipelines.core/Tests/Runtime/Threading/FunctionTestsGroup.compute using Guid(77f6c3e00d2daf84ba7b57e205d5dd64) (ComputeShaderImporter) -> (artifact id: '1e99991f37429a006c023e07a3931335') in 0.0097268 seconds
Start importing Packages/com.unity.render-pipelines.universal/Shaders/2D/Shadow2D-Unshadow-Geometry.shader using Guid(77774d9009bb81447b048c907d4c6273) (ShaderImporter) -> (artifact id: '7f1d2c52e2aae3a95b7467e46f23ab80') in 0.0119013 seconds
Start importing Packages/com.unity.render-pipelines.universal/Editor/Overrides/Shaders/TrackballEditor.shader using Guid(77cfa04f893eb8745b6a454a3d51b43c) (ShaderImporter) -> (artifact id: '26ad281fbdae28f3924c0c2c03276223') in 0.0074912 seconds
Start importing Packages/com.unity.render-pipelines.core/Editor/PostProcessing/LensFlareResource/LensFlareDataDriven.shader using Guid(a796fe586e0ddba4cae031b0ab585286) (ShaderImporter) -> (artifact id: '39ea8b9ed164286c6ef2b7a33c78dfb4') in 0.0110368 seconds
Start importing Packages/com.unity.render-pipelines.universal/Shaders/Particles/ParticlesLit.shader using Guid(b7839dad95683814aa64166edc107ae2) (ShaderImporter) -> (artifact id: 'd3a69063a9b2359740187c895547588f') in 0.0438738 seconds
Start importing Packages/com.unity.test-framework.performance/Editor/TestReportGraph/TestReportShader.shader using Guid(c7715b638c6f5c849a6ec12234ae264c) (ShaderImporter) -> (artifact id: '7ee9fc62ed0375da09a71746a70b1bd7') in 0.0077186 seconds
Start importing Packages/com.unity.render-pipelines.universal/Shaders/PostProcessing/UberPost.shader using Guid(e7857e9d0c934dc4f83f270f8447b006) (ShaderImporter) -> (artifact id: '8dcf34686c7d7fa4d1c3f0a538c4d735') in 0.0151991 seconds
Start importing Packages/com.unity.render-pipelines.core/Runtime/RenderPipelineResources/GPUDriven/OccluderDepthPyramidKernels.compute using Guid(08b2b5fb307b0d249860612774a987da) (ComputeShaderImporter) -> (artifact id: '80a4c6e6dd44f6b5cbaa2a5b048514d0') in 0.0073672 seconds
Start importing Packages/com.unity.render-pipelines.universal/Shaders/Utils/ScreenSpaceAmbientOcclusion.shader using Guid(0849e84e3d62649e8882e9d6f056a017) (ShaderImporter) -> (artifact id: '251a2ad4d765a5d67d0bad5b4451a94c') in 0.02925 seconds
Start importing Packages/com.unity.rendering.light-transport/Runtime/UnifiedRayTracing/Compute/RadeonRays/kernels/scatter.compute using Guid(28dba68663251c347b548c8ea7405650) (ComputeShaderImporter) -> (artifact id: 'b172418012da26e8f37a99bc587a0dea') in 0.0032386 seconds
Start importing Packages/com.unity.render-pipelines.universal/Shaders/Utils/BlitHDROverlay.shader using Guid(a89bee29cffa951418fc1e2da94d1959) (ShaderImporter) -> (artifact id: 'e0166a7e0842ca89bdb49a27bf78a6bd') in 0.0135502 seconds
Start importing Packages/com.unity.render-pipelines.core/Editor/Lighting/ProbeVolume/VoxelizeScene.shader using Guid(c8b6a681c7b4e2e4785ffab093907f9e) (ShaderImporter)Shader Hidden/ProbeVolume/VoxelizeScene is not supported: GPU does not support conservative rasterization
Shader Hidden/ProbeVolume/VoxelizeScene is not supported: GPU does not support conservative rasterization
 -> (artifact id: 'd559260618d51e82fd733493f6bbfcc5') in 0.0147162 seconds
Start importing Packages/com.unity.render-pipelines.universal/Shaders/SpatialMappingWireframe.shader using Guid(e8b802ac01d87144b91f12f40c1f2659) (ShaderImporter) -> (artifact id: '91328b3ed1251f0ec5952787ebd13e29') in 0.0115916 seconds
Start importing Packages/com.unity.render-pipelines.universal/Shaders/PostProcessing/ScalingSetup.shader using Guid(e8ee25143a34b8c4388709ea947055d1) (ShaderImporter) -> (artifact id: 'f0c921ea45f6ad6c1e50b3a766c2bfcc') in 0.0208214 seconds
Start importing Packages/com.unity.render-pipelines.universal/Shaders/XR/XRMotionVector.shader using Guid(f89aac1e4f84468418fe30e611dff395) (ShaderImporter) -> (artifact id: '7e063db11e8a39aa1590511d31083764') in 0.009865 seconds
Start importing Packages/com.unity.render-pipelines.core/Runtime/Lighting/ProbeVolume/ProbeVolumeUploadData.compute using Guid(0951de5992461754fa73650732c4954c) (ComputeShaderImporter) -> (artifact id: 'd25e8830fe01412b737f12f2722a82eb') in 0.0095558 seconds
Start importing Packages/com.unity.render-pipelines.universal/Shaders/2D/Shadow2D-Shadow-Geometry.shader using Guid(19349a0f9a7ed4c48a27445bcf92e5e1) (ShaderImporter) -> (artifact id: '67e6efc4dc2bf6444f10969041cc7421') in 0.0100416 seconds
Start importing Packages/com.unity.render-pipelines.core/Editor/PostProcessing/LensFlareResource/LensFlareDataDrivenPreview.shader using Guid(19dfbb09098c9584a83c956fbd6c5d79) (ShaderImporter) -> (artifact id: 'd8e5917974f891dc6b44bd5b1e77d723') in 0.0081133 seconds
Start importing Packages/com.unity.render-pipelines.universal/Shaders/Terrain/WavingGrassBillboard.shader using Guid(29868e73b638e48ca99a19ea58c48d90) (ShaderImporter) -> (artifact id: '959034512853f35c6580754a3901b0f7') in 0.0323433 seconds
Start importing Packages/com.unity.render-pipelines.core/Runtime/STP/StpTaa.compute using Guid(3923900e2b41b5e47bc25bfdcbcdc9e6) (ComputeShaderImporter) -> (artifact id: 'e7c964e90e462b09c03360679ebb15ca') in 0.0117358 seconds
Start importing Packages/com.unity.rendering.light-transport/Runtime/UnifiedRayTracing/Compute/RadeonRays/kernels/build_hlbvh.compute using Guid(599a7ad58d01b8142b554e0a0625b451) (ComputeShaderImporter) -> (artifact id: 'b0fd99057987250af81f353729724494') in 0.0049945 seconds
Start importing Packages/com.unity.render-pipelines.universal/Shaders/Terrain/TerrainLit.shader using Guid(69c1f799e772cb6438f56c23efccb782) (ShaderImporter)Shader 'Universal Render Pipeline/Terrain/Lit': dependency 'AddPassShader' shader 'Hidden/Universal Render Pipeline/Terrain/Lit (Add Pass)' not found
Shader 'Universal Render Pipeline/Terrain/Lit': dependency 'BaseMapShader' shader 'Hidden/Universal Render Pipeline/Terrain/Lit (Base Pass)' not found
Shader 'Universal Render Pipeline/Terrain/Lit': dependency 'BaseMapGenShader' shader 'Hidden/Universal Render Pipeline/Terrain/Lit (Basemap Gen)' not found
WARNING: Shader Unsupported: 'Universal Render Pipeline/Terrain/Lit' - All subshaders removed
WARNING: Shader Did you use #pragma only_renderers and omit this platform?
WARNING: Shader If subshaders removal was intentional, you may have forgotten turning Fallback off?
WARNING: Shader Unsupported: 'Universal Render Pipeline/Terrain/Lit' - All subshaders removed
WARNING: Shader Did you use #pragma only_renderers and omit this platform?
WARNING: Shader If subshaders removal was intentional, you may have forgotten turning Fallback off?
Shader 'Universal Render Pipeline/Terrain/Lit': dependency 'AddPassShader' shader 'Hidden/Universal Render Pipeline/Terrain/Lit (Add Pass)' not found
Shader 'Universal Render Pipeline/Terrain/Lit': dependency 'BaseMapShader' shader 'Hidden/Universal Render Pipeline/Terrain/Lit (Base Pass)' not found
Shader 'Universal Render Pipeline/Terrain/Lit': dependency 'BaseMapGenShader' shader 'Hidden/Universal Render Pipeline/Terrain/Lit (Basemap Gen)' not found
WARNING: Shader Unsupported: 'Universal Render Pipeline/Terrain/Lit' - All subshaders removed
WARNING: Shader Did you use #pragma only_renderers and omit this platform?
WARNING: Shader If subshaders removal was intentional, you may have forgotten turning Fallback off?
WARNING: Shader Unsupported: 'Universal Render Pipeline/Terrain/Lit' - All subshaders removed
WARNING: Shader Did you use #pragma only_renderers and omit this platform?
WARNING: Shader If subshaders removal was intentional, you may have forgotten turning Fallback off?
 -> (artifact id: 'bc635a5ba77715ee9b2dc05593928a85') in 0.0461186 seconds
Start importing Packages/com.unity.render-pipelines.universal/Shaders/Nature/SpeedTree8.shader using Guid(99134b1f0c27d54469a840832a28fadf) (ShaderImporter) -> (artifact id: '33c2cf155b81daeaeae5f51b76659cae') in 0.0541237 seconds
Start importing Packages/com.unity.render-pipelines.universal/Shaders/Utils/StencilDeferred.shader using Guid(e9155b26e1bc55942a41e518703fe304) (ShaderImporter) -> (artifact id: '71c58c695a04c0d37bf5b2955643b29e') in 0.0431489 seconds
Start importing Packages/com.unity.render-pipelines.core/Runtime/RenderPipelineResources/GPUDriven/InstanceDataBufferCopyKernels.compute using Guid(f984aeb540ded8b4fbb8a2047ab5b2e2) (ComputeShaderImporter) -> (artifact id: '4c20135c4025863a88583fd6b31debc6') in 0.0029845 seconds
Start importing Packages/com.unity.render-pipelines.universal/Shaders/Terrain/TerrainLitAdd.shader using Guid(0a7e590f3cf1d4ee8a8fab5b6eff09ef) (ShaderImporter) -> (artifact id: '099959f5b76abc88baac29e4efd2f955') in 0.0222546 seconds
Start importing Packages/com.unity.render-pipelines.core/Runtime/RenderPipelineResources/GPUDriven/InstanceTransformUpdateKernels.compute using Guid(2a567b9b2733f8d47a700c3c85bed75b) (ComputeShaderImporter) -> (artifact id: 'b7edd98fb85e979fbdc61d54aebdf6fc') in 0.005734 seconds
Start importing Packages/com.unity.render-pipelines.universal/Shaders/PostProcessing/BokehDepthOfField.shader using Guid(2aed67ad60045d54ba3a00c91e2d2631) (ShaderImporter) -> (artifact id: 'e51d02cfa699a67f02e1221ee701fc5a') in 0.0301974 seconds
Start importing Packages/com.unity.render-pipelines.core/Runtime/Debug/ProbeVolumeFragmentationDebug.shader using Guid(3a80877c579b9144ebdcc6d923bca303) (ShaderImporter) -> (artifact id: '478b7b77ab9f4895d559cfa9968c2b36') in 0.0109075 seconds
Start importing Packages/com.unity.shadergraph/Editor/Resources/Shaders/FallbackError.shader using Guid(da07703fcc09f8d4799221050659bd55) (ShaderImporter) -> (artifact id: '1e3f64fffef03f67198348a5bbacdff1') in 0.0054702 seconds
Start importing Packages/com.unity.render-pipelines.core/Tests/Editor/SimpleSpeedTreeDots.shader using Guid(2b06b6233ca86cd4886e99d0e9d1124e) (ShaderImporter) -> (artifact id: '0ebf65925cfd226ef420f57cd6415b44') in 0.0052586 seconds
Start importing Packages/com.unity.render-pipelines.core/Runtime/Debug/ProbeVolumeDebug.shader using Guid(3b21275fd12d65f49babb5286f040f2d) (ShaderImporter) -> (artifact id: '40f674118f93879f80802de704b569b4') in 0.011534 seconds
Start importing Packages/com.unity.render-pipelines.core/Editor/Lighting/ProbeVolume/ProbeVolumeCellDilation.compute using Guid(6bb382f7de370af41b775f54182e491d) (ComputeShaderImporter) -> (artifact id: 'd34d86944d0d00f5dba7e901a305946c') in 0.0079456 seconds
Start importing Packages/com.unity.render-pipelines.universal/Shaders/ObjectMotionVectorFallback.shader using Guid(7b3ede40266cd49a395def176e1bc486) (ShaderImporter) -> (artifact id: '4571755f9da5fa538994b53328c3b88a') in 0.0128161 seconds
Start importing Packages/com.unity.render-pipelines.core/Tests/Editor/BufferCopyTest.compute using Guid(8ba6ac699baf35242857feaf27c9cc2a) (ComputeShaderImporter) -> (artifact id: '1ebf1ab669d69f8f4bb1621a94cb3bb0') in 0.0035841 seconds
Start importing Packages/com.unity.render-pipelines.core/Editor/Lighting/ProbeVolume/ProbeVolumeSubdivide.compute using Guid(bb86f1f0af829fd45b2ebddda1245c22) (ComputeShaderImporter) -> (artifact id: 'cd37ae1557fc7f2d3c53117ebd7e90cd') in 0.006698 seconds
Start importing Packages/com.unity.render-pipelines.core/Runtime/Debug/ProbeVolumeOffsetDebug.shader using Guid(db8bd7436dc2c5f4c92655307d198381) (ShaderImporter) -> (artifact id: 'f51842eef3780a9b6cbef6a12e4d5cd0') in 0.0076217 seconds
Start importing Packages/com.unity.rendering.light-transport/Runtime/UnifiedRayTracing/Compute/RadeonRays/kernels/CopyPositions.compute using Guid(fb6acdefef36af24eab075e3f9e99247) (ComputeShaderImporter) -> (artifact id: 'ca8f9dbe74a0b1ef0529d38254336d05') in 0.0037227 seconds
Start importing Packages/com.unity.render-pipelines.universal/Shaders/BakedLit.shader using Guid(0ca6dca7396eb48e5849247ffd444914) (ShaderImporter) -> (artifact id: '990759e4e1347e2c4c013fe40412dd0c') in 0.0365034 seconds
Start importing Packages/com.unity.shadergraph/Editor/Resources/Shaders/Checkerboard.shader using Guid(5caf62d8bd7c44596ace77ef9eb8ea31) (ShaderImporter) -> (artifact id: 'ef1c9d74d8bc8837bc2911d10337cbbb') in 0.0044878 seconds
Start importing Packages/com.unity.render-pipelines.universal/Shaders/PostProcessing/LensFlareDataDriven.shader using Guid(6cda457ac28612740adb23da5d39ea92) (ShaderImporter) -> (artifact id: '8522a773911bb006135da0f26f41bcb6') in 0.0203321 seconds
Start importing Packages/com.unity.render-pipelines.core/Tests/Runtime/Threading/FunctionTestsWave.compute using Guid(7cce01e3b2c07a34b8a6cfa8dcd99d0b) (ComputeShaderImporter) -> (artifact id: 'f32c6700160f74938575c7cfb9ce26d3') in 0.006543 seconds
Start importing Packages/com.unity.render-pipelines.universal/Shaders/PostProcessing/TemporalAA.shader using Guid(9c70c1a35ff15f340b38ea84842358bf) (ShaderImporter) -> (artifact id: 'b51fbf62a8b72eea65df83de922458f0') in 0.0234188 seconds
Start importing Packages/com.unity.ugui/Editor Resources/Shaders/TMP_SDF Internal Editor.shader using Guid(9c442dc870b456e48b615cd8add0e9ef) (ShaderImporter) -> (artifact id: '99dec8cdaff5d52e006154d5af80b58f') in 0.0060408 seconds
Start importing Packages/com.unity.render-pipelines.universal/Tests/Editor/PostProcessDataTests/2.shader using Guid(ace59f7f124432f4f923bd3bfa93e0ad) (ShaderImporter) -> (artifact id: 'ad806ef4892ce7024941d3c70d407486') in 0.2512057 seconds
Start importing Packages/com.unity.render-pipelines.universal/Shaders/PostProcessing/LutBuilderHdr.shader using Guid(ec9fec698a3456d4fb18cf8bacb7a2bc) (ShaderImporter) -> (artifact id: '7ac4e1d51a50a83f54992fb0f506a768') in 0.0140381 seconds
Start importing Packages/com.unity.render-pipelines.universal/Editor/Overrides/Shaders/CurveBackground.shader using Guid(0d0f817524897904ba47a6a1d55e7668) (ShaderImporter) -> (artifact id: 'ca16d586b63a857beeed1518572bd5d6') in 0.0074592 seconds
Start importing Packages/com.unity.render-pipelines.core/Editor/Gizmo/UnlitGizmo.shader using Guid(2df96b66b5510f94b98df2ac6f926ef4) (ShaderImporter) -> (artifact id: 'ded9cb75fdbcf27c1dc53ba10267c2e6') in 0.0047687 seconds
Start importing Packages/com.unity.cinemachine/Editor/EditorResources/CMWaveform.compute using Guid(6dd3f00b9032de54c8784df7bdc6fdf8) (ComputeShaderImporter) -> (artifact id: '2e4d1eb87ef56fe21ef38cc0bf9d2c78') in 0.0042818 seconds
Start importing Packages/com.unity.render-pipelines.universal/Shaders/SimpleLit.shader using Guid(8d2bb70cbf9db8d4da26e15b26e74248) (ShaderImporter) -> (artifact id: 'c94822e7c84046e01871e0784b1a9032') in 0.0607509 seconds
Start importing Packages/com.unity.render-pipelines.core/Runtime/RenderPipelineResources/GPUDriven/InstanceWindDataUpdateKernels.compute using Guid(fde76746e4fd0ed418c224f6b4084114) (ComputeShaderImporter) -> (artifact id: '4af821d66f451b4c2e53075dc9a43fa0') in 0.0072482 seconds
Start importing Packages/com.unity.render-pipelines.universal/Shaders/PostProcessing/CameraMotionBlur.shader using Guid(1edcd131364091c46a17cbff0b1de97a) (ShaderImporter) -> (artifact id: '6df8434fe8a04c9527275c708667a237') in 0.0245557 seconds
Start importing Packages/com.unity.render-pipelines.universal/Shaders/PostProcessing/GaussianDepthOfField.shader using Guid(5e7134d6e63e0bc47a1dd2669cedb379) (ShaderImporter) -> (artifact id: 'd506cd6c1c9f73c329c3123bfd9bded6') in 0.0277623 seconds
Start importing Packages/com.unity.render-pipelines.universal/Shaders/Nature/SpeedTree7Billboard.shader using Guid(5ec81c81908db34429b4f6ddecadd3bd) (ShaderImporter) -> (artifact id: '8dcb786a3eb40321a94f6eacfe52ab97') in 0.0511168 seconds
Start importing Packages/com.unity.rendering.light-transport/Runtime/UnifiedRayTracing/Compute/RadeonRays/kernels/block_reduce_part.compute using Guid(ae6c1838a70d96043b73ec2993509e8c) (ComputeShaderImporter) -> (artifact id: 'd1cc90d3f7f55547b8c9011dd25cc9a8') in 0.0041994 seconds
Start importing Packages/com.unity.render-pipelines.universal/Shaders/2D/Shadow2D-Projected.shader using Guid(ce09d4a80b88c5a4eb9768fab4f1ee00) (ShaderImporter) -> (artifact id: '851f572f8b0f69e4882f7a0dffb5127b') in 0.0145077 seconds
Start importing Packages/com.unity.render-pipelines.universal/Shaders/2D/Shadow2D-Unshadow-Sprite.shader using Guid(de02b375720b5c445afe83cd483bedf3) (ShaderImporter) -> (artifact id: 'd6c617fb7f508561cdecaa71fdedea17') in 0.0138249 seconds
Start importing Packages/com.unity.render-pipelines.universal/Shaders/ComplexLit.shader using Guid(ee7e4c9a5f6364b688a332c67fc32cca) (ShaderImporter) -> (artifact id: '58bb7da4f2434e0fd2ddc340ff74ac6c') in 0.0670213 seconds
Start importing Packages/com.unity.render-pipelines.universal/Shaders/Nature/SpeedTree7.shader using Guid(0f4122b9a743b744abe2fb6a0a88868b) (ShaderImporter)Shader 'Universal Render Pipeline/Nature/SpeedTree7': dependency 'BillboardShader' shader 'Universal Render Pipeline/Nature/SpeedTree7 Billboard' not found
Shader 'Universal Render Pipeline/Nature/SpeedTree7': dependency 'BillboardShader' shader 'Universal Render Pipeline/Nature/SpeedTree7 Billboard' not found
 -> (artifact id: '3dabdda076de4b995e6da5c646f6b63a') in 0.059437 seconds
Start importing Packages/com.unity.render-pipelines.universal/Shaders/Utils/ScreenSpaceShadows.shader using Guid(0f854b35a0cf61a429bd5dcfea30eddd) (ShaderImporter) -> (artifact id: '248778b2b64144570b8cecc138b57409') in 0.0177594 seconds
Start importing Packages/com.unity.render-pipelines.universal/Shaders/2D/Light2D.shader using Guid(3f6c848ca3d7bca4bbe846546ac701a1) (ShaderImporter) -> (artifact id: 'd3386ccd85acf4f5b0dc2cb64a3da539') in 0.0146075 seconds
Start importing Packages/com.unity.render-pipelines.universal/Shaders/PostProcessing/Bloom.shader using Guid(5f1864addb451f54bae8c86d230f736e) (ShaderImporter) -> (artifact id: '7f7a777e9a4ace3623eb9ed2252d4341') in 0.028589 seconds
Start importing Packages/com.unity.render-pipelines.universal/Shaders/Utils/MaterialError.shader using Guid(5fd9a8feb75a4b5894c241777f519d4e) (ShaderImporter) -> (artifact id: 'b0ae91836d4db0aaf1f47e7b3a27917e') in 0.0114055 seconds
Start importing Packages/com.unity.render-pipelines.universal/Shaders/Utils/FallbackLoading.shader using Guid(7f888aff2ac86494babad1c2c5daeee2) (ShaderImporter) -> (artifact id: 'f6b9ebd061d7b766f32066727723e075') in 0.011601 seconds
Start importing Packages/com.unity.render-pipelines.universal/Shaders/Terrain/TerrainLitBasemapGen.shader using Guid(8fbe92a9edfe6074e841d6dd1509bc59) (ShaderImporter) -> (artifact id: 'b0d796c5fae0c7ad6428c602724c94f3') in 0.0297104 seconds
Start importing Packages/com.unity.render-pipelines.core/Runtime/Debug/ProbeVolumeSamplingDebug.shader using Guid(bf54e6528c79a224e96346799064c393) (ShaderImporter) -> (artifact id: '2866d43f6d5cfa8dad3f376a55e80541') in 0.0120285 seconds
Start importing Packages/com.unity.render-pipelines.universal/Shaders/Debug/DebugReplacement.shader using Guid(cf852408f2e174538bcd9b7fda1c5ae7) (ShaderImporter) -> (artifact id: '0460420670499b52576a435c122f4a20') in 0.0232037 seconds
Start importing Packages/com.unity.render-pipelines.universal/Runtime/Materials/Decal.mat using Guid(31d0dcc6f2dd4e4408d18036a2c93862) (NativeFormatImporter) -> (artifact id: '8f3d32c29394a79b41f28a25b53defe8') in 0.0046756 seconds
Start importing Packages/com.unity.render-pipelines.universal/Runtime/Materials/Lit.mat using Guid(31321ba15b8f8eb4c954353edc038b1d) (NativeFormatImporter)Shader 'Universal Render Pipeline/Lit': fallback shader 'Hidden/Universal Render Pipeline/FallbackError' not found
 -> (artifact id: '960643f9fe6857c5d72b0d2fd2085c0e') in 0.008639 seconds
Start importing Packages/com.unity.render-pipelines.universal/Editor/SceneTemplates/Standard/Materials/Gold.mat using Guid(c2e40fa84d53ccd428f640eac126b1fb) (NativeFormatImporter) -> (artifact id: '9a75d51d1e747d94c5fd36e74b0d88c1') in 0.004689 seconds
Start importing Packages/com.unity.render-pipelines.universal/Runtime/Materials/SpriteMask-Default.mat using Guid(15d0c3709176029428a0da2f8cecf0b5) (NativeFormatImporter) -> (artifact id: '9b9123c1145efbdb38e316f85cad951e') in 0.0076479 seconds
Start importing Packages/com.unity.render-pipelines.universal/Runtime/Materials/SpatialMappingOcclusion.mat using Guid(b51db210fe78df745a372851b3db949e) (NativeFormatImporter)Shader 'Universal Render Pipeline/VR/SpatialMapping/Occlusion': fallback shader 'Hidden/Universal Render Pipeline/FallbackError' not found
 -> (artifact id: 'e725b235a682e6bf286c10ab07552b74') in 0.0058693 seconds
Start importing Packages/com.unity.render-pipelines.universal/Editor/SceneTemplates/Standard/Materials/Ground.mat using Guid(761d8e1f988ed2345a28312145c79c6e) (NativeFormatImporter) -> (artifact id: '97be10e07c1f855859a62635d45b8539') in 0.0033894 seconds
Start importing Packages/com.unity.render-pipelines.universal/Runtime/Materials/FullscreenInvertColors.mat using Guid(78a08787ca30045abb69f6f7dd878e09) (NativeFormatImporter) -> (artifact id: 'ee24d1240c4d3093a35a8ce9cd6a6123') in 0.0042373 seconds
Start importing Packages/com.unity.render-pipelines.universal/Runtime/Materials/SpatialMappingWireframe.mat using Guid(9875a245ac49007498213638a307faa1) (NativeFormatImporter)Shader 'Universal Render Pipeline/VR/SpatialMapping/Wireframe': fallback shader 'Hidden/Universal Render Pipeline/FallbackError' not found
 -> (artifact id: '40a3a03ad30c23572795ee7951b74454') in 0.0043674 seconds
Start importing Packages/com.unity.render-pipelines.universal/Runtime/Materials/ParticlesUnlit.mat using Guid(e823cd5b5d27c0f4b8256e7c12ee3e6d) (NativeFormatImporter)Shader 'Universal Render Pipeline/Particles/Unlit': fallback shader 'Hidden/Universal Render Pipeline/FallbackError' not found
 -> (artifact id: 'aa862bff269d59d834f13819255630e6') in 0.0189843 seconds
Start importing Packages/com.unity.render-pipelines.universal/Runtime/Materials/TerrainLit.mat using Guid(594ea882c5a793440b60ff72d896021e) (NativeFormatImporter)Shader 'Universal Render Pipeline/Terrain/Lit': fallback shader 'Hidden/Universal Render Pipeline/FallbackError' not found
Shader 'Universal Render Pipeline/Terrain/Lit': dependency 'AddPassShader' shader 'Hidden/Universal Render Pipeline/Terrain/Lit (Add Pass)' not found
Shader 'Universal Render Pipeline/Terrain/Lit': dependency 'BaseMapShader' shader 'Hidden/Universal Render Pipeline/Terrain/Lit (Base Pass)' not found
Shader 'Universal Render Pipeline/Terrain/Lit': dependency 'BaseMapGenShader' shader 'Hidden/Universal Render Pipeline/Terrain/Lit (Basemap Gen)' not found
 -> (artifact id: '32c0756065a4c99773d8b19abfdb7370') in 0.0064699 seconds
Start importing Packages/com.unity.render-pipelines.universal/Runtime/Materials/Sprite-Lit-Default.mat using Guid(a97c105638bdf8b4a8650670310a4cd3) (NativeFormatImporter) -> (artifact id: 'b2cd4e4a5173cb188e255112e4a6b285') in 0.0044666 seconds
Start importing Packages/com.unity.render-pipelines.universal/Editor/SceneTemplates/Standard/Materials/White.mat using Guid(f96821bbefeea864b9b418af4b8615ac) (NativeFormatImporter) -> (artifact id: 'b0a10ce88eba78cadb227317064359ad') in 0.0033153 seconds
Start importing Packages/com.unity.render-pipelines.universal/Runtime/Materials/SimpleLit.mat using Guid(6a1143ee683302f4aa628c052723efc1) (NativeFormatImporter)Shader 'Universal Render Pipeline/Simple Lit': fallback shader 'Hidden/Universal Render Pipeline/FallbackError' not found
 -> (artifact id: '4e947c4ad6c49ec8c3dbccd89f2ba9c5') in 0.0051156 seconds
Start importing Packages/com.unity.render-pipelines.universal/Editor/SceneTemplates/Standard.scenetemplate using Guid(9d187c8728d2b4c398f45befcacc2827) (NativeFormatImporter) -> (artifact id: 'b69708678a10210c1d4617774b6c48b1') in 0.0330485 seconds
Start importing Packages/com.unity.render-pipelines.universal/Runtime/Materials/Sprite-Unlit-Default.mat using Guid(9dfc825aed78fcd4ba02077103263b40) (NativeFormatImporter) -> (artifact id: '3535407266e63a704ebed07394e8e29d') in 0.0044425 seconds
Start importing Packages/com.unity.render-pipelines.universal/Editor/SceneTemplates/Basic.scenetemplate using Guid(3f9cc3f14b0454fa7b997b33a99d539f) (NativeFormatImporter) -> (artifact id: 'fa10ce461e7017805c61926a11c21995') in 0.0165979 seconds
Start importing Packages/com.unity.render-pipelines.universal/Editor/SceneTemplates/Standard/Materials/Black.mat using Guid(4f1ef37ae953c484bbc5d5e4049147e5) (NativeFormatImporter) -> (artifact id: 'c073248664ba5268b69bc9cf80293393') in 0.0024469 seconds
Start importing Packages/com.unity.searcher/Editor/Resources/FlatSkin/Font/Roboto-Black.ttf using Guid(1062c701058745940ae5dca6219c64c8) (TrueTypeFontImporter) -> (artifact id: 'cb57e9dbbccddb4f478ff36ceba7e240') in 0.0143284 seconds
Start importing Packages/com.unity.searcher/Editor/Resources/FlatSkin/Font/Roboto-Regular.ttf using Guid(30dc370b164eefc43b95744fc796dad0) (TrueTypeFontImporter) -> (artifact id: 'cdee9edd624941ffd0fa4f8e87673f4e') in 0.004611 seconds
Start importing Packages/com.unity.searcher/Editor/Resources/FlatSkin/Font/Roboto-ThinItalic.ttf using Guid(b2ea3b3f1765e544b9eb5bd1a93a91ce) (TrueTypeFontImporter) -> (artifact id: '1f04495c4fc61ee62ccf0b8bfe73f03f') in 0.0044749 seconds
Start importing Packages/com.unity.render-pipelines.core/Runtime/Debugging/Prefabs/Fonts/PerfectDOSVGA437.ttf using Guid(74a5091d8707f334b9a5c31ef71a64ba) (TrueTypeFontImporter) -> (artifact id: 'ee899e113e3ac9f57359c8e56ccdddba') in 0.0042128 seconds
Start importing Packages/com.unity.searcher/Editor/Resources/FlatSkin/Font/Roboto-Medium.ttf using Guid(a51a3aebb43ac044989270407476b208) (TrueTypeFontImporter) -> (artifact id: '7453a7c8963b46e51fc7322cf929e8d5') in 0.0044969 seconds
Start importing Packages/com.unity.searcher/Editor/Resources/FlatSkin/Font/Roboto-Bold.ttf using Guid(3750c318f40cab44a97d3a81beaefeb3) (TrueTypeFontImporter) -> (artifact id: 'eacb8266a5ad622a73a76e2a830003b9') in 0.0046832 seconds
Start importing Packages/com.unity.searcher/Editor/Resources/FlatSkin/Font/Roboto-Italic.ttf using Guid(c839255fc8f6b4b4d90bf8c1af9f9bd1) (TrueTypeFontImporter) -> (artifact id: '1da7c4bbac33caca04bf2f4cef329af4') in 0.0045184 seconds
Start importing Packages/com.unity.searcher/Editor/Resources/FlatSkin/Font/Roboto-Thin.ttf using Guid(19a9abb883540be48b75b951a927ae03) (TrueTypeFontImporter) -> (artifact id: '252d7439bf4ff3a72e11cda2dce1afe8') in 0.0048279 seconds
Start importing Packages/com.unity.searcher/Editor/Resources/FlatSkin/Font/Roboto-MediumItalic.ttf using Guid(d93c1bc57fdf1ac4dad1bf04fac05464) (TrueTypeFontImporter) -> (artifact id: '8dacd4ac1bd95975e8de96eb6623481d') in 0.0046938 seconds
Start importing Packages/com.unity.searcher/Editor/Resources/FlatSkin/Font/Roboto-BlackItalic.ttf using Guid(f95147a9bab9fe649b8070170fa7ebd2) (TrueTypeFontImporter) -> (artifact id: '0b16d05ed90d360c9f618f366eabb223') in 0.0044707 seconds
Start importing Packages/com.unity.searcher/Editor/Resources/FlatSkin/Font/Roboto-Light.ttf using Guid(2a29e27936eb547458f646f71125b264) (TrueTypeFontImporter) -> (artifact id: '3cd84a159b93c10d1ec13b2033c30961') in 0.004967 seconds
Start importing Packages/com.unity.searcher/Editor/Resources/FlatSkin/Font/Roboto-LightItalic.ttf using Guid(5e63515167650a541b309ba3bfd4db3d) (TrueTypeFontImporter) -> (artifact id: 'b844d935c869fbc13c1337c988eaa2fa') in 0.0049125 seconds
Start importing Packages/com.unity.searcher/Editor/Resources/FlatSkin/Font/Roboto-BoldItalic.ttf using Guid(dfb97a9307a577a41bcacba34b9a7e32) (TrueTypeFontImporter) -> (artifact id: '445a2f66266a2d651959b4f02836fa5f') in 0.0047189 seconds
Start importing Packages/com.unity.shadergraph/ShaderGraphLibrary/Nature/SpeedTree8InterpolatedNormals.shadersubgraph using Guid(b04441f4a83ad224d92d547d170c366b) (ScriptedImporter) -> (artifact id: '4ae2ce94c5e40c2685691fcebe81dcd4') in 0.339772 seconds
Start importing Packages/com.unity.shadergraph/ShaderGraphLibrary/Nature/SpeedTree8CameraFacingLeafEffect.shadersubgraph using Guid(8258ab4a37f447c48ac3c26cbdb4c032) (ScriptedImporter) -> (artifact id: '6d8fc4e278d1bb46b65a823caf7700f9') in 0.024642 seconds
Start importing Packages/com.unity.shadergraph/ShaderGraphLibrary/Nature/SpeedTree8LODTransition.shadersubgraph using Guid(74ce720b09dcad14690aca1cb7b6f2dc) (ScriptedImporter) -> (artifact id: 'e1be81f75b4546d5efbb5f40126a971c') in 0.0139112 seconds
Start importing Packages/com.unity.shadergraph/ShaderGraphLibrary/Nature/SpeedTree9CameraFacingLeafEffect.shadersubgraph using Guid(153b138ddd88e7b42a0c29bde1e7142c) (ScriptedImporter) -> (artifact id: 'f233dce6101fd4214e3b6670fce334b4') in 0.0135659 seconds
Start importing Packages/com.unity.shadergraph/ShaderGraphLibrary/Nature/SpeedTree9Wind.shadersubgraph using Guid(e8af7a3452f45f542a042fef4a52065a) (ScriptedImporter) -> (artifact id: '0e2e98b1cd4784cb47fc5032b3ae20f8') in 0.0189766 seconds
Start importing Packages/com.unity.shadergraph/ShaderGraphLibrary/Nature/SpeedTree8Billboard.shadersubgraph using Guid(89c32740b629abb41bf9b65e3a64c373) (ScriptedImporter) -> (artifact id: '5202addeb70dd473501ecc4514673cec') in 0.0494859 seconds
Start importing Packages/com.unity.shadergraph/ShaderGraphLibrary/Nature/SpeedTree8Wind.shadersubgraph using Guid(e9398b7940890a74eafc240b5a593541) (ScriptedImporter) -> (artifact id: '35ac71dabf27f2f53aa74229b93bcb08') in 0.0189178 seconds
Start importing Packages/com.unity.shadergraph/ShaderGraphLibrary/Nature/SpeedTree8ColorAlpha.shadersubgraph using Guid(1b4ecad27a9bc714e8d3af3ffb8a368c) (ScriptedImporter) -> (artifact id: '161a274f9a07f37222723b608f9f24b2') in 0.0448332 seconds
Start importing Packages/com.unity.render-pipelines.universal/Runtime/Materials/ArnoldStandardSurface/ArnoldStandardSurfaceTransparent.shadergraph using Guid(30fa68ce467463643a86b839ca0eb195) (ScriptedImporter) -> (artifact id: '52404b2074c19b7252d1bf9b7cea1fd4') in 0.3646957 seconds
Start importing Packages/com.unity.render-pipelines.universal/Shaders/AutodeskInteractive/AutodeskInteractiveMasked.shadergraph using Guid(80aa867ac363ac043847b06ad71604cd) (ScriptedImporter) -> (artifact id: '23b979e2cb9c5b85f6bead1e1047abc6') in 0.1591049 seconds
Start importing Packages/com.unity.render-pipelines.universal/Shaders/2D/VFXSpriteLit.shadergraph using Guid(24a73dccd7b6fad4798be282f96a21f4) (ScriptedImporter) -> (artifact id: '7e8ebab1981a4e9b70e8839d3fb08045') in 0.0862164 seconds
Start importing Packages/com.unity.render-pipelines.universal/Runtime/Materials/PhysicalMaterial3DsMax/PhysicalMaterial3DsMax.shadergraph using Guid(44245ab89240f51459a5077d7145c452) (ScriptedImporter) -> (artifact id: '3806087ff0054ff7f5d0e22056bbc23e') in 0.2299148 seconds
Start importing Packages/com.unity.render-pipelines.universal/Runtime/Materials/ArnoldStandardSurface/ArnoldStandardSurface.shadergraph using Guid(3739e562a03fc0b4982d8aa66cc50865) (ScriptedImporter) -> (artifact id: '3e6f1b2589ada18c4fbcc94957419550') in 0.1497945 seconds
Start importing Packages/com.unity.render-pipelines.universal/Shaders/2D/VFXSpriteUnlit.shadergraph using Guid(d7288f66e4fb0634c9afef98c31b722a) (ScriptedImporter) -> (artifact id: '26b2eb3a4c999be878b8f23500d23250') in 0.0578736 seconds
Start importing Packages/com.unity.render-pipelines.universal/Shaders/Nature/SpeedTree8_PBRLit.shadergraph using Guid(9920c1f1781549a46ba081a2a15a16ec) (ScriptedImporter) -> (artifact id: '67be1eef810addd8d94e5040e470ff57') in 1.1854377 seconds
Start importing Packages/com.unity.render-pipelines.universal/Runtime/Materials/PhysicalMaterial3DsMax/PhysicalMaterial3DsMaxTransparent.shadergraph using Guid(1a207e3bee00db44b940e6f362a8e148) (ScriptedImporter) -> (artifact id: '02217a4bb80dbd43449bcb977cd69fe7') in 0.2745636 seconds
Start importing Packages/com.unity.render-pipelines.universal/Shaders/Decal.shadergraph using Guid(9b4e681081e2b4c469111bb649e2f7ee) (ScriptedImporter) -> (artifact id: '9918bb8d4b1fba5a941215ca49895cff') in 0.1918102 seconds
Start importing Packages/com.unity.render-pipelines.universal/Shaders/Nature/SpeedTree9_URP.shadergraph using Guid(cbd3e1cc4ae141c42a30e33b4d666a61) (ScriptedImporter) -> (artifact id: 'd441b83dfeeb3fe9f007818bacd45557') in 1.0124565 seconds
Start importing Packages/com.unity.render-pipelines.universal/Shaders/FullscreenInvertColors.shadergraph using Guid(fb6390f650ca44a5ba3246d8dda47927) (ScriptedImporter) -> (artifact id: '2768284fd61660c6abb276a26befb551') in 0.0459297 seconds
Start importing Packages/com.unity.render-pipelines.universal/Shaders/AutodeskInteractive/AutodeskInteractiveTransparent.shadergraph using Guid(5c81372d981403744adbdda4433c9c11) (ScriptedImporter) -> (artifact id: 'c4e14a66bca8c65bb5613db8a80a50e1') in 0.1074718 seconds
Start importing Packages/com.unity.render-pipelines.universal/Shaders/AutodeskInteractive/AutodeskInteractive.shadergraph using Guid(0e9d5a909a1f7e84882a534d0d11e49f) (ScriptedImporter) -> (artifact id: '1e4d07743e883c8c1156d35092940250') in 0.1204789 seconds
Start importing Packages/com.unity.render-pipelines.core/Runtime/Debug/ProbeSamplingDebugMesh.fbx using Guid(20be25aac4e22ee49a7db76fb3df6de2) (FBXImporter) -> (artifact id: '5a634e9e3a931eb1727334f762a996d9') in 0.0324294 seconds
Start importing Assets/Models/Characters/Adventurer/Adventurer.fbx using Guid(30863d3f35e74a04a928f7e63e86b910) (FBXImporter)Keyframe reduction: Ratio: 11.816580%;
Keyframe reduction: Ratio: 12.522046%;
Keyframe reduction: Ratio: 10.517878%;
Keyframe reduction: Ratio: 11.528819%;
Keyframe reduction: Ratio: 4.274303%;
Keyframe reduction: Ratio: 4.336550%;
Keyframe reduction: Ratio: 11.035522%;
Keyframe reduction: Ratio: 4.315801%;
Keyframe reduction: Ratio: 4.035689%;
Keyframe reduction: Ratio: 5.969339%;
Keyframe reduction: Ratio: 11.567229%;
Keyframe reduction: Ratio: 4.284678%;
Keyframe reduction: Ratio: 11.548984%;
Keyframe reduction: Ratio: 11.457067%;
Keyframe reduction: Ratio: 11.457067%;
Keyframe reduction: Ratio: 14.247002%;
Keyframe reduction: Ratio: 13.248677%;
Keyframe reduction: Ratio: 12.617021%;
Keyframe reduction: Ratio: 4.938272%;
Keyframe reduction: Ratio: 12.634921%;
Keyframe reduction: Ratio: 12.613756%;
Keyframe reduction: Ratio: 12.922272%;
Keyframe reduction: Ratio: 8.366402%;
Keyframe reduction: Ratio: 8.078463%;
 -> (artifact id: '8d6504835324a6999128092a44a597cb') in 0.8285232 seconds
Start importing Assets/Models/Weapons/Dagger/Dagger.fbx using Guid(a57e8828b7a677c47b3183e75df0dc0c) (FBXImporter) -> (artifact id: '4a954c3a147b96cdc99ca2e92859cb75') in 0.0201718 seconds
Start importing Assets/Models/Environment/SwampIsland/model.obj using Guid(96883acea44bf334d8cc7f9807bc0b8d) (FBXImporter) -> (artifact id: '4650b6861dfdc0d1d538adb6345f3e7c') in 0.1313576 seconds
Start importing Packages/com.unity.render-pipelines.core/Runtime/RenderPipelineResources/Mesh/UnityMaterialBall.fbx using Guid(39857cfad1651644682ff5b772e6e697) (FBXImporter) -> (artifact id: '2beb6cbc4e779749d1316a00a493d529') in 0.0705781 seconds
Start importing Assets/Models/Weapons/Axe/Axe.fbx using Guid(792cb030f2e09684ba96eb2b76407cab) (FBXImporter) -> (artifact id: '3c9126cbbdfbe25b2552ca244cf1b2bf') in 0.0199385 seconds
Start importing Assets/Models/Tools/Tools.fbx using Guid(4b9eb5d4e504027478d9f8f376f1894b) (FBXImporter) -> (artifact id: '677c26d5eba41a557f3d228067792a08') in 0.0336553 seconds
Start importing Assets/Models/Weapons/Pickaxe/Pickaxe.fbx using Guid(1c75420ae6192cb43a2a3dc61d434da9) (FBXImporter) -> (artifact id: '82f2e9c7eebed6fc22274f6f9fcb8349') in 0.0269497 seconds
Start importing Assets/Models/Weapons/Pistol/Pistol.fbx using Guid(ad0156cccb21d544e9d7f9dc5f2fcf3c) (FBXImporter)Keyframe reduction: Ratio: 16.666666%;
Keyframe reduction: Ratio: 21.111113%;
Keyframe reduction: Ratio: 25.333334%;
 -> (artifact id: 'adad96b690533f92012623959dab4c38') in 0.0345447 seconds
Start importing Packages/com.unity.render-pipelines.core/Editor/Resources/DebugProbe.fbx using Guid(9e1c97fc44f9a8744b61b58f72c56de4) (FBXImporter) -> (artifact id: '3180e92b0a6cedcbb5e94dbc06f301cb') in 0.0229861 seconds
Start importing Assets/Models/Weapons/Pistol/Pistol.blend using Guid(cf9d59046dea5bb44827d9ad8249fe98) (FBXImporter)Blender could not be found.
Make sure that Blender is installed and the .blend file has Blender as its 'Open with' application!
 -> (artifact id: '0af5e55c00399f73be36ec417841a508') in 0.0068074 seconds
Start importing Packages/com.unity.render-pipelines.universal/Editor/SceneTemplates/Standard/GlobalVolumeProfile.asset using Guid(103b0616690034ca1a309e958ed431fc) (NativeFormatImporter) -> (artifact id: 'ae47e29d22d99c727ee8075492dd13c4') in 0.0021055 seconds
Start importing Packages/com.unity.cinemachine/Presets/Noise/Handheld_wideangle_strong.asset using Guid(20e46be82478fa24b90f748044c06b4b) (NativeFormatImporter) -> (artifact id: 'f5c9cff0117468a9738ed88329faad61') in 0.0029037 seconds
Start importing Packages/com.unity.cinemachine/Presets/Noise/Handheld_normal_extreme.asset using Guid(20a705aea2d80e0478fb89b6f43d8530) (NativeFormatImporter) -> (artifact id: 'cea95fd2472fc9634f8adc1d046ec83a') in 0.0022143 seconds
Start importing Packages/com.unity.render-pipelines.core/Editor/Icons/Processed/PassInspector Icon.asset using Guid(f07c8ecc9e9de7842ab9c99a9256ff7d) (NativeFormatImporter) -> (artifact id: '8e5ad2632b106e26212037a1b9f6fcd1') in 0.0031365 seconds
Start importing Packages/com.unity.render-pipelines.universal/Runtime/Data/PostProcessData.asset using Guid(41439944d30ece34e96484bdb6645b55) (NativeFormatImporter) -> (artifact id: '773dd7a50e62e00d2090db9f310907fb') in 0.0204172 seconds
Start importing Packages/com.unity.cinemachine/Presets/Noise/Handheld_normal_strong.asset using Guid(b241f91b9ccf8ff489abf204b30d3112) (NativeFormatImporter) -> (artifact id: 'b61d36e0224f57865f377d553797e112') in 0.0017168 seconds
Start importing Packages/com.unity.render-pipelines.core/Runtime/RenderPipelineResources/GPUDriven/GPUResidentDrawerResources.asset using Guid(0393c27fa7a52694f9e231193061b433) (NativeFormatImporter) -> (artifact id: '92534469ce9b38dc7fb5b5cfe1ffd82b') in 0.002079 seconds
Start importing Packages/com.unity.ai.navigation/EditorResources/NavigationWindowIcon.asset using Guid(13a8a84f37ede4760a590fd13172bdd4) (NativeFormatImporter) -> (artifact id: 'cb7309e32185ef3988276790a75b3cb0') in 0.0018117 seconds
Start importing Packages/com.unity.cinemachine/Presets/Noise/Handheld_tele_mild.asset using Guid(a3dacaec0287d7444b4bd276816e1666) (NativeFormatImporter) -> (artifact id: '463dae3ffbcf86a0f5571c0e49613aca') in 0.0018985 seconds
Start importing Packages/com.unity.cinemachine/Runtime/Debug/CinemachinePanelSettings.asset using Guid(34f8af425f4594331ac532e00b9e83bf) (NativeFormatImporter) -> (artifact id: 'a98916253895edc5fdd839ca0e3ea1bb') in 0.0071062 seconds
Start importing Packages/com.unity.render-pipelines.core/Editor/Icons/Processed/d_VolumeProfile Icon.asset using Guid(150de12d7eed3a2429509ab2146f6345) (NativeFormatImporter) -> (artifact id: '1ec4983a1e76a61eb1ce5f922ddfe738') in 0.0049153 seconds
Start importing Packages/com.unity.render-pipelines.universal/Tests/Editor/PostProcessDataTests/PostProcessData BloomPS Different 1.asset using Guid(350a709cf1218764c94f752764b6ab69) (NativeFormatImporter) -> (artifact id: 'f1ce8f5e2f0f402639b2a45f42c70339') in 0.0034831 seconds
Start importing Packages/com.unity.cinemachine/Presets/Noise/Handheld_tele_strong.asset using Guid(554b0ed52734c154eab51f6cedd3a7d7) (NativeFormatImporter) -> (artifact id: '2c67b81141139b2ef57801f391173e9f') in 0.0018181 seconds
Start importing Packages/com.unity.render-pipelines.core/Editor/Icons/Processed/Volume Icon.asset using Guid(65d673f04ea8f2f49919cf67d18aaf54) (NativeFormatImporter) -> (artifact id: '3e82559381d3f7626fa9f48fd1a71592') in 0.0047976 seconds
Start importing Packages/com.unity.render-pipelines.core/Editor/Icons/Processed/RenderPipelineResources Icon.asset using Guid(9577fdc34c3b03242bf439342d37043b) (NativeFormatImporter) -> (artifact id: '55271f66f3d64265aa4c4e207ce5fae4') in 0.004904 seconds
Start importing Packages/com.unity.cinemachine/Presets/Noise/Handheld_normal_mild.asset using Guid(46965f9cbaf525742a6da4c2172a99cd) (NativeFormatImporter) -> (artifact id: '8e510a09d04f04f40c999e94787aec93') in 0.0019694 seconds
Start importing Packages/com.unity.cinemachine/Presets/Noise/Handheld_wideangle_mild.asset using Guid(8608ec81ee27a15488d33f9dad239e91) (NativeFormatImporter) -> (artifact id: '54ca8cd30c551e578c95dc7d3b372813') in 0.0021609 seconds
Start importing Packages/com.unity.render-pipelines.core/Editor/Icons/Processed/d_RenderPipelineResources Icon.asset using Guid(f6437d4e6a2f10345a40803d33f489bf) (NativeFormatImporter) -> (artifact id: '3ce1aa6a0a9b9f8ee9ba1baa9ce6154a') in 0.0055023 seconds
Start importing Assets/DefaultVolumeProfile.asset using Guid(1739d9a728d78b340bad3e86d58193e1) (NativeFormatImporter) -> (artifact id: '6bcdf0240a677319032db3aa8f3ca52c') in 0.0019332 seconds
Start importing Packages/com.unity.render-pipelines.core/Editor/Icons/Processed/d_Volume Icon.asset using Guid(177b2538515c71b4a86aa1cad939807a) (NativeFormatImporter) -> (artifact id: '6270493438bfcb47713762428d420ac0') in 0.0053839 seconds
Start importing Packages/com.unity.render-pipelines.universal/Tests/Editor/PostProcessDataTests/PostProcessData BloomPS Different.asset using Guid(e7b20d8e594294f4380ea14212e1b042) (NativeFormatImporter) -> (artifact id: '478c6487015b56bc0580cc3e78e0e26d') in 0.0034493 seconds
Start importing Packages/com.unity.shadergraph/Editor/Resources/DefaultHeatmapValues.asset using Guid(089885f17bac7464a80c68e81d8538a1) (NativeFormatImporter) -> (artifact id: 'd770e3c71a83ca0092cf9c730708b7a0') in 0.0026024 seconds
Start importing Packages/com.unity.cinemachine/Presets/Noise/6D Shake.asset using Guid(69ce8388f6785dd4c8c39915efece2f4) (NativeFormatImporter) -> (artifact id: '2ffb37b25191289a9e3ad0049439dfb9') in 0.0019086 seconds
Start importing Packages/com.unity.cinemachine/Presets/Noise/6D Wobble.asset using Guid(e9ce97b7a206dc64d90931ea044e0c72) (NativeFormatImporter) -> (artifact id: '8f1f2d0f86f03f1791c2f7cb9d70de3c') in 0.0016193 seconds
Start importing Packages/com.unity.render-pipelines.universal/Runtime/Data/UniversalRendererData.asset using Guid(ba6e69114eba6af4585b7b850051b2d9) (NativeFormatImporter) -> (artifact id: 'e9ad2070959e90d9af222fdfd170ce9f') in 0.006911 seconds
Start importing Packages/com.unity.render-pipelines.core/Editor/Icons/Processed/VolumeProfile Icon.asset using Guid(faa56264e2faf674c8be98efbfd8e2a4) (NativeFormatImporter) -> (artifact id: 'ad099e67b3cdc8fadeb0df39ee69d1e5') in 0.0050266 seconds
Start importing Assets/UniversalRenderPipelineGlobalSettings.asset using Guid(3bfefbe452c54c64c909cedbc7f2e316) (NativeFormatImporter)Shader 'Hidden/Universal Render Pipeline/FallbackError': fallback shader 'Hidden/Core/FallbackError' not found
Shader 'Universal Render Pipeline/Autodesk Interactive/AutodeskInteractive': fallback shader 'Hidden/Shader Graph/FallbackError' not found
Shader 'Universal Render Pipeline/Autodesk Interactive/AutodeskInteractiveTransparent': fallback shader 'Hidden/Shader Graph/FallbackError' not found
Shader 'Universal Render Pipeline/Autodesk Interactive/AutodeskInteractiveMasked': fallback shader 'Hidden/Shader Graph/FallbackError' not found
Shader 'Universal Render Pipeline/Nature/SpeedTree7': fallback shader 'Hidden/Universal Render Pipeline/FallbackError' not found
Shader 'Universal Render Pipeline/Nature/SpeedTree7': dependency 'BillboardShader' shader 'Universal Render Pipeline/Nature/SpeedTree7 Billboard' not found
Shader 'Universal Render Pipeline/Nature/SpeedTree8_PBRLit': fallback shader 'Hidden/Shader Graph/FallbackError' not found
Shader 'Universal Render Pipeline/Nature/SpeedTree9_URP': fallback shader 'Hidden/Shader Graph/FallbackError' not found
Shader 'Hidden/Universal Render Pipeline/StencilDeferred': fallback shader 'Hidden/Universal Render Pipeline/FallbackError' not found
Shader Hidden/ProbeVolume/VoxelizeScene is not supported: GPU does not support conservative rasterization
Shader 'Shader Graphs/Decal': fallback shader 'Hidden/Shader Graph/FallbackError' not found
Shader 'Universal Render Pipeline/Particles/Unlit': fallback shader 'Hidden/Universal Render Pipeline/FallbackError' not found
Shader 'Universal Render Pipeline/Terrain/Lit': fallback shader 'Hidden/Universal Render Pipeline/FallbackError' not found
Shader 'Universal Render Pipeline/Terrain/Lit': dependency 'AddPassShader' shader 'Hidden/Universal Render Pipeline/Terrain/Lit (Add Pass)' not found
Shader 'Universal Render Pipeline/Terrain/Lit': dependency 'BaseMapShader' shader 'Hidden/Universal Render Pipeline/Terrain/Lit (Base Pass)' not found
Shader 'Universal Render Pipeline/Terrain/Lit': dependency 'BaseMapGenShader' shader 'Hidden/Universal Render Pipeline/Terrain/Lit (Basemap Gen)' not found
 -> (artifact id: 'ac3ea3084c0cd7d252750334365d2d0f') in 0.0559424 seconds
Start importing Packages/com.unity.render-pipelines.universal/Editor/SceneTemplates/Standard/LightingData.asset using Guid(bbf92febd37eec24fa8da21f59ace918) (NativeFormatImporter) -> (artifact id: 'bcf261f0f1aa6a740e04b2c27105c124') in 0.0025927 seconds
Start importing Packages/com.unity.render-pipelines.core/Editor/Icons/Processed/Resources Icon.asset using Guid(0c718439afc500a47899efc9499bc9f5) (NativeFormatImporter) -> (artifact id: '90537c1511ac064686a07af92b30bf95') in 0.0022589 seconds
Start importing Packages/com.unity.render-pipelines.core/Runtime/RenderPipelineResources/Default Lens Flare (SRP).asset using Guid(bd7eaf3bd49c39f4cb77bd809459aa72) (NativeFormatImporter) -> (artifact id: 'b78676d3d65c61a83272c7a98fe81c1a') in 0.0069389 seconds
Start importing Packages/com.unity.render-pipelines.universal/Editor/Volume/DefaultVolumeProfile.asset using Guid(eda47df5b85f4f249abf7abd73db2cb2) (NativeFormatImporter) -> (artifact id: '799151250d50a362ab2c8b44051ca144') in 0.0025256 seconds
Start importing Packages/com.unity.render-pipelines.core/Editor/Icons/Processed/d_PassInspector Icon.asset using Guid(de46f443cc7a01d4a86b2535f132a51d) (NativeFormatImporter) -> (artifact id: '03f8a53c285e696ca189b20762810774') in 0.0020552 seconds
Start importing Packages/com.unity.render-pipelines.core/Editor/Icons/Processed/d_Resources Icon.asset using Guid(5f91283c363fa3943844c7b87c3ce64d) (NativeFormatImporter) -> (artifact id: '2962c33c15b15bc48304cd673b3f6d6e') in 0.0019744 seconds
Start importing Packages/com.unity.ai.navigation/EditorResources/d_NavigationWindowIcon.asset using Guid(df6a6289992d3406cb4cad0c522e4adf) (NativeFormatImporter) -> (artifact id: 'fc3269a0342f0683e78396e3ad4bad61') in 0.0017763 seconds
Start importing Packages/com.unity.render-pipelines.core/CHANGELOG.md using Guid(20456a2cc8a214f9d9846725cff9fea4) (TextScriptImporter) -> (artifact id: 'bd59f2f7b730f7030a21b151c97e8e38') in 0.0023917 seconds
Start importing Packages/com.unity.searcher/LICENSE.md using Guid(200891d0445794843bffcc351163c84c) (TextScriptImporter) -> (artifact id: 'dceccae4fe3335f7d5609c4584d38347') in 0.0023088 seconds
Start importing Packages/com.unity.settings-manager/package.json using Guid(3001f7491ac66e34a9694543d9f8b1ee) (PackageManifestImporter) -> (artifact id: '64f6c852bde3e28831730cf9ba285ee4') in 0.0024738 seconds
Start importing Packages/com.unity.render-pipelines.universal/package.json using Guid(30648b8d550465f4bb77f1e1afd0b37d) (PackageManifestImporter) -> (artifact id: 'de6d7293b52118292daa169e38835b8d') in 0.002388 seconds
Start importing Packages/com.unity.modules.jsonserialize/package.json using Guid(40bf3cec17fa0b49fe04443c8332d638) (PackageManifestImporter) -> (artifact id: '4c54406cdf6f27a0dfd74653ac191550') in 0.0024335 seconds
Start importing Packages/com.unity.burst/package.json using Guid(60714b3a36613ab2918a1439869a826f) (PackageManifestImporter) -> (artifact id: '660645d5226ae6d1d946e8ba2462085f') in 0.0024763 seconds
Start importing Packages/com.unity.test-framework.performance/package.json using Guid(b030b7e8a4c531241b496403efc884ab) (PackageManifestImporter) -> (artifact id: '8324a57ffabb0e9afd883b1654c2a1f7') in 0.0021906 seconds
Start importing Packages/com.unity.ugui/README.md using Guid(e0ae6629cc70b514889df37fccb76832) (TextScriptImporter) -> (artifact id: '15b1fe6ee2db93eaf5190afe794bb3a0') in 0.002751 seconds
Start importing Packages/com.unity.inputsystem/package.json using Guid(f0e14ea80f96b445f97b1c83650d5733) (PackageManifestImporter) -> (artifact id: 'db89301eb09f18bd91347d3b731b5cf4') in 0.0028375 seconds
Start importing Packages/com.unity.modules.ai/package.json using Guid(f0f13f2ab3d6d13cfc6e4656824bfca8) (PackageManifestImporter) -> (artifact id: '993ffce69848b7fc2884f536f4e72d66') in 0.0024561 seconds
Start importing Packages/com.unity.collections/Unity.Collections.LowLevel.ILSupport/README.txt using Guid(11246cfa909f81542b920bd109592bf5) (TextScriptImporter) -> (artifact id: '1b58fb7926fe33e24c66b8ab16c29834') in 0.002342 seconds
Start importing Packages/com.unity.render-pipelines.core/Tests/Editor/RenderPipeline/SettingsStrippingResults/no_strippers_active_A_B_C.json using Guid(11f45568281574f48aee9ddbe7e80112) (TextScriptImporter) -> (artifact id: '427bbbd7106043ae80798d303b5f408f') in 0.0025831 seconds
Start importing Packages/com.unity.inputsystem/ValidationConfig.json using Guid(21e367e100361604f9ad6287fd367d4a) (TextScriptImporter) -> (artifact id: '6747c8a6d1a859362fba897ea410b516') in 0.002859 seconds
Start importing Packages/com.unity.ugui/package.json using Guid(319b8889f363f5947acf209c17a94149) (PackageManifestImporter) -> (artifact id: '6564989623dfa00577e8cfe9c0a984a1') in 0.0024725 seconds
Start importing Packages/com.unity.render-pipelines.universal/Editor/RendererFeatures/NewRendererFeature.cs.txt using Guid(51493ed8d97d3c24b94c6cffe834630b) (TextScriptImporter) -> (artifact id: '7776d5bed27e6a97ca7d75efb0edc672') in 0.0026479 seconds
Start importing Packages/com.unity.ext.nunit/package.json using Guid(8143d3a8390f2c64685e3bc272bd9e90) (PackageManifestImporter) -> (artifact id: 'f17a5872ec6b39c2777cc7e8eb86b1a6') in 0.0025602 seconds
Start importing Packages/com.unity.inputsystem/LICENSE.md using Guid(9166eed4756114bdaa498aca2df93e19) (TextScriptImporter) -> (artifact id: '7c9d36dfdaa6173e588e0793b0d80d1c') in 0.0024393 seconds
Start importing Packages/com.unity.render-pipelines.universal-config/package.json using Guid(b13c5df96839b924b85df50f9659b9e4) (PackageManifestImporter) -> (artifact id: '1ee839e76752a20d210038d374de0809') in 0.0024175 seconds
Start importing Packages/com.unity.render-pipelines.core/Tests/Editor/ShaderStripping/Results/UI_Default_0_0.json using Guid(d18eadffb612a2f4a995f89ad69c62c3) (TextScriptImporter) -> (artifact id: 'c9822bc28d5917466ed41e5b98996790') in 0.0027041 seconds
Start importing Packages/com.unity.textmeshpro/package.json using Guid(220e9325710f4235a43492dd1ee4980d) (PackageManifestImporter) -> (artifact id: '6e1fe5195ac1dfd66074d4d1eb0cd675') in 0.0027325 seconds
Start importing Packages/com.unity.cinemachine/LICENSE.md using Guid(320f1f07d0845624cb1b7a4839826250) (TextScriptImporter) -> (artifact id: '89dbee06c4e49abbe09c04c11fddf17a') in 0.0024417 seconds
Start importing Packages/com.unity.modules.imgui/package.json using Guid(42fe78c8fe682715a2cb531422e6ccb3) (PackageManifestImporter) -> (artifact id: 'b643c636c8e55776455f8adce1983951') in 0.0023134 seconds
Start importing Packages/com.unity.test-framework.performance/ValidationExceptions.json using Guid(a23a55c69f9544b56a85639e7258ea1d) (TextScriptImporter) -> (artifact id: '355e87a971b0aa0ad5fa8d4e7d9ad8f2') in 0.00237 seconds
Start importing Packages/com.unity.rendering.light-transport/Runtime/UnifiedRayTracing/Compute/RadeonRays/README.txt using Guid(f278ca56cfaafbd43be8c0013c5224f5) (TextScriptImporter) -> (artifact id: '7f39c5b772e76d741eb0e1cca46a4b14') in 0.0026393 seconds
Start importing Packages/com.unity.render-pipelines.universal/Editor/RendererFeatures/NewPostProcessRendererFeature.cs.txt using Guid(03e97e85a392e23469cd704039e21501) (TextScriptImporter) -> (artifact id: 'fe23b0b1ea6c5bd9f352b9b9edcbee81') in 0.0024206 seconds
Start importing Packages/com.unity.inputsystem/CHANGELOG.md using Guid(a3e12f7b92d6e49c0b430ae7813c2398) (TextScriptImporter) -> (artifact id: '8e701cb1995c63ddfbff23ad5d72fead') in 0.0028037 seconds
Start importing Packages/com.unity.searcher/README.md using Guid(a363ef2608aa3684794c3db0480fcd81) (TextScriptImporter) -> (artifact id: '4ca074f0d9fce8061be0c79b5e86fb79') in 0.0025327 seconds
Start importing Packages/com.unity.mathematics/package.json using Guid(d34d0af25c21141a98c0cf3c0066444f) (PackageManifestImporter) -> (artifact id: '44bf611c9ecbcc7700c10339777b7077') in 0.0024752 seconds
Start importing Packages/com.unity.burst/ValidationExceptions.json using Guid(f383c015504b380698ba4a8681b1223e) (TextScriptImporter) -> (artifact id: '1832c82ee42321e0f5c680b68fbe37eb') in 0.0026323 seconds
Start importing Packages/com.unity.render-pipelines.core/Tests/Editor/RenderPipeline/SettingsStrippingResults/KeepAStripper_RemoveAStripper_A_B_C.json using Guid(241278b82c9201f40817c73e0e86a393) (TextScriptImporter) -> (artifact id: '5e0e84a9b756327a62047ff3fc8b40ae') in 0.0024411 seconds
Start importing Packages/com.unity.burst/CHANGELOG.md using Guid(544e4fbf839e39e1b693958db86e8cc8) (TextScriptImporter) -> (artifact id: 'ad071e489a24fce97d48d107cdb8208d') in 0.0024443 seconds
Start importing Packages/com.unity.render-pipelines.core/Editor/Lighting/ProbeVolume/RenderingLayerMask/TraceRenderingLayerMask.urtshader using Guid(94a070d33e408384bafc1dea4a565df9) (ScriptedImporter) -> (artifact id: 'c5d5fb078dbf314bde7d4b0284bed8da') in 0.0128052 seconds
Start importing Packages/com.unity.ext.nunit/CHANGELOG.md using Guid(f49bbe06ffa5ae24abe32abdab430c24) (TextScriptImporter) -> (artifact id: 'fceecea86d3291d57dee7acd6734d35a') in 0.0022748 seconds
Start importing Packages/com.unity.ugui/PackageConversionData.json using Guid(05f5bfd584002f948982a1498890f9a9) (TextScriptImporter) -> (artifact id: 'd9e43e27959cd399247c69832ab9dc4f') in 0.0024988 seconds
Start importing Packages/com.unity.render-pipelines.core/ValidationConfig.json using Guid(75497c58fb28415a98098a98e7133272) (TextScriptImporter) -> (artifact id: 'a7e1c03fe37934ac9434255e3e62d48e') in 0.0024372 seconds
Start importing Packages/com.unity.render-pipelines.core/package.json using Guid(753d1ac2429a21a44ac5f937cbbb409f) (PackageManifestImporter) -> (artifact id: 'fe327501efb5cdad5722f2f8739acc6d') in 0.0026657 seconds
Start importing Packages/com.unity.render-pipelines.core/Tests/Editor/RenderPipeline/SettingsStrippingResults/PrivateCtorAStripper_A_B_C.json using Guid(a50296725d3e4cf4aa43416a9a85b52c) (TextScriptImporter) -> (artifact id: '0399baf6faff2dd78ebbad007ed7d043') in 0.0024972 seconds
Start importing Packages/com.unity.collections/CHANGELOG.md using Guid(a5d815866ec304e56b03ec5cfc5f8b0a) (TextScriptImporter) -> (artifact id: 'c9a46daa8d9f1a71fd30da98f2a18730') in 0.0032067 seconds
Start importing Packages/com.unity.rendering.light-transport/package.json using Guid(b52d73aaad31e6c43a0beef9552f9951) (PackageManifestImporter) -> (artifact id: '0540b1d8e3d46ee2d64485d03c9a4e78') in 0.0027654 seconds
Start importing Packages/com.unity.shadergraph/package.json using Guid(d5ac453c34e359d439de9d724772ed3d) (PackageManifestImporter) -> (artifact id: '9d5ac0e868284c29bf865611d5a79cd5') in 0.0027932 seconds
Start importing Packages/com.unity.rendering.light-transport/Tests/Editor/UnifiedRayTracing/TraceRaysAndFetchAttributes.urtshader using Guid(f5da308cb9cb0194e9bfae0b869c004e) (ScriptedImporter) -> (artifact id: 'a5d73b61e417736cb0c428bcd7bf5d38') in 0.0059707 seconds
Start importing Packages/com.unity.splines/CHANGELOG.md using Guid(06ba237cdfbe2264f89158773bd6268b) (TextScriptImporter) -> (artifact id: 'a7cf27d87af5a1ed76170f786e0ffc58') in 0.0025465 seconds
Start importing Packages/com.unity.render-pipelines.universal/CHANGELOG.md using Guid(16b5d2a7d862f49ffb9453600e8ee776) (TextScriptImporter) -> (artifact id: '9533c5cc7e11031e2e5bc5533ab147e4') in 0.0029009 seconds
Start importing Packages/com.unity.shadergraph/LICENSE.md using Guid(3627da0ec84594020b79e02cec8d0b41) (TextScriptImporter) -> (artifact id: '72b4fa774d99603f0009b0150b6b09bb') in 0.0034417 seconds
Start importing Packages/com.unity.settings-manager/README.md using Guid(561e43493ab773746acefbe0f624795e) (TextScriptImporter) -> (artifact id: '9f1bc0427ceb0b7e4af70d7811fc6a06') in 0.0030374 seconds
Start importing Packages/com.unity.mathematics/CHANGELOG.md using Guid(56de866d5032f461baa43decd9ce3bd8) (TextScriptImporter) -> (artifact id: 'c915c18a00b5a08c993883945607100d') in 0.0025895 seconds
Start importing Packages/com.unity.collections/LICENSE.md using Guid(568f02fe7676e4d659782d6038df91de) (TextScriptImporter) -> (artifact id: 'd65e4ff8f611b581202afa9dfb67221e') in 0.0026792 seconds
Start importing Packages/com.unity.searcher/package.json using Guid(86b0e09d2fd75564f90fbc601e1eec6b) (PackageManifestImporter) -> (artifact id: '401904d607b75c1696b0fb693f196cd9') in 0.0023462 seconds
Start importing Packages/com.unity.collections/Unity.Collections.PerformanceTests/README.md using Guid(86abcf43c46cd3743bb775a4682f2d1d) (TextScriptImporter) -> (artifact id: '313554527ad309fd74494e9fa26f1882') in 0.0025339 seconds
Start importing Packages/com.unity.shadergraph/ValidationConfig.json using Guid(a65122cb60c266746acf35e0e5c8ac96) (TextScriptImporter) -> (artifact id: 'eb979cab433de53d88e96e5acd74567d') in 0.0023712 seconds
Start importing Packages/com.unity.test-framework/CHANGELOG.md using Guid(d691174143fd3774ba63d7c493633b99) (TextScriptImporter) -> (artifact id: 'd9511bbc4004db66c6e640ff6c3175a9') in 0.0024099 seconds
Start importing Packages/com.unity.shadergraph/CHANGELOG.md using Guid(d652dd37e32b64cc9b4e36a1e7ddf1b8) (TextScriptImporter) -> (artifact id: 'bf26f6809a460a50e153849737e5fb93') in 0.002695 seconds
Start importing Packages/com.unity.test-framework/package.json using Guid(d6a2e6e4803de7b43baacdc355fc144d) (PackageManifestImporter) -> (artifact id: '846e5f11d9a911bea20a88dcb28ae924') in 0.0028041 seconds
Start importing Packages/com.unity.nuget.mono-cecil/package.json using Guid(17a4fd582bf2d47479cf5c1508ca82c6) (PackageManifestImporter) -> (artifact id: '47259dc0dd4822fd34bb0d798fdbc2a1') in 0.002633 seconds
Start importing Packages/com.unity.cinemachine/Third Party Notices.md using Guid(2764ce5fee86e464f92b661bbaa7ed45) (TextScriptImporter) -> (artifact id: '0a3db900a2eb644b4d30806c8cfb1115') in 0.0025865 seconds
Start importing Packages/com.unity.settings-manager/LICENSE.md using Guid(27264456a8bbc094d9479c5d5f9b0aa5) (TextScriptImporter) -> (artifact id: '294bece29e1ed242c3be149cd0b71784') in 0.0024352 seconds
Start importing Packages/com.unity.settings-manager/CHANGELOG.md using Guid(4774b2f29b63d2844915d86afff02b47) (TextScriptImporter) -> (artifact id: '3c9977fa3ce8ceb56c97ab5d14257c0c') in 0.0027399 seconds
Start importing Packages/com.unity.mathematics/LICENSE.md using Guid(a7f87992cd1d44040ae42b05e5fbdaa5) (TextScriptImporter) -> (artifact id: 'dcb480f55b9e03877084c202f58984ab') in 0.0023946 seconds
Start importing Packages/com.unity.render-pipelines.core/Tests/Editor/ShaderStripping/Results/UI_Default_Sprites_Default_5_0.5.json using Guid(b7530f054ac4b4b4183bef9efddcb60f) (TextScriptImporter) -> (artifact id: '5ee249e49f6cf93e7a5b11d303f86232') in 0.0024755 seconds
Start importing Packages/com.unity.cinemachine/ValidationExceptions.json using Guid(b7ff2a01b79594de080bb89895f6e5ed) (TextScriptImporter) -> (artifact id: '4c138e2914875717adf9672fd6d60552') in 0.0027494 seconds
Start importing Packages/com.unity.inputsystem/README.md using Guid(f747a892239fb40f9a9b9e2acf9929ee) (TextScriptImporter) -> (artifact id: '3ae4f911971c56e7f716f83b8485fc56') in 0.0024228 seconds
Start importing Packages/com.unity.rendering.light-transport/CHANGELOG.md using Guid(f7b7504be10436f4195c66a61397c633) (TextScriptImporter) -> (artifact id: 'ffdbec35b25c60a2bd319b8361eaacd6') in 0.0023566 seconds
Start importing Packages/com.unity.shadergraph/README.md using Guid(08534868baca5cc4092711da8c94e981) (TextScriptImporter) -> (artifact id: '07c637b5701b48568373dfe81f8fdc21') in 0.0023459 seconds
Start importing Packages/com.unity.burst/Third Party Notices.md using Guid(28c762070e0d3359b18a59f9402d5013) (TextScriptImporter) -> (artifact id: '0594e0b44a72c47bdccb3985fe019f76') in 0.0026127 seconds
Start importing Packages/com.unity.splines/LICENSE.md using Guid(2808bd25b3f651d4d9ed886d32d96e95) (TextScriptImporter) -> (artifact id: 'a46ec6685f3b0096149c0ed300a10e37') in 0.002317 seconds
Start importing Packages/com.unity.test-framework.performance/Third Party Notices.md using Guid(682cbcd3b2e7545e2bbc6306016e7bb7) (TextScriptImporter) -> (artifact id: '22ee1f2def4dd34305e029c7a810fd6a') in 0.0022925 seconds
Start importing Packages/com.unity.ugui/CHANGELOG.md using Guid(c851bee4305bddf438cc6ffc515991ce) (TextScriptImporter) -> (artifact id: '80aa7e1c8215b9d3824af55dd65c9c21') in 0.0024496 seconds
Start importing Packages/com.unity.nuget.mono-cecil/Third Party Notices.md using Guid(192a998b912484856a34120268cfbfc9) (TextScriptImporter) -> (artifact id: 'e07d49955e23fcc39e799189a37025ad') in 0.0024059 seconds
Start importing Packages/com.unity.cinemachine/license.txt using Guid(3958e97119b89b14893728476c991114) (TextScriptImporter) -> (artifact id: '65c533c1aeeb5b05f7f9ea7a39daa563') in 0.0028426 seconds
Start importing Packages/com.unity.cinemachine/CHANGELOG.md using Guid(5961b2a4e47c5db438e1234cf03a2a09) (TextScriptImporter) -> (artifact id: 'caf2d02c9f48aabc43548b59a32f08eb') in 0.0027482 seconds
Start importing Packages/com.unity.inputsystem/ValidationExceptions.json using Guid(d9fe79419851eee4e8c90f7d0f934859) (TextScriptImporter) -> (artifact id: '1e7ff8dfdd7263375100ea86f135763c') in 0.0025953 seconds
Start importing Packages/com.unity.ext.nunit/LICENSE.md using Guid(f91a00d2dca52b843b2d50ccf750737d) (TextScriptImporter) -> (artifact id: '55298590a2352299e08e2ff1f27aa1b0') in 0.0029624 seconds
Start importing Packages/com.unity.modules.physics/package.json using Guid(1a4266815e998967becf686f9c71f0a6) (PackageManifestImporter) -> (artifact id: '4fbeefd29956a8cb2b920ec02d72eda6') in 0.0027193 seconds
Start importing Packages/com.unity.burst/LICENSE.md using Guid(3adebabc9c53348aab08029333dba930) (TextScriptImporter) -> (artifact id: 'd264b669ea15005bcef2308f8066e86e') in 0.0027754 seconds
Start importing Packages/com.unity.render-pipelines.universal/ValidationExceptions.json using Guid(3afe581e949e3cc489c978bd8e000c4b) (TextScriptImporter) -> (artifact id: '980e22429d5d4161b19132dc7ef780b2') in 0.0028593 seconds
Start importing Packages/com.unity.render-pipelines.core/Editor/Lighting/ProbeVolume/DynamicGI/DynamicGISkyOcclusion.urtshader using Guid(5a2a534753fbdb44e96c3c78b5a6999d) (ScriptedImporter) -> (artifact id: '8f737021a1094f8218336f823142984a') in 0.0072179 seconds
Start importing Packages/com.unity.cinemachine/package.json using Guid(7a97571b2775aab4e8bf63d9ceb96743) (PackageManifestImporter) -> (artifact id: '8fe4828caab3c9961a6e11e2c492f6fe') in 0.002578 seconds
Start importing Packages/com.unity.inputsystem/InputSystem/Editor/ProjectWideActions/ProjectWideActionsTemplate.json using Guid(8a190d472354bb845973412ac9c5c477) (TextScriptImporter) -> (artifact id: '23f1394f964dd08cd5dc1fe33695703e') in 0.0029994 seconds
Start importing Packages/com.unity.render-pipelines.universal-config/LICENSE.md using Guid(8a8d9e4408d3f1247884b71451a0abcf) (TextScriptImporter) -> (artifact id: '5f6be654156818ac684fb127434d5dc4') in 0.0032291 seconds
Start importing Packages/com.unity.render-pipelines.core/LICENSE.md using Guid(ba4b5cdf8466e485ab792e0e4e45af25) (TextScriptImporter) -> (artifact id: 'cbf749fc26b67c615ba097e8d084c4a3') in 0.0028013 seconds
Start importing Packages/com.unity.inputsystem/InputSystem/Plugins/PlayerInput/DefaultInputActions.inputactions using Guid(ca9f5fa95ffab41fb9a615ab714db018) (ScriptedImporter) -> (artifact id: 'e1f38660b1a47fa5e63d19db711e14fe') in 0.0220427 seconds
Start importing Packages/com.unity.modules.hierarchycore/package.json using Guid(9b1a5759726ef9d39a0ab82047b615f1) (PackageManifestImporter) -> (artifact id: '2c156e03cb13bcc2a06b8c9b0a7a8ac4') in 0.0033798 seconds
Start importing Packages/com.unity.render-pipelines.core/Tests/Editor/RenderPipeline/SettingsStrippingResults/no_strippers_active_no_settings.json using Guid(dbc864b8cdd37be4e8900a8efad3efc5) (TextScriptImporter) -> (artifact id: '7c395ed94f17782f9d6d2e2bc430e142') in 0.0029744 seconds
Start importing Packages/com.unity.ai.navigation/package.json using Guid(fbee67e09f48e4652bfa085460c895c7) (PackageManifestImporter) -> (artifact id: 'c0831351a23e6329037ed0fd459e8d8d') in 0.0025663 seconds
Start importing Packages/com.unity.searcher/CHANGELOG.md using Guid(0ce03cb7950ade54ab84650691ce7a38) (TextScriptImporter) -> (artifact id: 'a9db7eaa315fd0b07f300c471b9307b7') in 0.003906 seconds
Start importing Packages/com.unity.settings-manager/ValidationExceptions.json using Guid(4cd118ee0ff29c4488694a444550f59e) (TextScriptImporter) -> (artifact id: '09959eeb58235dedf3b3325747e5785d') in 0.0028218 seconds
Start importing Packages/com.unity.test-framework.performance/CHANGELOG.md using Guid(5cb0d418e2eda6f4a8ebfe6910c17dd4) (TextScriptImporter) -> (artifact id: '1ab536c82bc6382cd3610d4f1a2690bd') in 0.0025444 seconds
Start importing Packages/com.unity.test-framework.performance/LICENSE.md using Guid(9c8887056eaaa7e4888ca0131e2892da) (TextScriptImporter) -> (artifact id: '058ef78e52790ffb3e4370032ec06545') in 0.0028414 seconds
Start importing Packages/com.unity.ai.navigation/CHANGELOG.md using Guid(ccdfde25179bd45acb7145793b3b87f8) (TextScriptImporter) -> (artifact id: '463d9e54116d2d31af64809219d92b30') in 0.0029053 seconds
Start importing Packages/com.unity.cinemachine/Runtime/Input/CinemachineDefaultInputActions.inputactions using Guid(1d6e640e716dc4ff6989b73d02023f2b) (ScriptedImporter) -> (artifact id: 'c33f395dd6b1ebbce2775568056f7329') in 0.007479 seconds
Start importing Packages/com.unity.ugui/LICENSE.md using Guid(4d3d51749e989f747b2674e0b4d9b3d7) (TextScriptImporter) -> (artifact id: 'cc103b363d4f8f6cb9d80aeeee8cd348') in 0.0025129 seconds
Start importing Packages/com.unity.ext.nunit/README.md using Guid(5da62a0c1c5218c4aa16b74546a7822d) (TextScriptImporter) -> (artifact id: 'ebd2415c4602e9e8df3bcf5433f75a5e') in 0.0025037 seconds
Start importing Packages/com.unity.modules.terrain/package.json using Guid(6d56244f8c39a851975d3c0bd432c66f) (PackageManifestImporter) -> (artifact id: '7f03c5409fa603fad1c4d8ccf7d0f4c3') in 0.0022548 seconds
Start importing Packages/com.unity.collections/package.json using Guid(bd605698a338c4de88bb5b3c4632af68) (PackageManifestImporter) -> (artifact id: 'b38a21c3c4276f0cc339343362362ccb') in 0.0027634 seconds
Start importing Assets/Scenes/README.txt using Guid(bdd1061cfca80da40bffcd7efe423db6) (TextScriptImporter) -> (artifact id: '37bf27c9493ba8e3eec751dc8b7835ea') in 0.0028725 seconds
Start importing Packages/com.unity.render-pipelines.core/Tests/Editor/RenderPipeline/SettingsStrippingResults/RemoveAStripper_A_B_C.json using Guid(bd5d01b5acb573241ba5d80705a999f3) (TextScriptImporter) -> (artifact id: 'a21c5cc9e5c527926b177714a3454443') in 0.0026947 seconds
Start importing Packages/com.unity.render-pipelines.core/Tests/Editor/ShaderStripping/Results/UI_Default_Sprites_Default_5_0.json using Guid(edc0bb404a0b82742bb56f3c56b35ff4) (TextScriptImporter) -> (artifact id: 'f26b9ed26c25c59223e393ca47198c16') in 0.0026661 seconds
Start importing Packages/com.unity.ugui/PackageConversionData_Assets.json using Guid(0e0afa652c0031c48896a97b424d027b) (TextScriptImporter) -> (artifact id: '804ed7b65d087f01b748fb71ecdd6f77') in 0.0026039 seconds
Start importing Packages/com.unity.nuget.mono-cecil/CHANGELOG.md using Guid(1eb7e6f92b1d7d64ba0a48ea751728f3) (TextScriptImporter) -> (artifact id: 'ea864cb6b902b83bccfea25fa888d2ee') in 0.0029897 seconds
Start importing Packages/com.unity.collections/Unity.Collections.PerformanceTests/Unity.PerformanceTesting.Benchmark/README.md using Guid(2e3a7e16dc0bd2346a2514dd143105a9) (TextScriptImporter) -> (artifact id: '2d8ec273cd61e627d91d5aab903147f7') in 0.0027441 seconds
Start importing Packages/com.unity.test-framework/LICENSE.md using Guid(3ec7596410385054a9e0bc90377fbe63) (TextScriptImporter) -> (artifact id: '0186e104071661cdf600f060f6e90c25') in 0.0025944 seconds
Start importing Packages/com.unity.render-pipelines.universal-config/CHANGELOG.md using Guid(5e031dc4f3118ad44b907737119d7ed1) (TextScriptImporter) -> (artifact id: '6aecb873ddfa687996c2814c4f9c2114') in 0.0023514 seconds
Start importing Packages/com.unity.mathematics/ValidationExceptions.json using Guid(5ed727127196a4ecc90e24e2cd7af338) (TextScriptImporter) -> (artifact id: '4cc76c19a2de3daa0998756408ae203b') in 0.0024734 seconds
Start importing Packages/com.unity.rendering.light-transport/Tests/Editor/UnifiedRayTracing/TraceRays.urtshader using Guid(8e91b451db4e4ae4d99c55ce20a031f8) (ScriptedImporter) -> (artifact id: '68779fcdbbe3b41ac6f3a877832dfd0a') in 0.0052383 seconds
Start importing Packages/com.unity.nuget.mono-cecil/README.md using Guid(beaa90bac8bb70d439d582bca35465cb) (TextScriptImporter) -> (artifact id: '7ed5f72e67113543b41b3f7b3440fc61') in 0.0023521 seconds
Start importing Packages/com.unity.render-pipelines.universal/Editor/RendererFeatures/NewPostProcessVolumeComponent.cs.txt using Guid(de03ee604e709ec44b8356ef5776a893) (TextScriptImporter) -> (artifact id: '6c28cc630ff52df40f64d5d8cb9e1e1b') in 0.0030837 seconds
Start importing Packages/com.unity.render-pipelines.universal/LICENSE.md using Guid(eecaac92122b4407f8bf4998e8708aee) (TextScriptImporter) -> (artifact id: '49ca42a80feb51d4198d83afdc547c84') in 0.0024685 seconds
Start importing Packages/com.unity.rendering.light-transport/THIRD PARTY NOTICES.md using Guid(eefc64b67f7aad040905b2000990f5f3) (TextScriptImporter) -> (artifact id: '413155e29d7bd2f271b20187dd1b556a') in 0.0025508 seconds
Start importing Packages/com.unity.collections/ValidationExceptions.json using Guid(fee59c2b2318a7e4fa7a2c2af28d9553) (TextScriptImporter) -> (artifact id: 'aa72942a133ef1ddaa8a46c65006b101') in 0.0024571 seconds
Start importing Packages/com.unity.render-pipelines.universal/Third Party Notices.md using Guid(feee7af7dbba54f55abd26b21ca99071) (TextScriptImporter) -> (artifact id: 'ce43c6b0fa1fb40c867d7a532fb0bcd3') in 0.0024324 seconds
Start importing Packages/com.unity.burst/Unity.Burst.Unsafe.xml using Guid(1f35a383fc36434aaf9e13a75fba3b24) (TextScriptImporter) -> (artifact id: 'ff3d38efe50ba85b8e613e8b40a302c6') in 0.0023602 seconds
Start importing Packages/com.unity.render-pipelines.core/Tests/Editor/RenderPipeline/SettingsStrippingResults/WrongStripper_A_B_C.json using Guid(2fe8312442a2a0d45b36a4263a7b0849) (TextScriptImporter) -> (artifact id: '356c5133c549f8761907526d5a34394d') in 0.0025172 seconds
Start importing Packages/com.unity.rendering.light-transport/LICENSE.md using Guid(3f9ab173074b27e4d9dbb962d586e9ea) (TextScriptImporter) -> (artifact id: '0605364a0962e1a5bd23cfef03344bcd') in 0.0023992 seconds
Start importing Packages/com.unity.render-pipelines.universal/ValidationConfig.json using Guid(3f7d69b580ef4c288896687cfed86996) (TextScriptImporter) -> (artifact id: '17fffaa824e2105950f6ff2941394512') in 0.0028556 seconds
Start importing Packages/com.unity.modules.uielements/package.json using Guid(4f0f9b9f3ed97ad2b9ba8f1a8e4666c2) (PackageManifestImporter) -> (artifact id: 'cc3454a6874bf9fdc20707a52facedc0') in 0.0029047 seconds
Start importing Packages/com.unity.cinemachine/README.md using Guid(5fddd5fc411394deea42ff11104f70a2) (TextScriptImporter) -> (artifact id: '2355e613b32f9eb8b59ed74d93e83140') in 0.002526 seconds
Start importing Packages/com.unity.ai.navigation/README.md using Guid(6fc2b2cf518e540319637f5c5c573d3a) (TextScriptImporter) -> (artifact id: '47c7598b710f335f7016b41369f0f941') in 0.0021955 seconds
Start importing Packages/com.unity.splines/package.json using Guid(7fbddc3d391b09748856824634187946) (PackageManifestImporter) -> (artifact id: '3c31f29a9c0ff452b37256dbed44613e') in 0.0030905 seconds
Start importing Packages/com.unity.nuget.mono-cecil/LICENSE.md using Guid(9fc87c3ee46f3b34e97e18e4fcac8151) (TextScriptImporter) -> (artifact id: '13db5c1c52a2323cebee3d982604db8f') in 0.0032979 seconds
Start importing Packages/com.unity.collections/README.md using Guid(af5aad29a2c56fd449428c9041fc68bb) (TextScriptImporter) -> (artifact id: 'abc237ae162c991a85f60885f7f75ab1') in 0.0026288 seconds
Start importing Packages/com.unity.ai.navigation/LICENSE.md using Guid(af8f9a7f066204789819c6a616afe2c0) (TextScriptImporter) -> (artifact id: 'af9faaf49f00620cedd4938cd03ac155') in 0.0027659 seconds
Start importing Packages/com.unity.modules.ui/package.json using Guid(bfd567a3d1631a761bca9e99fa53d86d) (PackageManifestImporter) -> (artifact id: 'b6a9b41c4f747864b57f61357f87e39b') in 0.002424 seconds
Start importing Packages/com.unity.ext.nunit/Third Party Notices.md using Guid(bfcb3ba499f7d452b92d9a9cc3378788) (TextScriptImporter) -> (artifact id: 'a0ad95160bf24b81a3492900b4dce76e') in 0.0024062 seconds
Start importing Packages/com.unity.render-pipelines.core/Editor/Lighting/ProbeVolume/VirtualOffset/TraceVirtualOffset.urtshader using Guid(ff2cbab5da58bf04d82c5f34037ed123) (ScriptedImporter) -> (artifact id: '6d6336cc3a535abac377e5d00f2a923b') in 0.0081785 seconds
Start importing Packages/com.unity.render-pipelines.core/Runtime/Debugging/Prefabs/Widgets/DebugUIMessageBox.prefab using Guid(10a25524b0986f9488b430e2829bbbe8) (PrefabImporter) -> (artifact id: '808e7e6c10a51b83ea89d81c6fefd62b') in 0.0096587 seconds
Start importing Packages/com.unity.render-pipelines.core/Runtime/Debugging/Prefabs/Widgets/DebugUIToggleHistory.prefab using Guid(5088d0220f0c4df439cf06c5c270eacb) (PrefabImporter) -> (artifact id: '8e7652cf723a84ea6f73147429c28878') in 0.0098487 seconds
Start importing Packages/com.unity.render-pipelines.core/Runtime/Debugging/Prefabs/Widgets/DebugUIVector2.prefab using Guid(326f7c58aed965d41bf7805a782d1e44) (PrefabImporter) -> (artifact id: 'd86e2cb7b250be35b0b48be478d26cb5') in 0.0090863 seconds
Start importing Packages/com.unity.render-pipelines.core/Runtime/Debugging/Prefabs/Widgets/DebugUIHandlerRenderingLayerField.prefab using Guid(928d1ca04af80c84e8d5dabc18095d79) (PrefabImporter) -> (artifact id: 'd00de490bb2ce672883a9e9e08e5e399') in 0.0244215 seconds
Start importing Packages/com.unity.render-pipelines.core/Runtime/Debugging/Prefabs/Widgets/DebugUIValueTuple.prefab using Guid(a2148203dd960814ca5db0c293ceda35) (PrefabImporter) -> (artifact id: 'e7de24096cb76ed6c5a04a270a786605') in 0.0042864 seconds
Start importing Packages/com.unity.render-pipelines.core/Runtime/Debugging/Prefabs/Widgets/DebugUIEnumHistory.prefab using Guid(b2da6b27df236b144b3516ed8e7d36ac) (PrefabImporter) -> (artifact id: '783423751035164b6b8d569394d442c1') in 0.0039812 seconds
Start importing Packages/com.unity.render-pipelines.core/Runtime/Debugging/Prefabs/Widgets/DebugUIUIntField.prefab using Guid(f22bcc84a5f4a1944b075a2c4ac71493) (PrefabImporter) -> (artifact id: 'fe9d52f797f992ec0980c7452f8783ae') in 0.0070573 seconds
Start importing Packages/com.unity.render-pipelines.core/Runtime/Debugging/Prefabs/Widgets/DebugUIProgressBar.prefab using Guid(d3770aaa3bbd8384aabab9ddd383e21e) (PrefabImporter) -> (artifact id: '9a9e273a651b9b0b444af4c7626a4750') in 0.0044555 seconds
Start importing Packages/com.unity.render-pipelines.core/Runtime/Debugging/Prefabs/Widgets/DebugUIVector3.prefab using Guid(94afea5f242d72547979595ba963f335) (PrefabImporter) -> (artifact id: '2687a998f672cd7b1f7ac4a6c930751a') in 0.0075513 seconds
Start importing Packages/com.unity.render-pipelines.core/Runtime/Debugging/Prefabs/Widgets/DebugUIVector4.prefab using Guid(d47f009476100f545971a81ede14c750) (PrefabImporter) -> (artifact id: 'f7de65891640849fe2a6074076b7fa1f') in 0.0069255 seconds
Start importing Packages/com.unity.render-pipelines.core/Runtime/Debugging/Prefabs/Resources/DebugUIPersistentCanvas.prefab using Guid(f6b1a0fe75d5009449cf55ae76220e2b) (PrefabImporter) -> (artifact id: '948f587d3debd7724dd8e7b58b1a2dad') in 0.0053225 seconds
Start importing Packages/com.unity.render-pipelines.core/Runtime/Debugging/Prefabs/Widgets/DebugUIButton.prefab using Guid(f6ce33b91f6ffe54cadacbf4bb112440) (PrefabImporter) -> (artifact id: 'a25d12e872096e6844095a34823e3ce9') in 0.0041178 seconds
Start importing Packages/com.unity.render-pipelines.core/Runtime/Debugging/Prefabs/Widgets/DebugUIColor.prefab using Guid(77c185820dd1a464eac89cae3abccddf) (PrefabImporter) -> (artifact id: 'c73c394c51f53ca78ac05b3dedca34b9') in 0.0058867 seconds
Start importing Packages/com.unity.render-pipelines.core/Runtime/Debugging/Prefabs/Widgets/DebugUIValuePersistent.prefab using Guid(8778e6b26b51c6a4999b94d7cacd8b5d) (PrefabImporter) -> (artifact id: '6877d51145bc0d7f448d54abf46fce15') in 0.0036535 seconds
Start importing Packages/com.unity.render-pipelines.core/Runtime/Debugging/Prefabs/Widgets/DebugUIHBox.prefab using Guid(f7f5e36797cf0c1408561665c67b179b) (PrefabImporter) -> (artifact id: '220a1827bbda8144b530c2338489179b') in 0.0037599 seconds
Start importing Packages/com.unity.render-pipelines.core/Runtime/Debugging/Prefabs/Widgets/DebugUIGroup.prefab using Guid(38a07789c9e87004dad98c2909f58369) (PrefabImporter) -> (artifact id: 'f872924d8b4af2017b427652deb4dcf5') in 0.0039539 seconds
Start importing Packages/com.unity.render-pipelines.core/Runtime/Debugging/Prefabs/Widgets/DebugUIObjectPopupField.prefab using Guid(48fb043c850cadc4a883b53785e14c6e) (PrefabImporter) -> (artifact id: 'f09f97dde99ab7d2fd9a432155607b24') in 0.0057837 seconds
Start importing Packages/com.unity.render-pipelines.core/Runtime/Debugging/Prefabs/Widgets/DebugUIEnumField.prefab using Guid(988db55689193434fb0b3b89538f978f) (PrefabImporter) -> (artifact id: '9f4e93a4ae75d8f2103698ac35e301a3') in 0.0043062 seconds
Start importing Packages/com.unity.render-pipelines.core/Runtime/Debugging/Prefabs/Widgets/DebugUIObject.prefab using Guid(a87cfaef648f17c41b568e842e068c51) (PrefabImporter) -> (artifact id: 'f74b410380d484e1e5ea7d421261b059') in 0.0038874 seconds
Start importing Packages/com.unity.render-pipelines.core/Runtime/Debugging/Prefabs/Widgets/DebugUIFloatField.prefab using Guid(d8c744701b43c864b88e7f8144e19bc5) (PrefabImporter) -> (artifact id: '819be003fc8b4f08c57c8919bf07f7f8') in 0.0074772 seconds
Start importing Packages/com.unity.render-pipelines.core/Runtime/Debugging/Prefabs/Widgets/DebugUIVBox.prefab using Guid(ca3e294656861a64b8aeeb9f916da0a9) (PrefabImporter) -> (artifact id: '33c29db82b3cf8b61de3d5a6ef69d80a') in 0.0045669 seconds
Start importing Packages/com.unity.render-pipelines.core/Runtime/Debugging/Prefabs/Widgets/DebugUIPanel.prefab using Guid(daa46a58178a6ad41ae1ddc2dc7f856d) (PrefabImporter) -> (artifact id: '7eabdf9e4511f4679c61db7a15dac76c') in 0.0139181 seconds
Start importing Packages/com.unity.render-pipelines.core/Runtime/Debugging/Prefabs/Widgets/DebugUIFoldout.prefab using Guid(1c87ab2ce8b8b304d98fbe9a734b1f74) (PrefabImporter) -> (artifact id: 'a4e41689a70d6dfedc135852789e6fe1') in 0.004534 seconds
Start importing Packages/com.unity.render-pipelines.core/Runtime/Debugging/Prefabs/Widgets/DebugUIBitField.prefab using Guid(7c78b588b2e1f7c4a86ca4a985cf6e4a) (PrefabImporter) -> (artifact id: 'd1bb44b5a834c9f463f17653b62a4cb8') in 0.0270315 seconds
Start importing Packages/com.unity.render-pipelines.core/Runtime/Debugging/Prefabs/Widgets/DebugUIValue.prefab using Guid(dc0f88987826e6e48b1fe9c7c2b53a53) (PrefabImporter) -> (artifact id: '4ec678f36d0dfec89a19478a6985e0e0') in 0.0039443 seconds
Start importing Packages/com.unity.render-pipelines.core/Runtime/Debugging/Prefabs/Widgets/DebugUIRow.prefab using Guid(2d019437ff89b8d44949727731cd9357) (PrefabImporter) -> (artifact id: '82278d8a2173948d668c19758e617244') in 0.0044203 seconds
Start importing Packages/com.unity.render-pipelines.core/Runtime/Debugging/Prefabs/Widgets/DebugUIObjectList.prefab using Guid(ad83bc56407925d44a77a5bd01cd6783) (PrefabImporter) -> (artifact id: 'd255820ca3e7fcf7e5efe9b7ee7cc1f3') in 0.0043836 seconds
Start importing Packages/com.unity.render-pipelines.core/Runtime/Debugging/Prefabs/Widgets/DebugUIIntField.prefab using Guid(ae00bb75e0cd5b04b8fe7fb4ab662629) (PrefabImporter) -> (artifact id: 'b9e2e2e0eb48d925fe2c31329688110b') in 0.0049693 seconds
Start importing Packages/com.unity.render-pipelines.core/Runtime/Debugging/Prefabs/Widgets/DebugUIToggle.prefab using Guid(ce347ad101f41ee4ab5c3fbc0ea447db) (PrefabImporter) -> (artifact id: 'cf93ed87d10e6406df7594ce8267ceb3') in 0.0040211 seconds
Start importing Packages/com.unity.render-pipelines.core/Runtime/Debugging/Prefabs/Resources/DebugUICanvas.prefab using Guid(cf6cbdd672089a84796e55a21fed1cbe) (PrefabImporter) -> (artifact id: 'b2a77b02add2925e7a4551b3597f4784') in 0.0352269 seconds
Start importing Packages/com.unity.shadergraph/Editor/Resources/Styles/SGBlackboard.uss using Guid(00d735264dc3c1849bf2ee8dec95ec39) (ScriptedImporter) -> (artifact id: '3818de1bd35784caeb3e043e617ab524') in 0.0331278 seconds
Start importing Packages/com.unity.render-pipelines.core/Editor/StyleSheets/HeaderFoldout.uss using Guid(20e417e1ec9645d44ad61671212c15f7) (ScriptedImporter) -> (artifact id: 'ff193af91f1b1f8626d421a5076d37f2') in 0.0228424 seconds
Start importing Packages/com.unity.shadergraph/Editor/Resources/Styles/TabbedView.uss using Guid(5029dcd30f82c1144a88484f32a2f79c) (ScriptedImporter) -> (artifact id: 'bc791585054cb834ac2aa2d884b94274') in 0.003773 seconds
Start importing Packages/com.unity.splines/Editor/Stylesheets/SplineAnimateInspectorLight.uss using Guid(602641ea1fd244aaba8015c11565a988) (ScriptedImporter) -> (artifact id: '3021a580d85e0e7eea135afc2a81ce66') in 0.004296 seconds
Start importing Packages/com.unity.shadergraph/Editor/Resources/Styles/Controls/IntegerControlView.uss using Guid(600766c36ef866641959f10610a7ee4f) (ScriptedImporter) -> (artifact id: 'f3a9543871fd72c6b42f0e68664a719a') in 0.0047293 seconds
Start importing Packages/com.unity.shadergraph/Editor/Resources/Styles/HelpBoxRow.uss using Guid(c0c3b27af341d91469183b16b7d6638b) (ScriptedImporter) -> (artifact id: '3bbd0198c82d021a8269c73f92da3096') in 0.0041751 seconds
Start importing Packages/com.unity.render-pipelines.universal/Editor/Converter/converter_widget_main.uss using Guid(012f251bbb5d36246a87499f75dd8b24) (ScriptedImporter) -> (artifact id: 'feb3afe6a30f28ed4a6221500245a3e6') in 0.0040115 seconds
Start importing Packages/com.unity.shadergraph/Editor/Resources/Resizable.uss using Guid(419e3929026046a4797ab0c35f33a788) (ScriptedImporter) -> (artifact id: 'a0f5c9f8bdf366da63159170e3c8a15a') in 0.0045715 seconds
Start importing Packages/com.unity.shadergraph/Editor/Resources/Styles/Controls/ScreenPositionSlotControlView.uss using Guid(61a89c57c8aee6c43ac9433a7a5dbf9e) (ScriptedImporter) -> (artifact id: '5a6f739549523554f9b136077e96a420') in 0.0048125 seconds
Start importing Packages/com.unity.shadergraph/Editor/Resources/Styles/PixelCacheProfiler.uss using Guid(61cf67e9c1f54ceab08d2bd16ffd3c53) (ScriptedImporter) -> (artifact id: 'ffa6cc503e9a21792b1ca896461f2f0c') in 0.004643 seconds
Start importing Packages/com.unity.shadergraph/Editor/Resources/Styles/Controls/CubemapSlotControlView.uss using Guid(81f64e9003fb9674889a56938f078eb0) (ScriptedImporter) -> (artifact id: 'b2d7323225fef3a2e4302badedda557d') in 0.0044066 seconds
Start importing Packages/com.unity.shadergraph/Editor/Resources/Styles/MasterPreviewView.uss using Guid(a141d7b330b4c764ab25b2ba4ac38b2f) (ScriptedImporter) -> (artifact id: '39447fe9a4cf920f661e67068b517da6') in 0.0043879 seconds
Start importing Packages/com.unity.shadergraph/Editor/Resources/Styles/RedirectNode.uss using Guid(e1a4e0aa330ca2f43b4625b248a0539e) (ScriptedImporter) -> (artifact id: '95fb14306e929a52b7e9a485ad97c720') in 0.0051071 seconds
Start importing Packages/com.unity.shadergraph/Editor/Resources/Styles/Controls/TextureArraySlotControlView.uss using Guid(223e574ec2e9a40e690b2d94380057cf) (ScriptedImporter) -> (artifact id: 'f8425fb1df4d0789c3f723c0a469ae6b') in 0.004102 seconds
Start importing Packages/com.unity.splines/Editor/Stylesheets/SplineInspectorCommon.uss using Guid(822ea5c93c1bf9349bdbc5af5e6add1c) (ScriptedImporter) -> (artifact id: '1ae4dec23b4e4b92ad75d78c765a1f2b') in 0.0073013 seconds
Start importing Packages/com.unity.render-pipelines.core/Editor/StyleSheets/RenderPipelineGlobalSettings.uss using Guid(925e22fd08389624bbc859935ca73339) (ScriptedImporter) -> (artifact id: '9aa209aa033fb46f4bb22f7bafbc22ac') in 0.0040802 seconds
Start importing Packages/com.unity.render-pipelines.universal/Editor/Converter/converter_editor.uss using Guid(0356b27d63ed56a4c9b6fa5b729c89f8) (ScriptedImporter) -> (artifact id: 'cf566e1229443b2d130943f4a2243197') in 0.0046939 seconds
Start importing Packages/com.unity.ai.navigation/Editor/ConversionSystem/converter_widget.uss using Guid(63cb84b97408b4d25a6925daccffcd22) (ScriptedImporter) -> (artifact id: '9f2a56a83a810b427360d004488500bc') in 0.0033618 seconds
Start importing Packages/com.unity.shadergraph/Editor/Resources/Styles/ShaderPort.uss using Guid(736551d82e9cda54b8f6f606ebc6de27) (ScriptedImporter) -> (artifact id: '1b14330978c4628cd18c9b7c4b27a834') in 0.0068094 seconds
Start importing Packages/com.unity.render-pipelines.core/Editor/StyleSheets/DefaultVolumeProfileEditor.uss using Guid(83a028a39a272694784e78db21cff69b) (ScriptedImporter) -> (artifact id: '6b92114cf84053863ab1e997f111612b') in 0.0038286 seconds
Start importing Packages/com.unity.shadergraph/Editor/Resources/Styles/PropertyNameReferenceField.uss using Guid(93842094f0dbac941bac7d2af67241b3) (ScriptedImporter) -> (artifact id: 'd7a2c00078579d3a0bfb6b498cb64aa9') in 0.0041522 seconds
Start importing Packages/com.unity.splines/Editor/Stylesheets/SplineInspectorLight.uss using Guid(c33ec34c59a5fa94bad4452c78635f07) (ScriptedImporter) -> (artifact id: 'ec16e4c4a0ed9676c6df56e52fce8ce5') in 0.0158198 seconds
Start importing Packages/com.unity.splines/Editor/Stylesheets/SplineInspectorDark.uss using Guid(e33dd4fb2aaf76843bca29d96b840b15) (ScriptedImporter) -> (artifact id: '6b14a7682455495353bf3644e9be8248') in 0.0098081 seconds
Start importing Packages/com.unity.shadergraph/Editor/Resources/Styles/HeatmapValuesEditor.uss using Guid(54f2b0dd16c64e699842f28e948cc04b) (ScriptedImporter) -> (artifact id: '85476f5e7a170831edf860e176386256') in 0.0047678 seconds
Start importing Packages/com.unity.shadergraph/Editor/Resources/Styles/GraphSubWindow.uss using Guid(74741f330ea4fe848977aa5900880f7b) (ScriptedImporter) -> (artifact id: 'e61c0c276a6ac1b6fb405edfca0de2f2') in 0.0069611 seconds
Start importing Packages/com.unity.shadergraph/Editor/Resources/Styles/MaterialNodeView.uss using Guid(c47827ee6a0eadd4288dede8e3993da3) (ScriptedImporter) -> (artifact id: 'eae16c1fcd8fac4669e4dafe33446346') in 0.0077765 seconds
Start importing Packages/com.unity.shadergraph/Editor/Resources/Styles/Controls/SliderControlView.uss using Guid(e425c4562a777aa40a6daed5f97d03b7) (ScriptedImporter) -> (artifact id: 'f605b676ebda6164ab5a3acf64afc75a') in 0.0046038 seconds
Start importing Packages/com.unity.shadergraph/Editor/Resources/Styles/PropertyNodeView.uss using Guid(0620899e56d69964ba2cbda1de01bbe2) (ScriptedImporter) -> (artifact id: 'c38d04a67403fca028f535ed5a617368') in 0.0043508 seconds
Start importing Packages/com.unity.shadergraph/Editor/Resources/Styles/MaterialGraph.uss using Guid(466e6b269ff1900438e46c66af51cef8) (ScriptedImporter) -> (artifact id: 'a3eeeda8475ee24a8cd845b6de2cc0fd') in 0.0031478 seconds
Start importing Packages/com.unity.shadergraph/Editor/Resources/Styles/Controls/PopupControlView.uss using Guid(5632d12a476944a4c96410178f559fd3) (ScriptedImporter) -> (artifact id: '020d10f5a4f62263a0b8f150f7dbff72') in 0.0045986 seconds
Start importing Packages/com.unity.shadergraph/Editor/Resources/Styles/Controls/GradientSlotControlView.uss using Guid(76dc05b36584d4d0085b786ca1b29fe3) (ScriptedImporter) -> (artifact id: '8b57b18ee3eb77fcf1069d536bba956c') in 0.0047219 seconds
Start importing Packages/com.unity.shadergraph/Editor/Resources/Styles/ReorderableSlotListView.uss using Guid(86af34a821ab1e64aa04298dc9cafb4e) (ScriptedImporter) -> (artifact id: 'e0eeceb8e687a7b05f0378c3b079c2a2') in 0.0040472 seconds
Start importing Packages/com.unity.shadergraph/Editor/Resources/Styles/Controls/EnumConversionControlView.uss using Guid(96e6e59ca33b02f4e816a4693a642883) (ScriptedImporter) -> (artifact id: '7ee492ca8a8ce88dc638aab79d414678') in 0.0046434 seconds
Start importing Packages/com.unity.shadergraph/Editor/Resources/Styles/Controls/ColorRGBASlotControlView.uss using Guid(a690636bb8883ea4db5f27192551b973) (ScriptedImporter) -> (artifact id: '355b4e2d6cc166c83d95beb8e8e74200') in 0.0044951 seconds
Start importing Packages/com.unity.shadergraph/Editor/Resources/Styles/Controls/DielectricSpecularControlView.uss using Guid(b6e0d19d1d9f531419f20cd97c102ad5) (ScriptedImporter) -> (artifact id: '3eccd4c8028b6faf9691fa7f696eb2d2') in 0.0063504 seconds
Start importing Packages/com.unity.shadergraph/Editor/Resources/Styles/Controls/TextControlView.uss using Guid(b60919d98f4e6f54681012e4d7ad2a01) (ScriptedImporter) -> (artifact id: '04bf411d1220bbf408e87751e7b012b1') in 0.0043189 seconds
Start importing Packages/com.unity.shadergraph/Editor/Resources/Styles/HlslFunctionView.uss using Guid(c6a3af95768504ef29093f7793eaf5f9) (ScriptedImporter) -> (artifact id: '2a9141deea57ded9d7db2d63b713d563') in 0.0043369 seconds
Start importing Packages/com.unity.shadergraph/Editor/Resources/Styles/CustomSlotLabelField.uss using Guid(07b35fab3034b5b4f92ad33b949d4340) (ScriptedImporter) -> (artifact id: 'd963a1e0a711f784f3da693ffd2b7ed7') in 0.003619 seconds
Start importing Packages/com.unity.render-pipelines.core/Editor/StyleSheets/RenderGraphViewerDark.uss using Guid(a74acab1c36b3344e95480f4d42afd55) (ScriptedImporter) -> (artifact id: '2545569cebf33939099c0cb6aaf946f2') in 0.0102345 seconds
Start importing Packages/com.unity.shadergraph/Editor/Resources/Styles/Controls/BooleanSlotControlView.uss using Guid(c72bf0f50e306d944a1e48a2bb299082) (ScriptedImporter) -> (artifact id: '99524ee8cf0d9bdcbac176cbc59b071a') in 0.0035513 seconds
Start importing Packages/com.unity.render-pipelines.core/Editor/LookDev/DisplayWindow.uss using Guid(e78887bb3654fde48bc3bc31beb7c7e4) (ScriptedImporter) -> (artifact id: '07e5a2239a529847b27d87db2f80e1eb') in 0.0104474 seconds
Start importing Packages/com.unity.shadergraph/Editor/Resources/Styles/InspectorView.uss using Guid(485099284bca84dcfbf9af86eb599f6f) (ScriptedImporter) -> (artifact id: 'd49585c6d13f4ea3838558d78239c7eb') in 0.0047955 seconds
Start importing Packages/com.unity.shadergraph/Editor/Resources/Selectable.uss using Guid(58c573829af3c7c44aaf7d3125df048a) (ScriptedImporter) -> (artifact id: 'c801212c61abe69c593040b51838b9ea') in 0.0041918 seconds
Start importing Packages/com.unity.shadergraph/Editor/Resources/Styles/Controls/MultiFloatControlView.uss using Guid(88a2f14704b95c04489527404f433249) (ScriptedImporter) -> (artifact id: 'a855ad839a5980d83bc250774ea12348') in 0.0039237 seconds
Start importing Packages/com.unity.shadergraph/Editor/Resources/Styles/Controls/EnumControlView.uss using Guid(98e35cb4631356142bd2f27a5a31543e) (ScriptedImporter) -> (artifact id: '2e4d4ce5b21616bb36d16f5334f055a5') in 0.0038029 seconds
Start importing Packages/com.unity.shadergraph/Editor/Resources/Styles/GraphEditorView.uss using Guid(c8974112dad54614f894afd0042d3a60) (ScriptedImporter) -> (artifact id: '979a36d08e665798eb61cf0b5d2be856') in 0.0064931 seconds
Start importing Packages/com.unity.shadergraph/Editor/Resources/Styles/Controls/MultiFloatSlotControlView.uss using Guid(191128023ec19d143b9328a73ff33d8c) (ScriptedImporter) -> (artifact id: 'd99e9cc5e92b2ef3259fda41bbcf1aa3') in 0.0035757 seconds
Start importing Packages/com.unity.shadergraph/Editor/Resources/StickyNote.uss using Guid(49f440ce949d5b944bccdfef70f2aca7) (ScriptedImporter) -> (artifact id: 'ae442a900ada83157beef48921556a02') in 0.0066242 seconds
Start importing Packages/com.unity.shadergraph/Editor/Resources/Styles/NodeSettings.uss using Guid(59bba4c88ab5f464d9a8f51088561c48) (ScriptedImporter) -> (artifact id: '33bb653270b45062638aa21f6eab5267') in 0.0034288 seconds
Start importing Packages/com.unity.shadergraph/Editor/Resources/Styles/Controls/TextureSlotControlView.uss using Guid(69d9130ff4b1d8847904bf9579adc7e0) (ScriptedImporter) -> (artifact id: '6dfb371336f605784b9d5b4111b02788') in 0.0044744 seconds
Start importing Packages/com.unity.shadergraph/Editor/Resources/Styles/Controls/UVSlotControlView.uss using Guid(79edeef1474952e41b017ad4ac812f5e) (ScriptedImporter) -> (artifact id: 'f27c55a524de715faca8fbfb4c782dd3') in 0.0043942 seconds
Start importing Packages/com.unity.shadergraph/Editor/Resources/Styles/Controls/ChannelMixerControlView.uss using Guid(99d6d41531ec36841953987e7ae78317) (ScriptedImporter) -> (artifact id: '507c76c2b27196c2713900ddba2b7f35') in 0.0048095 seconds
Start importing Packages/com.unity.shadergraph/Editor/Resources/Styles/MaterialGraphView.uss using Guid(c95091ab1e1b926498a5938a7d0e1ef6) (ScriptedImporter) -> (artifact id: '5c86fee5af2941e1c68025de054c0faa') in 0.0037909 seconds
Start importing Packages/com.unity.shadergraph/Editor/Resources/Styles/ColorMode.uss using Guid(d9a970c4d408c408b888ee0caa8403eb) (ScriptedImporter) -> (artifact id: '97889d6ebd303b5bdb317becad963318') in 0.0043799 seconds
Start importing Packages/com.unity.shadergraph/Editor/Resources/Styles/PropertyRow.uss using Guid(2af887df8cf23de4f9bf550f4e917c18) (ScriptedImporter) -> (artifact id: '7b1e4f50753e1cb23c604b4de098d489') in 0.004521 seconds
Start importing Packages/com.unity.splines/Editor/Stylesheets/SplineAnimateInspectorCommon.uss using Guid(2a8a7b20b8efb4f0ab1c2301dbc0e86c) (ScriptedImporter) -> (artifact id: '2cba7399478efdbf0281b5c83e75f716') in 0.0038214 seconds
Start importing Packages/com.unity.shadergraph/Editor/Resources/Styles/Controls/ToggleControlView.uss using Guid(8a80fd0ae214be84187160e65df52a8c) (ScriptedImporter) -> (artifact id: '9c1cde7fa4356b56c4b6bab35016680a') in 0.0036267 seconds
Start importing Packages/com.unity.shadergraph/Editor/Resources/Styles/Controls/MultiIntegerSlotControlView.uss using Guid(da559d27fc411114ab78e3561b55270a) (ScriptedImporter) -> (artifact id: '0de9b5e29b77289283201c3e45970b60') in 0.0035044 seconds
Start importing Packages/com.unity.splines/Editor/Stylesheets/SplineAnimateInspectorDark.uss using Guid(da6f83a9449ae48458b549c1db0a17b7) (ScriptedImporter) -> (artifact id: '846e625dae2d831d10cc976ae98a2b10') in 0.0034233 seconds
Start importing Packages/com.unity.shadergraph/Editor/Resources/Styles/Controls/ColorControlView.uss using Guid(4b038bc8dced2a440bc294aeff20a4ac) (ScriptedImporter) -> (artifact id: '36181aa7abf6c097405a32eaebdce479') in 0.0038025 seconds
Start importing Packages/com.unity.render-pipelines.core/Editor/StyleSheets/HelpButton.uss using Guid(4b3af3115f6d00b41a5655ef26d54683) (ScriptedImporter) -> (artifact id: 'eb5e99c27b70956d690b249462c0b27b') in 0.0037636 seconds
Start importing Packages/com.unity.render-pipelines.core/Editor/StyleSheets/RenderGraphViewerLight.uss using Guid(8bf46326c944b984c9084f09aef9b2e2) (ScriptedImporter) -> (artifact id: '30b7e889c5e0878333f9aa4a4cc21521') in 0.0082917 seconds
Start importing Packages/com.unity.shadergraph/Editor/Resources/Styles/PortInputView.uss using Guid(1cea6b2114919574aac870488908a2e0) (ScriptedImporter) -> (artifact id: '87f0260eb409326f0a45b37490e6a838') in 0.0058272 seconds
Start importing Packages/com.unity.render-pipelines.core/Editor/LookDev/DisplayWindow-PersonalSkin.uss using Guid(7c95237923780ad4683f959f53629b60) (ScriptedImporter) -> (artifact id: '3ac12c99f6140fdc75aea2f96d857ddb') in 0.0043688 seconds
Start importing Packages/com.unity.shadergraph/Editor/Resources/Styles/PropertySheet.uss using Guid(acd20f0eca2b65544b43e657d5d713fe) (ScriptedImporter) -> (artifact id: '6024fc996475bc1db0897be026906cae') in 0.0042783 seconds
Start importing Packages/com.unity.render-pipelines.core/Editor/LookDev/Inspectors.uss using Guid(ac4993c3b6160894d896820a9648ff4d) (ScriptedImporter) -> (artifact id: 'ec4593565fcf1a2bffaf85fba06bd3ca') in 0.0041389 seconds
Start importing Packages/com.unity.shadergraph/Editor/Resources/Styles/TabButtonStyles.uss using Guid(cc32bf8b702832a4dbf1930552549db8) (ScriptedImporter) -> (artifact id: '1221e5ee92cae2211de92e2c0d6c1286') in 0.0041612 seconds
Start importing Packages/com.unity.inputsystem/InputSystem/Editor/UITKAssetEditor/Resources/InputAssetEditorDark.uss using Guid(cca9ce0c8554d5244930f14c21489ac1) (ScriptedImporter) -> (artifact id: 'c714392782640e0f9ea7ebaa89627c80') in 0.0036321 seconds
Start importing Packages/com.unity.render-pipelines.core/Editor/StyleSheets/HeaderFoldoutLight.uss using Guid(dc364c42ee0194a4cace7e9e86e0b9dc) (ScriptedImporter) -> (artifact id: 'bb0f31683a03e2c75a4017dcef78aae0') in 0.0035928 seconds
Start importing Packages/com.unity.shadergraph/Editor/Resources/Styles/Controls/ChannelEnumMaskControlView.uss using Guid(1db7b9bf1f9186d44ba7fefd3bc715c6) (ScriptedImporter) -> (artifact id: '23c8bb8ad769d82284ad5cbe8a21e1ae') in 0.003823 seconds
Start importing Packages/com.unity.searcher/Editor/Resources/Searcher.uss using Guid(4deaa574907fd7647ab0d5bff0e9ba24) (ScriptedImporter) -> (artifact id: 'c456f0cace580794e090bfeaee9ae96e') in 0.0078342 seconds
Start importing Packages/com.unity.inputsystem/InputSystem/Editor/UITKAssetEditor/Resources/InputActionsEditorStyles.uss using Guid(7dac9c49a90bca4499371d0adc9b617b) (ScriptedImporter) -> (artifact id: 'fdde298de81b958f0c00e3a9a4bab261') in 0.0067452 seconds
Start importing Packages/com.unity.shadergraph/Editor/Resources/Styles/Controls/Texture3DSlotControlView.uss using Guid(8d40f6518d8654aa4bf083cc5897f8ee) (ScriptedImporter) -> (artifact id: '5839ecef6843099aa24cc1a6ffc50d8d') in 0.004791 seconds
Start importing Packages/com.unity.shadergraph/Editor/Resources/Styles/Controls/GradientControlView.uss using Guid(8d3443495105d4166996158d4b321c21) (ScriptedImporter) -> (artifact id: '9117f0ea1cffb32b46901f8b6e631aef') in 0.003897 seconds
Start importing Packages/com.unity.shadergraph/Editor/Resources/Styles/Controls/ChannelEnumControlView.uss using Guid(8dfac6eef2d89e8428c7a79b147413db) (ScriptedImporter) -> (artifact id: '51ed88796cc58b8d999c5352af3ad822') in 0.0042149 seconds
Start importing Packages/com.unity.render-pipelines.core/Editor/StyleSheets/VolumeEditor.uss using Guid(cd410e8cdc0119a46a753f48e79c8d07) (ScriptedImporter) -> (artifact id: 'd8898c9e2dd005db7a34c2b07878b809') in 0.0059434 seconds
Start importing Packages/com.unity.render-pipelines.universal/Editor/2D/LightBatchingDebugger/LightBatchingDebugger.uss using Guid(fd5cb3dd3de574f1585db92b6689f86a) (ScriptedImporter) -> (artifact id: '591e83fe988f751d12495dab6becdc18') in 0.0050477 seconds
Start importing Packages/com.unity.render-pipelines.core/Editor/StyleSheets/HeaderFoldoutDark.uss using Guid(2e54b39aedaf3ae4a866b97489135739) (ScriptedImporter) -> (artifact id: 'cb50934265c48081fcf5e4796abe869c') in 0.0037838 seconds
Start importing Packages/com.unity.ai.navigation/Editor/ConversionSystem/converter_editor.uss using Guid(3eb99c80b411349188e1e5167887ac6c) (ScriptedImporter) -> (artifact id: '5cd23d48da9d8c72f3249bea3ea4bce8') in 0.0040109 seconds
Start importing Packages/com.unity.inputsystem/InputSystem/Editor/UITKAssetEditor/Resources/InputAssetEditorLight.uss using Guid(5e7024ed0fd03984289320d04507bc0c) (ScriptedImporter) -> (artifact id: '3c34b2509867b1e15ca193991473980f') in 0.0037992 seconds
Start importing Packages/com.unity.shadergraph/Editor/Resources/Styles/Controls/ColorRGBSlotControlView.uss using Guid(5f9f1162b05e46646805842469135609) (ScriptedImporter) -> (artifact id: '152d64768f0c646af08131e2e6c53cb7') in 0.0038033 seconds
Start importing Packages/com.unity.render-pipelines.universal/Editor/Converter/converter_widget.uss using Guid(8f9ac38644e5f664ab13b4b78f1f3faa) (ScriptedImporter) -> (artifact id: '3c0167ca4a277ea525a716592e117b46') in 0.0027328 seconds
Start importing Packages/com.unity.render-pipelines.core/Editor/StyleSheets/RenderGraphViewer.uss using Guid(cf3ac3446e9c4333b9d16ece5c21317d) (ScriptedImporter) -> (artifact id: '7c24875a6a81b8efc309efaba0dccc28') in 0.0121302 seconds
Start importing Packages/com.unity.cinemachine/Runtime/Debug/CinemachineRuntimeTheme.tss using Guid(df9aec944f4474a04847b6d6375e4138) (ScriptedImporter) -> (artifact id: '21abdbf842ab5eecfe6b27ef790c3e4e') in 0.033972 seconds
Start importing Packages/com.unity.render-pipelines.core/Editor/UXML/RenderGraphViewer.uxml using Guid(00387952e4f43ec45a9084e579a44e4e) (ScriptedImporter) -> (artifact id: '1d74eca0c82931aced33a85234ec4e6d') in 0.0298995 seconds
Start importing Packages/com.unity.inputsystem/InputSystem/Editor/UITKAssetEditor/Resources/ControlSchemeEditor.uxml using Guid(303ef5b13740f9a4db252c50122d2c62) (ScriptedImporter) -> (artifact id: '39ff81b4b29b9c97eec123c72fdf96b3') in 0.0123042 seconds
Start importing Packages/com.unity.shadergraph/Editor/Resources/UXML/Blackboard/SGBlackboardRow.uxml using Guid(5029c7a42d2731a4599f3f85f37ea5a9) (ScriptedImporter) -> (artifact id: '7a8bf39fc2abe8716efa1b8961fe143e') in 0.0049118 seconds
Start importing Packages/com.unity.render-pipelines.universal/Editor/Converter/converter_widget_item.uxml using Guid(c04b8c76151329e42929df320c5901fe) (ScriptedImporter) -> (artifact id: '83cfb7e0780ffab2ebfd3ec6f41ff25d') in 0.0089159 seconds
Start importing Packages/com.unity.render-pipelines.core/Editor/UXML/DefaultVolumeProfileEditor.uxml using Guid(d0b4821bb729cd24fbbe0af5feaa73ab) (ScriptedImporter) -> (artifact id: '4c8c42438a0ed4741c209bd53e7e0f9f') in 0.0065537 seconds
Start importing Packages/com.unity.splines/Editor/Editor Resources/UI/UXML/splineanimate-inspector.uxml using Guid(910bf23ae6a63488796235071cb3dd65) (ScriptedImporter) -> (artifact id: 'a2e34808574941e6fabd9bad4995da05') in 0.0124175 seconds
Start importing Packages/com.unity.render-pipelines.core/Editor/UXML/VolumeEditor.uxml using Guid(d367e3b92ff05ac4eb99950f44cc0333) (ScriptedImporter) -> (artifact id: 'b4d32651cc7e19a77b637c1e0c5e87d4') in 0.0071416 seconds
Start importing Packages/com.unity.shadergraph/Editor/Resources/UXML/Blackboard/SGBlackboardField.uxml using Guid(f339e526c7fc4e14daae8819172de9de) (ScriptedImporter) -> (artifact id: 'd8afacb245fd1d2d6344373f7b6b1335') in 0.0047674 seconds
Start importing Packages/com.unity.inputsystem/InputSystem/Editor/UITKAssetEditor/Resources/BindingPanelRowTemplate.uxml using Guid(449c8e5ca27af8e4a9db710c8be5e4df) (ScriptedImporter) -> (artifact id: '3f35e5367dc65c9cdd7bbeebf00d2606') in 0.00586 seconds
Start importing Packages/com.unity.shadergraph/Editor/Resources/UXML/TabButton.uxml using Guid(c4d07963851f89b48822d6273b3b3e1e) (ScriptedImporter) -> (artifact id: 'c9cd07a9f2a84cb344c10f468a016adc') in 0.0039431 seconds
Start importing Packages/com.unity.shadergraph/Editor/Resources/UXML/StickyNote.uxml using Guid(d4cc9867eee425f4dac7d5bb91f07845) (ScriptedImporter) -> (artifact id: 'd9eadae4c0ffaf8ff6905a6194c2c3d0') in 0.0046351 seconds
Start importing Packages/com.unity.inputsystem/InputSystem/Editor/UITKAssetEditor/Resources/InputActionsTreeViewItem.uxml using Guid(452df07a8ad0c944c879a484d5890e61) (ScriptedImporter) -> (artifact id: 'c5e4338019399605855ad4221d09519e') in 0.0056961 seconds
Start importing Packages/com.unity.inputsystem/InputSystem/Editor/UITKAssetEditor/Resources/InputActionsProjectSettings.uxml using Guid(75a33987e21d5ac449deecea3dcd864f) (ScriptedImporter) -> (artifact id: '0a1215897f20233e9293d058a7f9ee94') in 0.0071196 seconds
Start importing Packages/com.unity.render-pipelines.universal/Editor/2D/LightBatchingDebugger/LayerBatch.uxml using Guid(754a67c6d4788447895a4349508b2f37) (ScriptedImporter) -> (artifact id: '7f3918e61dff83183902769371e5f847') in 0.0055605 seconds
Start importing Packages/com.unity.inputsystem/InputSystem/Editor/UITKAssetEditor/Resources/InputActionsEditor.uxml using Guid(c662e0d3cc3c4f948808f9847f715ef2) (ScriptedImporter) -> (artifact id: 'aec3bd3c7368c33f8f1ad515be94eb51') in 0.0134781 seconds
Start importing Packages/com.unity.ai.navigation/Editor/ConversionSystem/converter_widget_item.uxml using Guid(d6de7697d63d64fabbfb31425d93541e) (ScriptedImporter) -> (artifact id: '07742f2dd24c97a51bddd9e95a299cb3') in 0.0060091 seconds
Start importing Packages/com.unity.shadergraph/Editor/Resources/UXML/NodeSettings.uxml using Guid(b70651993c98eda43810c32b7416a21b) (ScriptedImporter) -> (artifact id: '627ea04b09c65f646cfe729761ac0d0f') in 0.0043661 seconds
Start importing Packages/com.unity.render-pipelines.universal/Editor/Converter/converter_editor.uxml using Guid(c700399f2adb2504dac99f1139d658f3) (ScriptedImporter) -> (artifact id: 'cc5322631fbc8bf0722c3baaa383fb0b') in 0.0080391 seconds
Start importing Packages/com.unity.render-pipelines.universal/Editor/Converter/converter_widget.uxml using Guid(3893b5ea9974b9549aefa44bd1b99e24) (ScriptedImporter) -> (artifact id: '02f86aa9e6fb583711b8483177308e24') in 0.008787 seconds
Start importing Packages/com.unity.shadergraph/Editor/Resources/UXML/HeatmapValuesEditor.uxml using Guid(781e1a409e314b1fb13e3605a69680ba) (ScriptedImporter) -> (artifact id: '109a62815b237ae964fa87e7862e544f') in 0.0062069 seconds
Start importing Packages/com.unity.shadergraph/Editor/Resources/UXML/Blackboard/SGBlackboardCategory.uxml using Guid(98cf1ee902c59944796b97562a34faee) (ScriptedImporter) -> (artifact id: '9c7a54a2110934d45851be90583aa2c1') in 0.007304 seconds
Start importing Packages/com.unity.render-pipelines.core/Editor/UXML/RenderPipelineGlobalSettings.uxml using Guid(d8d5beb40e5c9f94f95d805868251329) (ScriptedImporter) -> (artifact id: 'e8b8456c73e932e7f5b498665f8a4949') in 0.0052567 seconds
Start importing Packages/com.unity.searcher/Editor/Resources/SearcherItem.uxml using Guid(793d6318ba59ca94381b936836fe697d) (ScriptedImporter) -> (artifact id: '7b4ac553f02f36564013d1efecb72421') in 0.0043914 seconds
Start importing Packages/com.unity.ai.navigation/Editor/ConversionSystem/converter_widget.uxml using Guid(aaa3e510761864dac9b71f85526490d6) (ScriptedImporter) -> (artifact id: 'f9516c24dd35f9c4dcadd8ecdb3b45b4') in 0.006609 seconds
Start importing Packages/com.unity.searcher/Editor/Resources/SearcherWindow.uxml using Guid(da37dcca55e437b4a9eeebff722ad51f) (ScriptedImporter) -> (artifact id: '6a9e085b6f05e4ff4da0bc2d9648c6aa') in 0.0051662 seconds
Start importing Packages/com.unity.inputsystem/InputSystem/Editor/UITKAssetEditor/Resources/CompositeBindingPropertiesEditor.uxml using Guid(2bd2d0548382d58489e8c2999daf4139) (ScriptedImporter) -> (artifact id: 'd23d40c033a4141e2d8ee21a2df35e97') in 0.0050527 seconds
Start importing Packages/com.unity.render-pipelines.universal/Editor/Converter/converter_widget_main.uxml using Guid(9b40f22c604c94f438696f75a42873eb) (ScriptedImporter) -> (artifact id: '568be5f5636f3b6b2c3c3d814a187ac3') in 0.0078649 seconds
Start importing Packages/com.unity.inputsystem/InputSystem/Editor/UITKAssetEditor/Resources/NameAndParameterListViewItemTemplate.uxml using Guid(9cbd73d51dc491b4888055ae65cd9545) (ScriptedImporter) -> (artifact id: '0203dcf9de8cecff7eb4d1b057b0fd4b') in 0.0044239 seconds
Start importing Packages/com.unity.inputsystem/InputSystem/Editor/UITKAssetEditor/Resources/CompositePartBindingPropertiesEditor.uxml using Guid(acfae125fa5d7904987a696b3993d432) (ScriptedImporter) -> (artifact id: '9812de2acff3acffc97538d1793bbf88') in 0.004694 seconds
Start importing Packages/com.unity.shadergraph/Editor/Resources/UXML/GraphInspector.uxml using Guid(dcf0e02f89cf7c848a22002b79ce27d3) (ScriptedImporter) -> (artifact id: '8caee3711443d49ca0fa413be6da9971') in 0.0057993 seconds
Start importing Packages/com.unity.ai.navigation/Editor/ConversionSystem/converter_editor.uxml using Guid(cd1eb3c3c695c494d855ea678fe7395b) (ScriptedImporter) -> (artifact id: '056a7c99f13459e02833c862f3b93e4e') in 0.0056051 seconds
Start importing Packages/com.unity.shadergraph/Editor/Resources/UXML/GraphSubWindow.uxml using Guid(2e461625111c0354980fca534f771ff3) (ScriptedImporter) -> (artifact id: '5ef49b9674ebd26c713204c86ed6072d') in 0.0042684 seconds
Start importing Packages/com.unity.shadergraph/Editor/Resources/UXML/Blackboard/SGBlackboard.uxml using Guid(4ee4ce39889d8db4d8c49aa84772cd12) (ScriptedImporter) -> (artifact id: '496bf9701d50cd1ab7d8be3b24251311') in 0.0047561 seconds
Start importing Packages/com.unity.shadergraph/Editor/Resources/UXML/Resizable.uxml using Guid(8ec4570e052fbb34bbe8d52d99e76d07) (ScriptedImporter) -> (artifact id: '8fadc2a068478c92155e5980326eb1d2') in 0.0045732 seconds
Start importing Packages/com.unity.shadergraph/Editor/Resources/UXML/PixelCacheProfiler.uxml using Guid(0fda1aff5a5744478f70542e95fd3d42) (ScriptedImporter) -> (artifact id: 'a5004c06f9c3fa3c7765eff3b9216ed2') in 0.0070473 seconds
Start importing Packages/com.unity.inputsystem/InputSystem/Editor/UITKAssetEditor/Resources/InputActionMapsTreeViewItem.uxml using Guid(3fa44185ed614414ebab354dfe5a06b6) (ScriptedImporter) -> (artifact id: 'f89568a216676fc64354f91f08706e3c') in 0.0050238 seconds
Start importing Packages/com.unity.render-pipelines.universal/Editor/2D/LightBatchingDebugger/LightBatchingDebugger.uxml using Guid(7f54b2764826949c192810bd3944abcc) (ScriptedImporter) -> (artifact id: '8969a2431ff425fed081c9487d0ff43e') in 0.0076516 seconds
Shader 'Universal Render Pipeline/Terrain/Lit': dependency 'AddPassShader' shader 'Hidden/Universal Render Pipeline/Terrain/Lit (Add Pass)' not found
Shader 'Universal Render Pipeline/Terrain/Lit': dependency 'BaseMapShader' shader 'Hidden/Universal Render Pipeline/Terrain/Lit (Base Pass)' not found
Shader 'Universal Render Pipeline/Terrain/Lit': dependency 'BaseMapGenShader' shader 'Hidden/Universal Render Pipeline/Terrain/Lit (Basemap Gen)' not found
WARNING: Shader Unsupported: 'Universal Render Pipeline/Terrain/Lit' - All subshaders removed
WARNING: Shader Did you use #pragma only_renderers and omit this platform?
WARNING: Shader If subshaders removal was intentional, you may have forgotten turning Fallback off?
WARNING: Shader Unsupported: 'Universal Render Pipeline/Terrain/Lit' - All subshaders removed
WARNING: Shader Did you use #pragma only_renderers and omit this platform?
WARNING: Shader If subshaders removal was intentional, you may have forgotten turning Fallback off?
Shader Hidden/ProbeVolume/VoxelizeScene is not supported: GPU does not support conservative rasterization
Shader 'Universal Render Pipeline/Nature/SpeedTree7': dependency 'BillboardShader' shader 'Universal Render Pipeline/Nature/SpeedTree7 Billboard' not found
WARNING: Shader Unsupported: 'Hidden/Universal Render Pipeline/Terrain/Lit (Base Pass)' - All subshaders removed
WARNING: Shader Did you use #pragma only_renderers and omit this platform?
WARNING: Shader If subshaders removal was intentional, you may have forgotten turning Fallback off?
WARNING: Shader Unsupported: 'Hidden/Universal Render Pipeline/Terrain/Lit (Base Pass)' - All subshaders removed
WARNING: Shader Did you use #pragma only_renderers and omit this platform?
WARNING: Shader If subshaders removal was intentional, you may have forgotten turning Fallback off?
Shader Hidden/ProbeVolume/VoxelizeScene is not supported: GPU does not support conservative rasterization
Launched and connected shader compiler UnityShaderCompiler.exe after 0.01 seconds
Launched and connected shader compiler UnityShaderCompiler.exe after 0.01 seconds
Launched and connected shader compiler UnityShaderCompiler.exe after 0.02 seconds
Launched and connected shader compiler UnityShaderCompiler.exe after 0.01 seconds
Launched and connected shader compiler UnityShaderCompiler.exe after 0.02 seconds
Launched and connected shader compiler UnityShaderCompiler.exe after 0.02 seconds
Launched and connected shader compiler UnityShaderCompiler.exe after 0.02 seconds
Launched and connected shader compiler UnityShaderCompiler.exe after 0.02 seconds
Launched and connected shader compiler UnityShaderCompiler.exe after 0.02 seconds
Launched and connected shader compiler UnityShaderCompiler.exe after 0.05 seconds
Loading style catalogs (6)
	StyleSheets/Extensions/base/common.uss
	UIPackageResources/StyleSheets/Default/Variables/Public/common.uss
	StyleSheets/Northstar/common.uss
	StyleSheets/Extensions/fonts/inter.uss
	StyleSheets/Extensions/base/dark.uss
	UIPackageResources/StyleSheets/Default/Northstar/Palette/dark.uss
Launched and connected shader compiler UnityShaderCompiler.exe after 0.07 seconds
Refreshing native plugins compatible for Editor in 0.61 ms, found 0 plugins.
Preloading 0 native plugins for Editor in 0.00 ms.
Asset Pipeline Refresh (id=f66e64803f017b440aaeda15d6b719ab): Total: 90.221 seconds - Initiated by InitialRefreshV2(ForceSynchronousImport)
	Summary:
		Imports: total=2444 (actual=2444, local cache=0, cache server=0)
		Asset DB Process Time: managed=458 ms, native=21099 ms
		Asset DB Callback time: managed=2051 ms, native=49615 ms
		Scripting: domain reloads=1, domain reload time=4983 ms, compile time=11968 ms, other=43 ms
		Project Asset Count: scripts=826, non-scripts=1618
		Asset File Changes: new=6326, changed=6326, moved=0, deleted=0
		Scan Filter Count: 0
	InvokeCustomDependenciesCallbacks: 0.001ms
	InvokePackagesCallback: 48913.786ms
	ApplyChangesToAssetFolders: 1.815ms
	Scan: 4039.156ms
	OnSourceAssetsModified: 63.737ms
	CategorizeAssetsWithTransientArtifact: 26.302ms
	ProcessAssetsWithTransientArtifactChanges: 61.365ms
	CategorizeAssets: 11.997ms
	ImportOutOfDateAssets: 17260.487ms (-10755.753ms without children)
		ImportManagerImport: 16047.153ms (384.815ms without children)
			ImportInProcess: 15646.051ms
			UpdateCategorizedAssets: 16.288ms
		CompileScripts: 11967.824ms
		ReloadNativeAssets: 0.000ms
		UnloadImportedAssets: 0.459ms
		ReloadImportedAssets: 0.245ms
		EnsureUptoDateAssetsAreRegisteredWithGuidPM: 0.209ms
		InitializingProgressBar: 0.005ms
		PostProcessAllAssetNotificationsAddChangedAssets: 0.000ms
		OnDemandSchedulerStart: 0.343ms
	PostProcessAllAssets: 2676.749ms
	Hotreload: 30.519ms
	GatherAllCurrentPrimaryArtifactRevisions: 0.001ms
	UnloadStreamsBegin: 0.267ms
	PersistCurrentRevisions: 2.997ms
	UnloadStreamsEnd: 0.046ms
	GenerateScriptTypeHashes: 1.737ms
	Untracked: 17131.409ms

Application.AssetDatabase Initial Refresh End
Scanning for USB devices : 2.812ms
Initializing Unity extensions:
[MODES] ModeService[none].Initialize
[MODES] ModeService[none].LoadModes
[MODES] Loading mode Default (0) for mode-current-id-islandlasthope
Unloading 310 Unused Serialized files (Serialized files now loaded: 0)
Unloading 5311 unused Assets / (41.8 MB). Loaded Objects now: 4617.
Memory consumption went from 337.1 MB to 295.3 MB.
Total: 2643.079900 ms (FindLiveObjects: 1.090700 ms CreateObjectMapping: 1.304700 ms MarkObjects: 21.512200 ms  DeleteObjects: 2619.169500 ms)

[Licensing::Client] Successfully resolved entitlement details
Unloading 1 Unused Serialized files (Serialized files now loaded: 0)
Unloading 0 unused Assets / (34.6 KB). Loaded Objects now: 4621.
Memory consumption went from 279.7 MB to 279.7 MB.
Total: 23.938700 ms (FindLiveObjects: 0.450700 ms CreateObjectMapping: 0.420600 ms MarkObjects: 23.042500 ms  DeleteObjects: 0.023400 ms)

Start importing Assets/Scenes/Main.unity using Guid(1c526a6b7e1fb6c48a0c34c2eea58f57) (DefaultImporter) -> (artifact id: '3fb8d7e8ef9c6c5e36615ad1a03550d7') in 0.0016954 seconds
Refreshing native plugins compatible for Editor in 0.46 ms, found 0 plugins.
Preloading 0 native plugins for Editor in 0.00 ms.
Asset Pipeline Refresh (id=cd71b51904d49eb40aa25535e959567f): Total: 0.099 seconds - Initiated by StopAssetImportingV2(NoUpdateAssetOptions)
✅ Island Last Hope sahnesi hazır! Play'e basabilirsin. 70 gün, Mara, silahlar bağlandı.
UnityEngine.Debug:ExtractStackTraceNoAlloc (byte*,int,string)
UnityEngine.StackTraceUtility:ExtractStackTrace ()
UnityEngine.DebugLogHandler:Internal_Log (UnityEngine.LogType,UnityEngine.LogOption,string,UnityEngine.Object)
UnityEngine.DebugLogHandler:LogFormat (UnityEngine.LogType,UnityEngine.Object,string,object[])
UnityEngine.Logger:Log (UnityEngine.LogType,object)
UnityEngine.Debug:Log (object)
AutoSetup:Setup () (at Assets/Editor/AutoSetup.cs:110)

(Filename: Assets/Editor/AutoSetup.cs Line: 110)

Batchmode quit successfully invoked - shutting down!
[Physics::Module] Cleanup current backned.
[Physics::Module] Id: 0xf2b8ea05
Input System module state changed to: ShutdownInProgress.
Input System polling thread exited.
Input System module state changed to: Shutdown.
[Licensing::IpcConnector] LicenseClient-Kilinc-notifications channel disconnected successfully.
[Licensing::IpcConnector] LicenseClient-Kilinc channel disconnected successfully.
AcceleratorClientConnectionCallback - disconnected - :0
Cleanup mono
abort_threads: Failed aborting id: 00000000000058B4, mono_thread_manage will ignore it

abort_threads: Failed aborting id: 0000000000004C2C, mono_thread_manage will ignore it

abort_threads: Failed aborting id: 0000000000000A1C, mono_thread_manage will ignore it

abort_threads: Failed aborting id: 00000000000058B4, mono_thread_manage will ignore it

abort_threads: Failed aborting id: 0000000000004C2C, mono_thread_manage will ignore it

abort_threads: Failed aborting id: 0000000000000A1C, mono_thread_manage will ignore it

debugger-agent: Unable to listen on 3204
Exiting batchmode successfully now!
Exiting without the bug reporter. Application will terminate with return code 0